#VRML V2.0 utf8
Transform {
  children [
    Shape {
      appearance Appearance {
        material Material {
          diffuseColor 0.200 0.200 0.200
          specularColor 0.050 0.050 0.050
          shininess 0.15
        }
      }
      geometry IndexedFaceSet {
        creaseAngle 0.785398
        solid TRUE
        coord Coordinate { point [
          -1.7500 8.1454 -6.6500,
          -1.7500 8.5454 -6.6500,
          -1.0000 7.5434 -6.6500,
          -2.5000 9.1474 -6.6500,
          -2.5000 9.9474 -6.6500,
          1.0000 7.5434 -6.6500,
          -1.0000 7.2500 -6.6500,
          1.0000 7.2500 -6.6500,
          -3.5000 10.7500 -6.6500,
          -3.5000 12.7500 -6.6500,
          1.7500 8.5454 -6.6500,
          1.7500 8.1454 -6.6500,
          2.5000 9.9474 -6.6500,
          2.5000 9.1474 -6.6500,
          3.5000 12.7500 -6.6500,
          3.5000 10.7500 -6.6500,
        ] }
        coordIndex [
          0 1 2 -1,
          3 4 1 -1,
          2 5 6 -1,
          6 5 7 -1,
          8 9 4 -1,
          5 10 11 -1,
          2 10 5 -1,
          1 10 2 -1,
          10 12 13 -1,
          4 12 1 -1,
          1 12 10 -1,
          12 14 15 -1,
          9 14 4 -1,
          4 14 12 -1,
        ]
      }
    }
    Shape {
      appearance Appearance {
        material Material {
          diffuseColor 0.200 0.200 0.200
          specularColor 0.050 0.050 0.050
          shininess 0.15
        }
      }
      geometry IndexedFaceSet {
        creaseAngle 0.785398
        solid TRUE
        coord Coordinate { point [
          3.5000 12.7500 -5.0000,
          3.5000 12.7500 -6.6500,
          -3.5000 12.7500 -5.0000,
          -3.5000 12.7500 -6.6500,
        ] }
        coordIndex [
          0 1 2 -1,
          2 1 3 -1,
        ]
      }
    }
    Shape {
      appearance Appearance {
        material Material {
          diffuseColor 0.200 0.200 0.200
          specularColor 0.050 0.050 0.050
          shininess 0.15
        }
      }
      geometry IndexedFaceSet {
        creaseAngle 0.785398
        solid TRUE
        coord Coordinate { point [
          3.5000 12.7500 -6.6500,
          3.5000 12.7500 -5.0000,
          3.5000 10.7500 -6.6500,
          3.5000 10.7500 -5.0000,
        ] }
        coordIndex [
          0 1 2 -1,
          2 1 3 -1,
        ]
      }
    }
    Shape {
      appearance Appearance {
        material Material {
          diffuseColor 0.200 0.200 0.200
          specularColor 0.050 0.050 0.050
          shininess 0.15
        }
      }
      geometry IndexedFaceSet {
        creaseAngle 0.785398
        solid TRUE
        coord Coordinate { point [
          3.5000 10.7500 -5.0000,
          2.5000 9.9474 -5.0000,
          3.5000 10.7500 -6.6500,
          2.5000 9.9474 -6.6500,
        ] }
        coordIndex [
          0 1 2 -1,
          2 1 3 -1,
        ]
      }
    }
    Shape {
      appearance Appearance {
        material Material {
          diffuseColor 0.200 0.200 0.200
          specularColor 0.050 0.050 0.050
          shininess 0.15
        }
      }
      geometry IndexedFaceSet {
        creaseAngle 0.785398
        solid TRUE
        coord Coordinate { point [
          2.5000 9.9474 -6.6500,
          2.5000 9.1474 -5.0000,
          2.5000 9.1474 -6.6500,
          2.5000 9.9474 -5.0000,
        ] }
        coordIndex [
          0 1 2 -1,
          0 3 1 -1,
        ]
      }
    }
    Shape {
      appearance Appearance {
        material Material {
          diffuseColor 0.200 0.200 0.200
          specularColor 0.050 0.050 0.050
          shininess 0.15
        }
      }
      geometry IndexedFaceSet {
        creaseAngle 0.785398
        solid TRUE
        coord Coordinate { point [
          2.5000 9.1474 -5.0000,
          1.7500 8.5454 -5.0000,
          2.5000 9.1474 -6.6500,
          1.7500 8.5454 -6.6500,
        ] }
        coordIndex [
          0 1 2 -1,
          2 1 3 -1,
        ]
      }
    }
    Shape {
      appearance Appearance {
        material Material {
          diffuseColor 0.200 0.200 0.200
          specularColor 0.050 0.050 0.050
          shininess 0.15
        }
      }
      geometry IndexedFaceSet {
        creaseAngle 0.785398
        solid TRUE
        coord Coordinate { point [
          1.7500 8.5454 -6.6500,
          1.7500 8.5454 -5.0000,
          1.7500 8.1454 -6.6500,
          1.7500 8.1454 -5.0000,
        ] }
        coordIndex [
          0 1 2 -1,
          2 1 3 -1,
        ]
      }
    }
    Shape {
      appearance Appearance {
        material Material {
          diffuseColor 0.200 0.200 0.200
          specularColor 0.050 0.050 0.050
          shininess 0.15
        }
      }
      geometry IndexedFaceSet {
        creaseAngle 0.785398
        solid TRUE
        coord Coordinate { point [
          1.7500 8.1454 -5.0000,
          1.0000 7.5434 -5.0000,
          1.7500 8.1454 -6.6500,
          1.0000 7.5434 -6.6500,
        ] }
        coordIndex [
          0 1 2 -1,
          2 1 3 -1,
        ]
      }
    }
    Shape {
      appearance Appearance {
        material Material {
          diffuseColor 0.200 0.200 0.200
          specularColor 0.050 0.050 0.050
          shininess 0.15
        }
      }
      geometry IndexedFaceSet {
        creaseAngle 0.785398
        solid TRUE
        coord Coordinate { point [
          1.0000 7.5434 -5.0000,
          1.0000 7.2500 -5.0000,
          1.0000 7.5434 -6.6500,
          1.0000 7.2500 -6.6500,
        ] }
        coordIndex [
          0 1 2 -1,
          2 1 3 -1,
        ]
      }
    }
    Shape {
      appearance Appearance {
        material Material {
          diffuseColor 0.200 0.200 0.200
          specularColor 0.050 0.050 0.050
          shininess 0.15
        }
      }
      geometry IndexedFaceSet {
        creaseAngle 0.785398
        solid TRUE
        coord Coordinate { point [
          1.0000 7.2500 -6.6500,
          1.0000 7.2500 -5.0000,
          -1.0000 7.2500 -6.6500,
          -1.0000 7.2500 -5.0000,
        ] }
        coordIndex [
          0 1 2 -1,
          2 1 3 -1,
        ]
      }
    }
    Shape {
      appearance Appearance {
        material Material {
          diffuseColor 0.200 0.200 0.200
          specularColor 0.050 0.050 0.050
          shininess 0.15
        }
      }
      geometry IndexedFaceSet {
        creaseAngle 0.785398
        solid TRUE
        coord Coordinate { point [
          -1.0000 7.2500 -5.0000,
          -1.0000 7.5434 -5.0000,
          -1.0000 7.2500 -6.6500,
          -1.0000 7.5434 -6.6500,
        ] }
        coordIndex [
          0 1 2 -1,
          2 1 3 -1,
        ]
      }
    }
    Shape {
      appearance Appearance {
        material Material {
          diffuseColor 0.200 0.200 0.200
          specularColor 0.050 0.050 0.050
          shininess 0.15
        }
      }
      geometry IndexedFaceSet {
        creaseAngle 0.785398
        solid TRUE
        coord Coordinate { point [
          -1.0000 7.5434 -5.0000,
          -1.7500 8.1454 -5.0000,
          -1.0000 7.5434 -6.6500,
          -1.7500 8.1454 -6.6500,
        ] }
        coordIndex [
          0 1 2 -1,
          2 1 3 -1,
        ]
      }
    }
    Shape {
      appearance Appearance {
        material Material {
          diffuseColor 0.200 0.200 0.200
          specularColor 0.050 0.050 0.050
          shininess 0.15
        }
      }
      geometry IndexedFaceSet {
        creaseAngle 0.785398
        solid TRUE
        coord Coordinate { point [
          -1.7500 8.5454 -5.0000,
          -1.7500 8.5454 -6.6500,
          -1.7500 8.1454 -5.0000,
          -1.7500 8.1454 -6.6500,
        ] }
        coordIndex [
          0 1 2 -1,
          2 1 3 -1,
        ]
      }
    }
    Shape {
      appearance Appearance {
        material Material {
          diffuseColor 0.200 0.200 0.200
          specularColor 0.050 0.050 0.050
          shininess 0.15
        }
      }
      geometry IndexedFaceSet {
        creaseAngle 0.785398
        solid TRUE
        coord Coordinate { point [
          -1.7500 8.5454 -5.0000,
          -2.5000 9.1474 -5.0000,
          -1.7500 8.5454 -6.6500,
          -2.5000 9.1474 -6.6500,
        ] }
        coordIndex [
          0 1 2 -1,
          2 1 3 -1,
        ]
      }
    }
    Shape {
      appearance Appearance {
        material Material {
          diffuseColor 0.200 0.200 0.200
          specularColor 0.050 0.050 0.050
          shininess 0.15
        }
      }
      geometry IndexedFaceSet {
        creaseAngle 0.785398
        solid TRUE
        coord Coordinate { point [
          -2.5000 9.9474 -5.0000,
          -2.5000 9.9474 -6.6500,
          -2.5000 9.1474 -5.0000,
          -2.5000 9.1474 -6.6500,
        ] }
        coordIndex [
          0 1 2 -1,
          2 1 3 -1,
        ]
      }
    }
    Shape {
      appearance Appearance {
        material Material {
          diffuseColor 0.200 0.200 0.200
          specularColor 0.050 0.050 0.050
          shininess 0.15
        }
      }
      geometry IndexedFaceSet {
        creaseAngle 0.785398
        solid TRUE
        coord Coordinate { point [
          -2.5000 9.9474 -5.0000,
          -3.5000 10.7500 -5.0000,
          -2.5000 9.9474 -6.6500,
          -3.5000 10.7500 -6.6500,
        ] }
        coordIndex [
          0 1 2 -1,
          2 1 3 -1,
        ]
      }
    }
    Shape {
      appearance Appearance {
        material Material {
          diffuseColor 0.200 0.200 0.200
          specularColor 0.050 0.050 0.050
          shininess 0.15
        }
      }
      geometry IndexedFaceSet {
        creaseAngle 0.785398
        solid TRUE
        coord Coordinate { point [
          -3.5000 12.7500 -5.0000,
          -3.5000 12.7500 -6.6500,
          -3.5000 10.7500 -5.0000,
          -3.5000 10.7500 -6.6500,
        ] }
        coordIndex [
          0 1 2 -1,
          2 1 3 -1,
        ]
      }
    }
    Shape {
      appearance Appearance {
        material Material {
          diffuseColor 0.200 0.200 0.200
          specularColor 0.050 0.050 0.050
          shininess 0.15
        }
      }
      geometry IndexedFaceSet {
        creaseAngle 0.785398
        solid TRUE
        coord Coordinate { point [
          -1.7500 8.5454 -5.0000,
          -1.7500 8.1454 -5.0000,
          -1.0000 7.5434 -5.0000,
          -2.5000 9.9474 -5.0000,
          -2.5000 9.1474 -5.0000,
          1.0000 7.5434 -5.0000,
          -1.0000 7.2500 -5.0000,
          1.0000 7.2500 -5.0000,
          -3.5000 12.7500 -5.0000,
          -3.5000 10.7500 -5.0000,
          1.7500 8.5454 -5.0000,
          1.7500 8.1454 -5.0000,
          2.5000 9.9474 -5.0000,
          2.5000 9.1474 -5.0000,
          3.5000 12.7500 -5.0000,
          3.5000 10.7500 -5.0000,
        ] }
        coordIndex [
          0 1 2 -1,
          3 4 0 -1,
          5 2 6 -1,
          5 6 7 -1,
          8 9 3 -1,
          10 5 11 -1,
          10 2 5 -1,
          10 0 2 -1,
          12 10 13 -1,
          12 3 0 -1,
          12 0 10 -1,
          14 12 15 -1,
          14 8 3 -1,
          14 3 12 -1,
        ]
      }
    }
    Shape {
      appearance Appearance {
        material Material {
          diffuseColor 0.200 0.200 0.200
          specularColor 0.050 0.050 0.050
          shininess 0.15
        }
      }
      geometry IndexedFaceSet {
        creaseAngle 0.785398
        solid TRUE
        coord Coordinate { point [
          -0.9891 10.0000 -6.6973,
          -0.9988 9.9502 -6.6500,
          -1.0000 10.0000 -6.6500,
          -0.1748 9.9913 -7.4379,
          -0.2228 10.0000 -7.4293,
          -0.1750 10.0000 -7.4379,
          0.9891 10.0000 -6.6973,
          1.0000 10.0000 -6.6500,
          0.9988 9.9502 -6.6500,
          0.1750 10.0000 -7.4379,
          0.2228 10.0000 -7.4293,
          0.1748 9.9913 -7.4379,
          -0.9719 9.9072 -6.7429,
          -0.9950 9.9004 -6.6500,
          -0.9760 10.0000 -6.7441,
          -0.9606 10.0000 -6.7901,
          -0.9696 9.8853 -6.7429,
          -0.9802 9.8019 -6.6500,
          -0.9888 9.8510 -6.6500,
          -0.9624 9.8861 -6.7654,
          -0.9597 9.8648 -6.7654,
          -0.9520 9.8659 -6.7878,
          -0.9489 9.8452 -6.7878,
          -0.9454 9.8250 -6.7878,
          -0.9373 9.8265 -6.8098,
          -0.7830 9.6737 -7.0106,
          -0.8318 9.7887 -6.9956,
          -0.8143 9.7932 -7.0225,
          -0.7954 9.6686 -6.9903,
          -0.7703 9.6791 -7.0305,
          -0.7959 9.7979 -7.0487,
          -0.7571 9.6846 -7.0501,
          -0.6498 9.3173 -6.8364,
          -0.6617 9.2502 -6.6500,
          -0.6982 9.2841 -6.6500,
          -0.6676 9.3346 -6.8364,
          -0.7435 9.6902 -7.0692,
          -0.7768 9.8027 -7.0742,
          -0.6318 9.3006 -6.8364,
          -0.7294 9.6961 -7.0881,
          -0.7568 9.8078 -7.0992,
          -0.6137 9.2846 -6.8364,
          -0.3113 9.9562 -7.4057,
          -0.4080 10.0000 -7.3718,
          -0.3628 10.0000 -7.3895,
          -0.2897 9.9657 -7.4124,
          -0.3168 10.0000 -7.4050,
          -0.2701 10.0000 -7.4183,
          -0.3103 9.9494 -7.4057,
          -0.3312 9.9387 -7.3986,
          -0.2889 9.9593 -7.4124,
          -0.2670 9.9684 -7.4186,
          -0.1715 9.9653 -7.4379,
          -0.1741 9.9826 -7.4379,
          -0.1730 9.9739 -7.4379,
          -0.3091 9.9428 -7.4057,
          -0.1696 9.9568 -7.4379,
          -0.1672 9.9484 -7.4379,
          -0.1644 9.9401 -7.4379,
          -0.2711 9.7574 -7.3891,
          -0.1341 9.8875 -7.4379,
          -0.1283 9.8810 -7.4379,
          -0.2777 9.7650 -7.3891,
          -0.2645 9.7501 -7.3891,
          -0.2577 9.7432 -7.3891,
          -0.1222 9.8747 -7.4379,
          -0.2508 9.7365 -7.3891,
          -0.1158 9.8688 -7.4379,
          -0.2439 9.7300 -7.3891,
          -0.2369 9.7238 -7.3891,
          -0.1091 9.8632 -7.4379,
          -0.2298 9.7179 -7.3891,
          -0.2226 9.7122 -7.3891,
          -0.1022 9.8579 -7.4379,
          -0.2154 9.7068 -7.3891,
          -0.2080 9.7015 -7.3891,
          -0.0949 9.8530 -7.4379,
          -0.1845 9.6864 -7.3891,
          -0.0875 9.8484 -7.4379,
          -0.1766 9.6819 -7.3891,
          -0.0798 9.8443 -7.4379,
          -0.1686 9.6776 -7.3891,
          -0.1606 9.6735 -7.3891,
          -0.0720 9.8405 -7.4379,
          -0.1340 9.6618 -7.3891,
          -0.0639 9.8371 -7.4379,
          -0.1255 9.6585 -7.3891,
          -0.0557 9.8341 -7.4379,
          -0.1169 9.6555 -7.3891,
          -0.1083 9.6527 -7.3891,
          -0.0474 9.8315 -7.4379,
          -0.0997 9.6501 -7.3891,
          -0.0389 9.8294 -7.4379,
          -0.0706 9.6431 -7.3891,
          -0.0304 9.8277 -7.4379,
          -0.0617 9.6414 -7.3891,
          -0.0527 9.6400 -7.3891,
          -0.0218 9.8264 -7.4379,
          -0.0438 9.6388 -7.3891,
          -0.0131 9.8255 -7.4379,
          0.9786 9.9065 -6.7201,
          0.9950 9.9004 -6.6500,
          0.9888 9.8510 -6.6500,
          0.9696 9.8853 -6.7429,
          0.9802 9.8019 -6.6500,
          0.9489 9.8452 -6.7878,
          0.9597 9.8648 -6.7654,
          0.9454 9.8250 -6.7878,
          -0.0136 9.6364 -7.3891,
          -0.0044 9.8251 -7.4379,
          0.9805 9.9291 -6.7201,
          0.9760 10.0000 -6.7441,
          0.9373 9.8265 -6.8098,
          0.9719 9.9072 -6.7429,
          0.9606 10.0000 -6.7901,
          0.9624 9.8861 -6.7654,
          -0.0045 9.6362 -7.3891,
          0.9520 9.8659 -6.7878,
          0.0045 9.6362 -7.3891,
          0.0044 9.8251 -7.4379,
          0.0136 9.6364 -7.3891,
          0.0131 9.8255 -7.4379,
          0.0438 9.6388 -7.3891,
          0.0218 9.8264 -7.4379,
          0.0527 9.6400 -7.3891,
          0.0304 9.8277 -7.4379,
          0.0617 9.6414 -7.3891,
          0.0706 9.6431 -7.3891,
          0.0389 9.8294 -7.4379,
          0.8318 9.7887 -6.9956,
          0.7954 9.6686 -6.9903,
          0.7830 9.6737 -7.0106,
          0.0997 9.6501 -7.3891,
          0.0474 9.8315 -7.4379,
          0.1083 9.6527 -7.3891,
          0.0557 9.8341 -7.4379,
          0.1169 9.6555 -7.3891,
          0.8143 9.7932 -7.0225,
          0.7703 9.6791 -7.0305,
          0.1255 9.6585 -7.3891,
          0.0639 9.8371 -7.4379,
          0.1340 9.6618 -7.3891,
          0.0720 9.8405 -7.4379,
          0.7959 9.7979 -7.0487,
          0.7571 9.6846 -7.0501,
          0.7435 9.6902 -7.0692,
          0.1606 9.6735 -7.3891,
          0.0798 9.8443 -7.4379,
          0.7768 9.8027 -7.0742,
          0.7294 9.6961 -7.0881,
          0.1686 9.6776 -7.3891,
          0.1766 9.6819 -7.3891,
          0.0875 9.8484 -7.4379,
          0.7568 9.8078 -7.0992,
          0.1845 9.6864 -7.3891,
          0.0949 9.8530 -7.4379,
          0.2080 9.7015 -7.3891,
          0.1022 9.8579 -7.4379,
          0.2154 9.7068 -7.3891,
          0.2226 9.7122 -7.3891,
          0.1091 9.8632 -7.4379,
          0.2298 9.7179 -7.3891,
          0.2369 9.7238 -7.3891,
          0.1158 9.8688 -7.4379,
          0.2439 9.7300 -7.3891,
          0.2508 9.7365 -7.3891,
          0.1222 9.8747 -7.4379,
          0.2577 9.7432 -7.3891,
          0.1283 9.8810 -7.4379,
          0.2645 9.7501 -7.3891,
          0.2711 9.7574 -7.3891,
          0.1341 9.8875 -7.4379,
          0.2777 9.7650 -7.3891,
          0.3091 9.9428 -7.4057,
          0.1644 9.9401 -7.4379,
          0.1672 9.9484 -7.4379,
          0.1696 9.9568 -7.4379,
          0.1715 9.9653 -7.4379,
          0.3103 9.9494 -7.4057,
          0.3312 9.9387 -7.3986,
          0.3113 9.9562 -7.4057,
          0.3628 10.0000 -7.3895,
          0.4080 10.0000 -7.3718,
          0.2889 9.9593 -7.4124,
          0.2897 9.9657 -7.4124,
          0.3168 10.0000 -7.4050,
          0.2701 10.0000 -7.4183,
          0.2670 9.9684 -7.4186,
          0.1730 9.9739 -7.4379,
          0.1741 9.9826 -7.4379,
          -0.9494 9.7439 -6.7189,
          -0.9397 9.6580 -6.6500,
          -0.9556 9.7052 -6.6500,
          -0.9691 9.7532 -6.6500,
          -0.9256 9.9186 -6.8669,
          -0.9430 10.0000 -6.8354,
          -0.9232 10.0000 -6.8797,
          -0.9013 10.0000 -6.9230,
          -0.9027 9.6474 -6.7656,
          -0.9215 9.6116 -6.6500,
          -0.9053 9.7344 -6.8341,
          -0.8515 9.6438 -6.8800,
          -0.8745 9.8968 -6.9597,
          -0.8773 10.0000 -6.9652,
          -0.8935 9.6248 -6.7656,
          -0.9009 9.7357 -6.8451,
          -0.8899 9.8052 -6.9044,
          -0.8840 9.6028 -6.7656,
          -0.9010 9.5661 -6.6500,
          -0.8619 9.8982 -6.9805,
          -0.8512 10.0000 -7.0062,
          -0.8741 9.5815 -6.7656,
          -0.8782 9.5217 -6.6500,
          -0.8489 9.8998 -7.0009,
          -0.8399 9.9008 -7.0144,
          -0.8260 9.9025 -7.0342,
          -0.8233 10.0000 -7.0459,
          -0.8214 9.4726 -6.7434,
          -0.8262 9.4367 -6.6500,
          -0.8533 9.4786 -6.6500,
          -0.8076 9.4516 -6.7434,
          -0.7527 9.4327 -6.8364,
          -0.8069 9.9047 -7.0602,
          -0.7934 10.0000 -7.0842,
          -0.7617 10.0000 -7.1210,
          -0.7934 9.4312 -6.7434,
          -0.7024 9.3715 -6.8364,
          -0.6851 9.3527 -6.8364,
          -0.7194 9.3911 -6.8364,
          -0.7331 9.3198 -6.6500,
          -0.7660 9.3572 -6.6500,
          -0.7971 9.3962 -6.6500,
          -0.7362 9.4115 -6.8364,
          -0.8114 9.5392 -6.8583,
          -0.7334 9.9134 -7.1458,
          -0.7282 10.0000 -7.1562,
          -0.7879 9.5533 -6.9145,
          -0.7164 9.9154 -7.1630,
          -0.6931 10.0000 -7.1897,
          -0.6564 10.0000 -7.2215,
          -0.6383 9.8830 -7.2276,
          -0.6195 9.8864 -7.2427,
          -0.5920 9.7533 -7.2337,
          -0.5744 9.7607 -7.2485,
          -0.6182 10.0000 -7.2515,
          -0.6782 9.7754 -7.1698,
          -0.6375 9.3662 -6.9274,
          -0.6101 9.8882 -7.2500,
          -0.6278 9.3567 -6.9274,
          -0.6183 9.3475 -6.9274,
          -0.6005 9.8899 -7.2572,
          -0.5564 9.7682 -7.2628,
          -0.6088 9.3387 -6.9274,
          -0.5994 9.3302 -6.9274,
          -0.5902 9.3220 -6.9274,
          -0.5810 9.8935 -7.2713,
          -0.5381 9.7758 -7.2767,
          -0.5786 10.0000 -7.2796,
          -0.6643 9.7232 -7.1647,
          -0.6085 9.6214 -7.1675,
          -0.5810 9.3141 -6.9274,
          -0.5072 9.3237 -7.0149,
          -0.5953 9.2692 -6.8364,
          -0.5712 9.8953 -7.2781,
          -0.5718 9.3064 -6.9274,
          -0.5627 9.2990 -6.9274,
          -0.5767 9.2545 -6.8364,
          -0.5613 9.8971 -7.2848,
          -0.5194 9.7836 -7.2901,
          -0.5537 9.2919 -6.9274,
          -0.5447 9.2849 -6.9274,
          -0.5579 9.2403 -6.8364,
          -0.2425 9.0544 -6.7434,
          -0.2583 9.0935 -6.8364,
          -0.1830 9.0754 -6.8364,
          -0.1736 9.0152 -6.6500,
          -0.2225 9.0251 -6.6500,
          -0.2708 9.0374 -6.6500,
          -0.1598 9.0711 -6.8364,
          -0.5357 9.2782 -6.9274,
          -0.5412 9.9008 -7.2980,
          -0.5005 9.7915 -7.3030,
          -0.5377 10.0000 -7.3057,
          -0.5268 9.2716 -6.9274,
          -0.5389 9.2267 -6.8364,
          -0.5311 9.9026 -7.3043,
          -0.4988 9.2522 -6.9274,
          -0.4781 9.1877 -6.8364,
          -0.3978 9.2541 -7.0149,
          -0.5208 9.9045 -7.3106,
          -0.4812 9.7995 -7.3154,
          -0.4955 10.0000 -7.3298,
          -0.4396 9.2159 -6.9274,
          -0.4575 9.1759 -6.8364,
          -0.4297 9.2105 -6.9274,
          -0.4368 9.1648 -6.8364,
          -0.0952 9.0285 -6.7434,
          0.0249 9.0003 -6.6500,
          -0.0249 9.0003 -6.6500,
          -0.0747 9.0028 -6.6500,
          -0.1243 9.0078 -6.6500,
          -0.0353 9.0581 -6.8364,
          -0.0118 9.0575 -6.8364,
          -0.1134 9.0643 -6.8364,
          -0.1366 9.0674 -6.8364,
          0.0118 9.0575 -6.8364,
          -0.4198 9.2052 -6.9274,
          -0.4099 9.2000 -6.9274,
          -0.4159 9.1542 -6.8364,
          -0.3780 9.1844 -6.9274,
          -0.2742 9.2003 -7.0149,
          -0.3472 9.1238 -6.8364,
          -0.3115 9.1568 -6.9274,
          -0.3251 9.1153 -6.8364,
          -0.3008 9.1530 -6.9274,
          -0.3029 9.1075 -6.8364,
          -0.2902 9.1493 -6.9274,
          -0.2796 9.1457 -6.9274,
          -0.2806 9.1002 -6.8364,
          0.0952 9.0285 -6.7434,
          0.1366 9.0674 -6.8364,
          0.1598 9.0711 -6.8364,
          0.1736 9.0152 -6.6500,
          0.1243 9.0078 -6.6500,
          0.0747 9.0028 -6.6500,
          0.0353 9.0581 -6.8364,
          0.1134 9.0643 -6.8364,
          -0.2690 9.1423 -6.9274,
          -0.5298 9.5217 -7.1704,
          -0.5827 9.4740 -7.0942,
          -0.4695 9.3741 -7.0973,
          -0.4265 9.4313 -7.1732,
          -0.1980 9.1232 -6.9274,
          -0.1399 9.1663 -7.0149,
          -0.4455 9.3568 -7.0973,
          -0.3822 9.4006 -7.1732,
          -0.4130 9.8791 -7.3620,
          -0.1617 9.1158 -6.9274,
          -0.1506 9.1138 -6.9274,
          0.2425 9.0544 -6.7434,
          0.3185 9.0521 -6.6500,
          0.2708 9.0374 -6.6500,
          0.2225 9.0251 -6.6500,
          0.2583 9.0935 -6.8364,
          0.2806 9.1002 -6.8364,
          0.1830 9.0754 -6.8364,
          0.3029 9.1075 -6.8364,
          -0.1396 9.1120 -6.9274,
          -0.1285 9.1104 -6.9274,
          -0.3948 9.3245 -7.0973,
          -0.3345 9.3727 -7.1732,
          -0.3682 9.3096 -7.0973,
          -0.4714 9.5745 -7.2387,
          -0.0542 9.1028 -6.9274,
          -0.0000 9.1546 -7.0149,
          -0.3407 9.2957 -7.0973,
          -0.2839 9.3483 -7.1732,
          -0.0168 9.1013 -6.9274,
          -0.4519 9.6611 -7.2887,
          -0.3280 9.5627 -7.3002,
          -0.0056 9.1011 -6.9274,
          0.3807 9.1011 -6.7434,
          0.3251 9.1153 -6.8364,
          0.3472 9.1238 -6.8364,
          0.4562 9.1101 -6.6500,
          0.4113 9.0885 -6.6500,
          0.3653 9.0691 -6.6500,
          0.0056 9.1011 -6.9274,
          -0.4438 9.6672 -7.2952,
          0.0168 9.1013 -6.9274,
          -0.4355 9.6734 -7.3016,
          -0.2834 9.2707 -7.0973,
          -0.2306 9.3275 -7.1732,
          -0.4272 9.6796 -7.3079,
          0.0542 9.1028 -6.9274,
          0.1399 9.1663 -7.0149,
          -0.2538 9.2599 -7.0973,
          -0.3859 9.7812 -7.3560,
          -0.2235 9.2502 -7.0973,
          -0.1750 9.3110 -7.1732,
          0.1285 9.1104 -6.9274,
          -0.3791 9.4945 -7.2411,
          0.1396 9.1120 -6.9274,
          0.1506 9.1138 -6.9274,
          0.1617 9.1158 -6.9274,
          -0.3598 9.4806 -7.2411,
          -0.1613 9.2344 -7.0973,
          -0.1177 9.2989 -7.1732,
          0.1980 9.1232 -6.9274,
          0.2742 9.2003 -7.0149,
          -0.1295 9.2284 -7.0973,
          -0.3189 9.4545 -7.2411,
          -0.2572 9.5177 -7.3002,
          -0.0974 9.2237 -7.0973,
          -0.0591 9.2916 -7.1732,
          0.2690 9.1423 -6.9274,
          0.2796 9.1457 -6.9274,
          -0.2973 9.4425 -7.2411,
          0.2902 9.1493 -6.9274,
          0.3008 9.1530 -6.9274,
          0.3115 9.1568 -6.9274,
          -0.2751 9.4312 -7.2411,
          -0.0326 9.2183 -7.0973,
          -0.0000 9.2891 -7.1732,
          -0.3239 9.6780 -7.3497,
          -0.2905 9.7810 -7.3891,
          -0.2842 9.7728 -7.3891,
          -0.0000 9.2176 -7.0973,
          -0.3190 9.6731 -7.3497,
          -0.3142 9.6684 -7.3497,
          0.3780 9.1844 -6.9274,
          0.4159 9.1542 -6.8364,
          0.3978 9.2541 -7.0149,
          -0.2289 9.4111 -7.2411,
          -0.1773 9.4829 -7.3002,
          -0.3094 9.6640 -7.3497,
          0.0326 9.2183 -7.0973,
          0.0591 9.2916 -7.1732,
          -0.3046 9.6596 -7.3497,
          -0.2341 9.8666 -7.4185,
          -0.1613 9.9320 -7.4379,
          -0.1577 9.9241 -7.4379,
          -0.1537 9.9163 -7.4379,
          -0.1493 9.9087 -7.4379,
          -0.2999 9.6555 -7.3497,
          0.4099 9.2000 -6.9274,
          0.4368 9.1648 -6.8364,
          -0.2049 9.4023 -7.2411,
          0.4198 9.2052 -6.9274,
          -0.2952 9.6515 -7.3497,
          0.4297 9.2105 -6.9274,
          0.4575 9.1759 -6.8364,
          -0.2906 9.6476 -7.3497,
          -0.2304 9.8604 -7.4185,
          -0.1446 9.9014 -7.4379,
          -0.1395 9.8943 -7.4379,
          0.4396 9.2159 -6.9274,
          0.4781 9.1877 -6.8364,
          -0.2859 9.6438 -7.3497,
          -0.1804 9.3945 -7.2411,
          0.0974 9.2237 -7.0973,
          0.1177 9.2989 -7.1732,
          -0.2813 9.6402 -7.3497,
          -0.2768 9.6366 -7.3497,
          -0.2722 9.6332 -7.3497,
          0.1295 9.2284 -7.0973,
          -0.2677 9.6299 -7.3497,
          0.4988 9.2522 -6.9274,
          0.5072 9.3237 -7.0149,
          0.5389 9.2267 -6.8364,
          -0.1302 9.3817 -7.2411,
          -0.0905 9.4609 -7.3002,
          0.7934 9.4312 -6.7434,
          0.8262 9.4367 -6.6500,
          0.7971 9.3962 -6.6500,
          0.7660 9.3572 -6.6500,
          0.7362 9.4115 -6.8364,
          0.7527 9.4327 -6.8364,
          0.1613 9.2344 -7.0973,
          0.1750 9.3110 -7.1732,
          -0.2534 9.6200 -7.3497,
          0.5268 9.2716 -6.9274,
          0.5579 9.2403 -6.8364,
          0.8076 9.4516 -6.7434,
          -0.1046 9.3769 -7.2411,
          0.5357 9.2782 -6.9274,
          0.5447 9.2849 -6.9274,
          0.5767 9.2545 -6.8364,
          0.8214 9.4726 -6.7434,
          0.8782 9.5217 -6.6500,
          0.8533 9.4786 -6.6500,
          0.5537 9.2919 -6.9274,
          -0.0787 9.3731 -7.2411,
          0.2235 9.2502 -7.0973,
          0.2306 9.3275 -7.1732,
          0.5627 9.2990 -6.9274,
          0.5953 9.2692 -6.8364,
          -0.2234 9.6016 -7.3497,
          0.5718 9.3064 -6.9274,
          -0.2183 9.5988 -7.3497,
          0.5810 9.3141 -6.9274,
          0.6137 9.2846 -6.8364,
          -0.2133 9.5961 -7.3497,
          0.2538 9.2599 -7.0973,
          -0.2083 9.5935 -7.3497,
          0.5902 9.3220 -6.9274,
          0.6318 9.3006 -6.8364,
          0.5994 9.3302 -6.9274,
          -0.0263 9.3687 -7.2411,
          -0.0000 9.4534 -7.3002,
          0.6088 9.3387 -6.9274,
          0.6498 9.3173 -6.8364,
          0.2834 9.2707 -7.0973,
          0.2839 9.3483 -7.1732,
          -0.1921 9.5856 -7.3497,
          0.6183 9.3475 -6.9274,
          0.6278 9.3567 -6.9274,
          0.6676 9.3346 -6.8364,
          -0.0000 9.3682 -7.2411,
          0.6375 9.3662 -6.9274,
          0.6851 9.3527 -6.8364,
          0.7024 9.3715 -6.8364,
          0.0263 9.3687 -7.2411,
          0.3407 9.2957 -7.0973,
          0.3345 9.3727 -7.1732,
          -0.1583 9.5715 -7.3497,
          -0.1529 9.5696 -7.3497,
          0.8741 9.5815 -6.7656,
          0.9010 9.5661 -6.6500,
          -0.1475 9.5677 -7.3497,
          0.3682 9.3096 -7.0973,
          -0.1421 9.5659 -7.3497,
          -0.1367 9.5642 -7.3497,
          0.8840 9.6028 -6.7656,
          0.9215 9.6116 -6.6500,
          0.8515 9.6438 -6.8800,
          0.0787 9.3731 -7.2411,
          0.0905 9.4609 -7.3002,
          0.3948 9.3245 -7.0973,
          0.3822 9.4006 -7.1732,
          0.8935 9.6248 -6.7656,
          0.1046 9.3769 -7.2411,
          0.9027 9.6474 -6.7656,
          0.9397 9.6580 -6.6500,
          -0.1006 9.5545 -7.3497,
          0.8114 9.5392 -6.8583,
          0.1302 9.3817 -7.2411,
          0.4455 9.3568 -7.0973,
          0.4265 9.4313 -7.1732,
          -0.0822 9.5507 -7.3497,
          -0.0765 9.5497 -7.3497,
          0.9494 9.7439 -6.7189,
          0.9691 9.7532 -6.6500,
          0.9556 9.7052 -6.6500,
          -0.0709 9.5488 -7.3497,
          0.4695 9.3741 -7.0973,
          -0.0653 9.5479 -7.3497,
          0.1804 9.3945 -7.2411,
          0.1773 9.4829 -7.3002,
          0.7879 9.5533 -6.9145,
          0.2049 9.4023 -7.2411,
          -0.0276 9.5441 -7.3497,
          0.2289 9.4111 -7.2411,
          -0.0085 9.5433 -7.3497,
          -0.0028 9.5432 -7.3497,
          0.0028 9.5432 -7.3497,
          0.0085 9.5433 -7.3497,
          0.2751 9.4312 -7.2411,
          0.2572 9.5177 -7.3002,
          0.9053 9.7344 -6.8341,
          0.0276 9.5441 -7.3497,
          0.9009 9.7357 -6.8451,
          0.2973 9.4425 -7.2411,
          0.3189 9.4545 -7.2411,
          0.0653 9.5479 -7.3497,
          0.0709 9.5488 -7.3497,
          0.0765 9.5497 -7.3497,
          0.0822 9.5507 -7.3497,
          0.3598 9.4806 -7.2411,
          0.3280 9.5627 -7.3002,
          0.1006 9.5545 -7.3497,
          0.3791 9.4945 -7.2411,
          0.5298 9.5217 -7.1704,
          0.6085 9.6214 -7.1675,
          0.5827 9.4740 -7.0942,
          0.1367 9.5642 -7.3497,
          0.1421 9.5659 -7.3497,
          0.8899 9.8052 -6.9044,
          0.1475 9.5677 -7.3497,
          0.1529 9.5696 -7.3497,
          0.1583 9.5715 -7.3497,
          0.1921 9.5856 -7.3497,
          0.9256 9.9186 -6.8669,
          0.9430 10.0000 -6.8354,
          0.9232 10.0000 -6.8797,
          0.9013 10.0000 -6.9230,
          0.4714 9.5745 -7.2387,
          0.2083 9.5935 -7.3497,
          0.2133 9.5961 -7.3497,
          0.2183 9.5988 -7.3497,
          0.2234 9.6016 -7.3497,
          0.2534 9.6200 -7.3497,
          0.8745 9.8968 -6.9597,
          0.8773 10.0000 -6.9652,
          0.2677 9.6299 -7.3497,
          0.2722 9.6332 -7.3497,
          0.8619 9.8982 -6.9805,
          0.8512 10.0000 -7.0062,
          0.2768 9.6366 -7.3497,
          0.2813 9.6402 -7.3497,
          0.6643 9.7232 -7.1647,
          0.2859 9.6438 -7.3497,
          0.2906 9.6476 -7.3497,
          0.8489 9.8998 -7.0009,
          0.2952 9.6515 -7.3497,
          0.2999 9.6555 -7.3497,
          0.8399 9.9008 -7.0144,
          0.4519 9.6611 -7.2887,
          0.5194 9.7836 -7.2901,
          0.5381 9.7758 -7.2767,
          0.5803 9.7025 -7.2251,
          0.5744 9.7607 -7.2485,
          0.5920 9.7533 -7.2337,
          0.5564 9.7682 -7.2628,
          0.3046 9.6596 -7.3497,
          0.4438 9.6672 -7.2952,
          0.5005 9.7915 -7.3030,
          0.3094 9.6640 -7.3497,
          0.3142 9.6684 -7.3497,
          0.8260 9.9025 -7.0342,
          0.8233 10.0000 -7.0459,
          0.4355 9.6734 -7.3016,
          0.3190 9.6731 -7.3497,
          0.6782 9.7754 -7.1698,
          0.4272 9.6796 -7.3079,
          0.4812 9.7995 -7.3154,
          0.3239 9.6780 -7.3497,
          0.2842 9.7728 -7.3891,
          0.2905 9.7810 -7.3891,
          0.8069 9.9047 -7.0602,
          0.7934 10.0000 -7.0842,
          0.7617 10.0000 -7.1210,
          0.7334 9.9134 -7.1458,
          0.7282 10.0000 -7.1562,
          0.7164 9.9154 -7.1630,
          0.6931 10.0000 -7.1897,
          0.6564 10.0000 -7.2215,
          0.3859 9.7812 -7.3560,
          0.6383 9.8830 -7.2276,
          0.6195 9.8864 -7.2427,
          0.6182 10.0000 -7.2515,
          0.6101 9.8882 -7.2500,
          0.6005 9.8899 -7.2572,
          0.5810 9.8935 -7.2713,
          0.5786 10.0000 -7.2796,
          0.5712 9.8953 -7.2781,
          0.5613 9.8971 -7.2848,
          0.5412 9.9008 -7.2980,
          0.5377 10.0000 -7.3057,
          0.5311 9.9026 -7.3043,
          0.5208 9.9045 -7.3106,
          0.4955 10.0000 -7.3298,
          0.2304 9.8604 -7.4185,
          0.1395 9.8943 -7.4379,
          0.1446 9.9014 -7.4379,
          0.1493 9.9087 -7.4379,
          0.4130 9.8791 -7.3620,
          0.2341 9.8666 -7.4185,
          0.1537 9.9163 -7.4379,
          0.1577 9.9241 -7.4379,
          0.1613 9.9320 -7.4379,
          -0.7212 9.4577 -6.9210,
          -0.6829 9.4878 -7.0026,
          -0.7466 9.5778 -6.9965,
          -0.7407 9.5811 -7.0066,
          -0.6775 9.4919 -7.0128,
          -0.7378 9.5828 -7.0117,
          -0.7348 9.5845 -7.0167,
          -0.6720 9.4960 -7.0227,
          -0.7288 9.5879 -7.0266,
          -0.6664 9.5002 -7.0326,
          -0.7257 9.5896 -7.0316,
          -0.7195 9.5931 -7.0414,
          -0.3518 9.0753 -6.6967,
          -0.3185 9.0521 -6.6500,
          -0.3653 9.0691 -6.6500,
          -0.4113 9.0885 -6.6500,
          -0.4562 9.1101 -6.6500,
          -0.7133 9.5967 -7.0511,
          -0.7069 9.6003 -7.0607,
          -0.3339 9.0993 -6.7900,
          -0.6032 9.4018 -7.0088,
          -0.6008 9.4042 -7.0138,
          -0.5983 9.4066 -7.0188,
          -0.5959 9.4091 -7.0238,
          -0.4274 9.9212 -7.3601,
          -0.4523 10.0000 -7.3518,
          -0.5313 9.6368 -7.2319,
          0.4656 9.1598 -6.7900,
          0.7212 9.4577 -6.9210,
          0.7194 9.3911 -6.8364,
          0.6829 9.4878 -7.0026,
          0.6032 9.4018 -7.0088,
          0.6775 9.4919 -7.0128,
          0.6008 9.4042 -7.0138,
          0.5983 9.4066 -7.0188,
          0.6720 9.4960 -7.0227,
          0.5959 9.4091 -7.0238,
          0.6664 9.5002 -7.0326,
          0.7466 9.5778 -6.9965,
          0.7407 9.5811 -7.0066,
          0.7378 9.5828 -7.0117,
          0.7348 9.5845 -7.0167,
          0.7288 9.5879 -7.0266,
          0.7257 9.5896 -7.0316,
          0.7195 9.5931 -7.0414,
          0.7133 9.5967 -7.0511,
          0.7069 9.6003 -7.0607,
          0.4274 9.9212 -7.3601,
          0.4523 10.0000 -7.3518,
          -0.4201 9.1271 -6.7667,
          0.5475 9.1835 -6.7200,
          0.6617 9.2502 -6.6500,
          0.6235 9.2182 -6.6500,
          0.5837 9.1881 -6.6500,
          0.5425 9.1600 -6.6500,
          0.5000 9.1340 -6.6500,
          -0.5045 9.1526 -6.7084,
          -0.5000 9.1340 -6.6500,
          -0.5425 9.1600 -6.6500,
          -0.5837 9.1881 -6.6500,
          -0.6235 9.2182 -6.6500,
          0.6043 9.2480 -6.7784,
          0.7076 9.3356 -6.7609,
          0.7331 9.3198 -6.6500,
          0.6982 9.2841 -6.6500,
        ] }
        coordIndex [
          0 1 2 -1,
          3 4 5 -1,
          6 7 8 -1,
          9 10 11 -1,
          12 13 1 -1,
          12 0 14 -1,
          12 14 15 -1,
          12 1 0 -1,
          16 17 18 -1,
          16 18 13 -1,
          16 13 12 -1,
          19 16 12 -1,
          19 12 15 -1,
          20 16 19 -1,
          21 20 19 -1,
          22 20 21 -1,
          23 20 22 -1,
          24 23 22 -1,
          24 22 21 -1,
          25 26 27 -1,
          25 28 26 -1,
          29 27 30 -1,
          29 25 27 -1,
          31 29 30 -1,
          32 33 34 -1,
          32 34 35 -1,
          36 31 30 -1,
          36 30 37 -1,
          38 33 32 -1,
          39 37 40 -1,
          39 36 37 -1,
          41 33 38 -1,
          42 43 44 -1,
          45 42 44 -1,
          45 44 46 -1,
          45 46 47 -1,
          48 49 42 -1,
          50 42 45 -1,
          50 48 42 -1,
          51 50 45 -1,
          51 4 3 -1,
          51 45 47 -1,
          51 47 4 -1,
          51 52 50 -1,
          51 3 53 -1,
          51 53 54 -1,
          51 54 52 -1,
          55 48 50 -1,
          55 49 48 -1,
          55 50 52 -1,
          55 52 56 -1,
          55 56 57 -1,
          55 57 58 -1,
          59 60 61 -1,
          59 62 60 -1,
          63 59 61 -1,
          64 61 65 -1,
          64 63 61 -1,
          66 65 67 -1,
          66 64 65 -1,
          68 66 67 -1,
          69 67 70 -1,
          69 68 67 -1,
          71 69 70 -1,
          72 70 73 -1,
          72 71 70 -1,
          74 72 73 -1,
          75 73 76 -1,
          75 74 73 -1,
          77 76 78 -1,
          77 75 76 -1,
          79 78 80 -1,
          79 77 78 -1,
          81 79 80 -1,
          82 80 83 -1,
          82 81 80 -1,
          84 83 85 -1,
          84 82 83 -1,
          86 85 87 -1,
          86 84 85 -1,
          88 86 87 -1,
          89 87 90 -1,
          89 88 87 -1,
          91 90 92 -1,
          91 89 90 -1,
          93 92 94 -1,
          93 91 92 -1,
          95 93 94 -1,
          96 94 97 -1,
          96 95 94 -1,
          98 97 99 -1,
          98 96 97 -1,
          100 101 102 -1,
          103 102 104 -1,
          103 100 102 -1,
          105 106 107 -1,
          108 98 99 -1,
          108 99 109 -1,
          110 6 8 -1,
          110 8 101 -1,
          110 101 100 -1,
          110 111 6 -1,
          112 105 107 -1,
          113 100 103 -1,
          113 111 110 -1,
          113 114 111 -1,
          113 110 100 -1,
          115 103 106 -1,
          115 113 103 -1,
          115 114 113 -1,
          116 108 109 -1,
          117 115 106 -1,
          117 106 105 -1,
          117 105 112 -1,
          118 109 119 -1,
          118 116 109 -1,
          120 119 121 -1,
          120 118 119 -1,
          122 121 123 -1,
          122 120 121 -1,
          124 123 125 -1,
          124 122 123 -1,
          126 124 125 -1,
          127 125 128 -1,
          127 126 125 -1,
          129 130 131 -1,
          132 128 133 -1,
          132 127 128 -1,
          134 133 135 -1,
          134 132 133 -1,
          136 134 135 -1,
          137 129 131 -1,
          137 131 138 -1,
          139 135 140 -1,
          139 136 135 -1,
          141 140 142 -1,
          141 139 140 -1,
          143 144 145 -1,
          143 137 138 -1,
          143 138 144 -1,
          146 141 142 -1,
          146 142 147 -1,
          148 145 149 -1,
          148 143 145 -1,
          150 146 147 -1,
          151 147 152 -1,
          151 150 147 -1,
          153 148 149 -1,
          154 152 155 -1,
          154 151 152 -1,
          156 155 157 -1,
          156 154 155 -1,
          158 156 157 -1,
          159 158 157 -1,
          159 157 160 -1,
          161 159 160 -1,
          162 160 163 -1,
          162 161 160 -1,
          164 162 163 -1,
          165 164 163 -1,
          165 163 166 -1,
          167 166 168 -1,
          167 165 166 -1,
          169 167 168 -1,
          170 168 171 -1,
          170 169 168 -1,
          172 170 171 -1,
          173 174 175 -1,
          173 175 176 -1,
          173 176 177 -1,
          178 179 173 -1,
          180 181 182 -1,
          180 179 178 -1,
          183 173 177 -1,
          183 180 178 -1,
          183 178 173 -1,
          184 185 181 -1,
          184 186 185 -1,
          184 181 180 -1,
          184 180 183 -1,
          187 11 10 -1,
          187 177 188 -1,
          187 188 189 -1,
          187 189 11 -1,
          187 10 186 -1,
          187 183 177 -1,
          187 184 183 -1,
          187 186 184 -1,
          190 16 20 -1,
          190 191 192 -1,
          190 192 193 -1,
          190 193 17 -1,
          190 17 16 -1,
          190 20 23 -1,
          194 19 15 -1,
          194 15 195 -1,
          194 195 196 -1,
          194 196 197 -1,
          194 21 19 -1,
          194 24 21 -1,
          198 191 190 -1,
          198 199 191 -1,
          200 198 190 -1,
          200 201 198 -1,
          200 23 24 -1,
          200 190 23 -1,
          202 194 197 -1,
          202 197 203 -1,
          204 199 198 -1,
          204 198 201 -1,
          205 200 24 -1,
          205 201 200 -1,
          206 24 194 -1,
          206 194 202 -1,
          206 201 205 -1,
          206 205 24 -1,
          206 26 28 -1,
          206 28 201 -1,
          206 202 26 -1,
          207 204 201 -1,
          207 208 199 -1,
          207 199 204 -1,
          209 202 203 -1,
          209 203 210 -1,
          209 26 202 -1,
          211 207 201 -1,
          211 208 207 -1,
          211 212 208 -1,
          213 209 210 -1,
          213 26 209 -1,
          214 213 210 -1,
          214 27 26 -1,
          214 26 213 -1,
          215 27 214 -1,
          215 214 210 -1,
          215 30 27 -1,
          215 210 216 -1,
          217 212 211 -1,
          217 218 219 -1,
          217 219 212 -1,
          220 218 217 -1,
          220 217 221 -1,
          222 30 215 -1,
          222 215 216 -1,
          222 40 37 -1,
          222 37 30 -1,
          222 216 223 -1,
          222 223 224 -1,
          225 226 227 -1,
          225 228 226 -1,
          225 220 221 -1,
          225 34 229 -1,
          225 229 230 -1,
          225 230 231 -1,
          225 231 218 -1,
          225 227 35 -1,
          225 218 220 -1,
          225 35 34 -1,
          225 221 232 -1,
          225 232 228 -1,
          233 211 201 -1,
          233 217 211 -1,
          233 221 217 -1,
          234 40 222 -1,
          234 222 224 -1,
          234 224 235 -1,
          236 233 201 -1,
          236 201 28 -1,
          237 234 235 -1,
          237 235 238 -1,
          237 238 239 -1,
          237 40 234 -1,
          240 237 239 -1,
          241 242 240 -1,
          241 240 239 -1,
          241 243 242 -1,
          241 239 244 -1,
          245 237 240 -1,
          245 240 242 -1,
          245 40 237 -1,
          245 39 40 -1,
          246 227 226 -1,
          246 35 227 -1,
          247 243 241 -1,
          247 241 244 -1,
          248 35 246 -1,
          248 32 35 -1,
          249 32 248 -1,
          250 251 243 -1,
          250 243 247 -1,
          250 247 244 -1,
          252 38 32 -1,
          252 32 249 -1,
          253 38 252 -1,
          254 38 253 -1,
          254 41 38 -1,
          255 256 251 -1,
          255 251 250 -1,
          255 244 257 -1,
          255 250 244 -1,
          258 242 259 -1,
          258 39 245 -1,
          258 245 242 -1,
          258 259 39 -1,
          260 254 261 -1,
          260 41 254 -1,
          260 262 41 -1,
          263 255 257 -1,
          263 256 255 -1,
          264 262 260 -1,
          264 260 261 -1,
          265 266 262 -1,
          265 264 261 -1,
          265 262 264 -1,
          267 263 257 -1,
          267 268 256 -1,
          267 256 263 -1,
          269 265 261 -1,
          269 266 265 -1,
          270 266 269 -1,
          270 269 261 -1,
          270 271 266 -1,
          272 273 274 -1,
          272 275 276 -1,
          272 276 277 -1,
          272 274 278 -1,
          279 270 261 -1,
          279 271 270 -1,
          280 268 267 -1,
          280 267 257 -1,
          280 281 268 -1,
          280 257 282 -1,
          283 279 261 -1,
          283 271 279 -1,
          283 284 271 -1,
          285 281 280 -1,
          285 280 282 -1,
          286 287 284 -1,
          286 283 261 -1,
          286 284 283 -1,
          286 261 288 -1,
          289 285 282 -1,
          289 290 281 -1,
          289 282 291 -1,
          289 281 285 -1,
          292 286 288 -1,
          292 287 286 -1,
          292 293 287 -1,
          294 295 293 -1,
          294 293 292 -1,
          294 292 288 -1,
          296 297 298 -1,
          296 298 299 -1,
          296 299 300 -1,
          296 300 275 -1,
          296 301 302 -1,
          296 303 301 -1,
          296 278 304 -1,
          296 304 303 -1,
          296 275 272 -1,
          296 302 305 -1,
          296 272 278 -1,
          306 295 294 -1,
          306 294 288 -1,
          307 306 288 -1,
          307 295 306 -1,
          307 308 295 -1,
          309 307 288 -1,
          309 288 310 -1,
          309 308 307 -1,
          309 311 308 -1,
          312 309 310 -1,
          312 311 309 -1,
          312 313 311 -1,
          314 312 310 -1,
          314 313 312 -1,
          314 315 313 -1,
          316 314 310 -1,
          316 315 314 -1,
          317 318 315 -1,
          317 315 316 -1,
          317 316 310 -1,
          319 320 321 -1,
          319 297 296 -1,
          319 322 323 -1,
          319 323 324 -1,
          319 324 297 -1,
          319 325 326 -1,
          319 305 325 -1,
          319 296 305 -1,
          319 326 320 -1,
          327 318 317 -1,
          327 273 318 -1,
          327 317 310 -1,
          328 329 259 -1,
          330 328 331 -1,
          330 329 328 -1,
          332 274 273 -1,
          332 273 327 -1,
          332 310 333 -1,
          332 327 310 -1,
          334 331 335 -1,
          334 330 331 -1,
          334 261 330 -1,
          336 290 289 -1,
          336 49 55 -1,
          337 278 274 -1,
          337 332 333 -1,
          337 274 332 -1,
          338 337 333 -1,
          338 278 337 -1,
          339 322 319 -1,
          339 340 341 -1,
          339 341 342 -1,
          339 342 322 -1,
          339 343 344 -1,
          339 345 343 -1,
          339 344 346 -1,
          339 321 345 -1,
          339 319 321 -1,
          347 338 333 -1,
          347 304 278 -1,
          347 278 338 -1,
          348 347 333 -1,
          348 304 347 -1,
          348 303 304 -1,
          349 335 350 -1,
          349 261 334 -1,
          349 288 261 -1,
          349 334 335 -1,
          351 349 350 -1,
          351 288 349 -1,
          352 331 328 -1,
          353 348 333 -1,
          353 303 348 -1,
          353 333 354 -1,
          353 301 303 -1,
          355 350 356 -1,
          355 351 350 -1,
          355 288 351 -1,
          357 302 301 -1,
          357 301 353 -1,
          357 353 354 -1,
          358 256 268 -1,
          358 359 352 -1,
          360 357 354 -1,
          360 302 357 -1,
          361 362 363 -1,
          361 346 362 -1,
          361 364 365 -1,
          361 365 366 -1,
          361 340 339 -1,
          361 366 340 -1,
          361 339 346 -1,
          367 360 354 -1,
          367 302 360 -1,
          367 305 302 -1,
          368 359 358 -1,
          368 268 281 -1,
          368 358 268 -1,
          369 367 354 -1,
          369 325 305 -1,
          369 305 367 -1,
          370 368 281 -1,
          370 359 368 -1,
          371 288 355 -1,
          371 355 356 -1,
          371 356 372 -1,
          371 310 288 -1,
          373 370 281 -1,
          373 281 290 -1,
          373 359 370 -1,
          374 326 325 -1,
          374 369 354 -1,
          374 354 375 -1,
          374 325 369 -1,
          376 371 372 -1,
          376 310 371 -1,
          377 373 290 -1,
          377 290 336 -1,
          378 376 372 -1,
          378 310 376 -1,
          378 372 379 -1,
          380 374 375 -1,
          380 326 374 -1,
          380 320 326 -1,
          381 331 352 -1,
          381 352 359 -1,
          382 321 320 -1,
          382 380 375 -1,
          382 320 380 -1,
          383 321 382 -1,
          383 382 375 -1,
          384 345 321 -1,
          384 383 375 -1,
          384 321 383 -1,
          385 335 331 -1,
          385 331 381 -1,
          385 381 359 -1,
          386 333 310 -1,
          386 310 378 -1,
          386 379 387 -1,
          386 378 379 -1,
          388 375 389 -1,
          388 384 375 -1,
          388 343 345 -1,
          388 345 384 -1,
          390 386 387 -1,
          390 333 386 -1,
          391 350 335 -1,
          391 335 385 -1,
          391 359 392 -1,
          391 385 359 -1,
          393 390 387 -1,
          393 387 394 -1,
          393 333 390 -1,
          395 343 388 -1,
          395 344 343 -1,
          395 388 389 -1,
          396 395 389 -1,
          396 344 395 -1,
          396 346 344 -1,
          397 391 392 -1,
          397 350 391 -1,
          398 346 396 -1,
          398 396 389 -1,
          399 362 346 -1,
          399 398 389 -1,
          399 346 398 -1,
          400 363 362 -1,
          400 362 399 -1,
          400 399 389 -1,
          401 350 397 -1,
          401 356 350 -1,
          401 397 392 -1,
          402 333 393 -1,
          402 393 394 -1,
          402 354 333 -1,
          402 394 403 -1,
          404 373 377 -1,
          404 377 405 -1,
          404 359 373 -1,
          404 405 406 -1,
          404 406 62 -1,
          404 62 59 -1,
          404 59 63 -1,
          404 63 64 -1,
          407 402 403 -1,
          407 354 402 -1,
          408 64 66 -1,
          408 359 404 -1,
          408 404 64 -1,
          409 359 408 -1,
          409 408 66 -1,
          410 363 400 -1,
          410 400 389 -1,
          410 411 363 -1,
          410 389 412 -1,
          413 401 392 -1,
          413 392 414 -1,
          413 372 356 -1,
          413 356 401 -1,
          415 66 68 -1,
          415 409 66 -1,
          415 359 409 -1,
          416 403 417 -1,
          416 407 403 -1,
          416 354 407 -1,
          418 415 68 -1,
          418 359 415 -1,
          419 336 55 -1,
          419 405 377 -1,
          419 377 336 -1,
          419 55 58 -1,
          419 58 420 -1,
          419 420 421 -1,
          419 421 422 -1,
          419 422 423 -1,
          424 68 69 -1,
          424 418 68 -1,
          424 359 418 -1,
          425 426 411 -1,
          425 410 412 -1,
          425 411 410 -1,
          427 413 414 -1,
          427 372 413 -1,
          428 425 412 -1,
          428 426 425 -1,
          429 69 71 -1,
          429 424 69 -1,
          429 359 424 -1,
          430 431 426 -1,
          430 426 428 -1,
          430 428 412 -1,
          432 429 71 -1,
          432 359 429 -1,
          433 434 435 -1,
          433 435 60 -1,
          433 405 419 -1,
          433 406 405 -1,
          433 60 62 -1,
          433 419 423 -1,
          433 62 406 -1,
          433 423 434 -1,
          436 437 431 -1,
          436 431 430 -1,
          436 430 412 -1,
          438 432 71 -1,
          438 71 72 -1,
          438 359 432 -1,
          439 427 414 -1,
          439 372 427 -1,
          439 379 372 -1,
          440 416 417 -1,
          440 417 441 -1,
          440 354 416 -1,
          440 375 354 -1,
          442 438 72 -1,
          442 359 438 -1,
          443 359 442 -1,
          443 72 74 -1,
          443 442 72 -1,
          444 359 443 -1,
          444 443 74 -1,
          445 440 441 -1,
          445 375 440 -1,
          446 444 74 -1,
          446 74 75 -1,
          446 359 444 -1,
          447 412 448 -1,
          447 449 437 -1,
          447 437 436 -1,
          447 436 412 -1,
          450 439 414 -1,
          450 387 379 -1,
          450 414 451 -1,
          450 379 439 -1,
          452 453 454 -1,
          452 454 455 -1,
          452 456 457 -1,
          458 375 445 -1,
          458 445 441 -1,
          458 441 459 -1,
          460 446 75 -1,
          460 359 446 -1,
          460 392 359 -1,
          460 75 77 -1,
          461 462 449 -1,
          461 447 448 -1,
          461 449 447 -1,
          463 452 457 -1,
          463 453 452 -1,
          464 450 451 -1,
          464 387 450 -1,
          465 462 461 -1,
          465 461 448 -1,
          466 465 448 -1,
          466 462 465 -1,
          466 467 462 -1,
          468 469 470 -1,
          468 470 453 -1,
          468 453 463 -1,
          468 463 457 -1,
          471 467 466 -1,
          471 466 448 -1,
          472 464 451 -1,
          472 387 464 -1,
          472 394 387 -1,
          473 375 458 -1,
          473 458 459 -1,
          473 389 375 -1,
          473 459 474 -1,
          475 471 448 -1,
          475 476 467 -1,
          475 467 471 -1,
          477 392 460 -1,
          477 460 77 -1,
          477 77 79 -1,
          478 475 448 -1,
          478 476 475 -1,
          479 392 477 -1,
          479 79 81 -1,
          479 477 79 -1,
          480 478 448 -1,
          480 481 476 -1,
          480 476 478 -1,
          482 392 479 -1,
          482 479 81 -1,
          483 389 473 -1,
          483 473 474 -1,
          484 392 482 -1,
          484 81 82 -1,
          484 482 81 -1,
          485 480 448 -1,
          485 481 480 -1,
          485 486 481 -1,
          487 486 485 -1,
          488 472 451 -1,
          488 394 472 -1,
          488 451 489 -1,
          488 403 394 -1,
          490 486 487 -1,
          490 491 486 -1,
          492 389 483 -1,
          492 483 474 -1,
          492 474 493 -1,
          494 414 392 -1,
          494 82 84 -1,
          494 484 82 -1,
          494 392 484 -1,
          495 491 490 -1,
          496 497 491 -1,
          496 491 495 -1,
          498 403 488 -1,
          498 488 489 -1,
          499 500 497 -1,
          499 501 500 -1,
          499 497 496 -1,
          502 498 489 -1,
          502 417 403 -1,
          502 403 498 -1,
          503 412 389 -1,
          503 493 504 -1,
          503 389 492 -1,
          503 492 493 -1,
          505 414 494 -1,
          505 84 86 -1,
          505 494 84 -1,
          506 86 88 -1,
          506 414 505 -1,
          506 505 86 -1,
          507 469 468 -1,
          507 508 469 -1,
          509 506 88 -1,
          509 414 506 -1,
          510 503 504 -1,
          510 412 503 -1,
          511 414 509 -1,
          511 88 89 -1,
          511 509 88 -1,
          512 511 89 -1,
          512 414 511 -1,
          512 89 91 -1,
          513 514 508 -1,
          513 508 507 -1,
          513 507 515 -1,
          516 502 489 -1,
          516 441 417 -1,
          516 489 517 -1,
          516 417 502 -1,
          518 412 510 -1,
          518 510 504 -1,
          518 504 519 -1,
          520 513 515 -1,
          520 514 513 -1,
          521 441 516 -1,
          521 516 517 -1,
          522 523 514 -1,
          522 514 520 -1,
          522 520 515 -1,
          524 414 512 -1,
          524 451 414 -1,
          524 91 93 -1,
          524 512 91 -1,
          525 515 507 -1,
          525 468 457 -1,
          525 507 468 -1,
          526 441 521 -1,
          526 459 441 -1,
          526 521 517 -1,
          527 448 412 -1,
          527 412 518 -1,
          527 518 519 -1,
          527 519 528 -1,
          529 451 524 -1,
          529 524 93 -1,
          529 93 95 -1,
          530 451 529 -1,
          530 529 95 -1,
          531 107 106 -1,
          531 104 532 -1,
          531 532 533 -1,
          531 533 523 -1,
          531 523 522 -1,
          531 103 104 -1,
          531 106 103 -1,
          534 451 530 -1,
          534 530 95 -1,
          534 95 96 -1,
          535 448 527 -1,
          535 527 528 -1,
          536 96 98 -1,
          536 451 534 -1,
          536 534 96 -1,
          537 517 538 -1,
          537 474 459 -1,
          537 526 517 -1,
          537 459 526 -1,
          539 130 515 -1,
          539 515 525 -1,
          540 537 538 -1,
          540 474 537 -1,
          541 98 108 -1,
          541 536 98 -1,
          541 451 536 -1,
          541 489 451 -1,
          542 493 474 -1,
          542 474 540 -1,
          542 540 538 -1,
          543 108 116 -1,
          543 541 108 -1,
          543 489 541 -1,
          544 489 543 -1,
          544 543 116 -1,
          545 489 544 -1,
          545 544 116 -1,
          545 116 118 -1,
          546 489 545 -1,
          546 118 120 -1,
          546 545 118 -1,
          547 538 548 -1,
          547 493 542 -1,
          547 504 493 -1,
          547 542 538 -1,
          549 112 107 -1,
          549 107 531 -1,
          549 522 515 -1,
          549 531 522 -1,
          550 489 546 -1,
          550 546 120 -1,
          550 120 122 -1,
          550 517 489 -1,
          551 549 515 -1,
          551 112 549 -1,
          552 547 548 -1,
          552 504 547 -1,
          553 552 548 -1,
          553 519 504 -1,
          553 504 552 -1,
          554 122 124 -1,
          554 550 122 -1,
          554 517 550 -1,
          555 554 124 -1,
          555 124 126 -1,
          555 517 554 -1,
          556 555 126 -1,
          556 517 555 -1,
          557 556 126 -1,
          557 517 556 -1,
          557 126 127 -1,
          558 553 548 -1,
          558 519 553 -1,
          558 548 559 -1,
          558 528 519 -1,
          560 538 517 -1,
          560 557 127 -1,
          560 127 132 -1,
          560 517 557 -1,
          561 558 559 -1,
          561 528 558 -1,
          562 563 564 -1,
          562 564 535 -1,
          562 535 528 -1,
          565 538 560 -1,
          565 132 134 -1,
          565 560 132 -1,
          566 565 134 -1,
          566 538 565 -1,
          566 134 136 -1,
          567 130 129 -1,
          567 112 551 -1,
          567 551 515 -1,
          567 515 130 -1,
          568 566 136 -1,
          568 538 566 -1,
          569 538 568 -1,
          569 568 136 -1,
          569 136 139 -1,
          570 538 569 -1,
          570 569 139 -1,
          570 139 141 -1,
          571 548 538 -1,
          571 538 570 -1,
          571 570 141 -1,
          571 141 146 -1,
          572 115 117 -1,
          572 114 115 -1,
          572 117 112 -1,
          572 112 567 -1,
          572 573 114 -1,
          572 574 573 -1,
          572 575 574 -1,
          576 563 562 -1,
          576 561 559 -1,
          576 528 561 -1,
          576 562 528 -1,
          577 548 571 -1,
          577 571 146 -1,
          577 146 150 -1,
          578 577 150 -1,
          578 548 577 -1,
          579 548 578 -1,
          579 150 151 -1,
          579 578 150 -1,
          580 151 154 -1,
          580 579 151 -1,
          580 548 579 -1,
          581 580 154 -1,
          581 548 580 -1,
          581 154 156 -1,
          581 559 548 -1,
          582 567 129 -1,
          582 572 567 -1,
          582 583 575 -1,
          582 575 572 -1,
          584 559 581 -1,
          584 156 158 -1,
          584 581 156 -1,
          585 584 158 -1,
          585 559 584 -1,
          586 587 583 -1,
          586 583 582 -1,
          586 582 129 -1,
          588 585 158 -1,
          588 559 585 -1,
          588 158 159 -1,
          589 588 159 -1,
          589 559 588 -1,
          590 149 563 -1,
          591 589 159 -1,
          591 159 161 -1,
          591 559 589 -1,
          592 559 591 -1,
          592 591 161 -1,
          593 586 129 -1,
          593 587 586 -1,
          594 161 162 -1,
          594 559 592 -1,
          594 592 161 -1,
          595 162 164 -1,
          595 559 594 -1,
          595 594 162 -1,
          596 593 129 -1,
          596 129 137 -1,
          596 587 593 -1,
          597 598 599 -1,
          597 576 559 -1,
          600 590 563 -1,
          600 601 602 -1,
          600 602 590 -1,
          600 599 603 -1,
          600 597 599 -1,
          600 603 601 -1,
          600 563 576 -1,
          600 576 597 -1,
          604 595 164 -1,
          604 559 595 -1,
          605 606 598 -1,
          605 598 597 -1,
          605 597 559 -1,
          607 604 164 -1,
          607 559 604 -1,
          607 164 165 -1,
          608 607 165 -1,
          608 559 607 -1,
          609 587 596 -1,
          609 596 137 -1,
          609 610 587 -1,
          609 137 143 -1,
          611 606 605 -1,
          611 605 559 -1,
          612 608 165 -1,
          612 165 167 -1,
          612 559 608 -1,
          613 153 149 -1,
          613 590 602 -1,
          613 149 590 -1,
          614 606 611 -1,
          614 615 606 -1,
          614 611 559 -1,
          616 170 172 -1,
          616 167 169 -1,
          616 172 617 -1,
          616 169 170 -1,
          616 612 167 -1,
          616 559 612 -1,
          616 617 618 -1,
          616 614 559 -1,
          619 148 153 -1,
          619 610 609 -1,
          619 620 610 -1,
          619 621 620 -1,
          619 609 143 -1,
          619 143 148 -1,
          622 623 621 -1,
          622 619 153 -1,
          622 621 619 -1,
          624 622 153 -1,
          624 153 613 -1,
          624 625 623 -1,
          624 626 625 -1,
          624 623 622 -1,
          627 615 614 -1,
          627 616 618 -1,
          627 614 616 -1,
          628 624 613 -1,
          628 613 602 -1,
          628 626 624 -1,
          629 628 602 -1,
          629 626 628 -1,
          629 602 601 -1,
          629 630 626 -1,
          631 629 601 -1,
          631 630 629 -1,
          632 630 631 -1,
          632 631 601 -1,
          632 601 603 -1,
          633 630 632 -1,
          633 603 599 -1,
          633 634 630 -1,
          633 632 603 -1,
          635 633 599 -1,
          635 634 633 -1,
          636 635 599 -1,
          636 634 635 -1,
          636 599 598 -1,
          637 634 636 -1,
          637 598 606 -1,
          637 638 634 -1,
          637 636 598 -1,
          639 637 606 -1,
          639 638 637 -1,
          640 639 606 -1,
          640 638 639 -1,
          640 606 615 -1,
          640 641 638 -1,
          642 172 171 -1,
          642 171 643 -1,
          642 643 644 -1,
          642 644 645 -1,
          642 617 172 -1,
          642 618 617 -1,
          646 640 615 -1,
          646 615 627 -1,
          646 173 179 -1,
          647 618 642 -1,
          647 646 627 -1,
          647 173 646 -1,
          647 642 645 -1,
          647 645 648 -1,
          647 648 649 -1,
          647 649 650 -1,
          647 650 174 -1,
          647 174 173 -1,
          647 627 618 -1,
          651 246 226 -1,
          651 652 246 -1,
          651 226 228 -1,
          651 221 233 -1,
          651 233 236 -1,
          651 232 221 -1,
          651 228 232 -1,
          653 28 25 -1,
          653 651 236 -1,
          653 236 28 -1,
          653 652 651 -1,
          654 653 25 -1,
          654 655 652 -1,
          654 652 653 -1,
          656 654 25 -1,
          656 655 654 -1,
          657 656 25 -1,
          657 655 656 -1,
          657 25 29 -1,
          657 658 655 -1,
          659 660 658 -1,
          659 657 29 -1,
          659 658 657 -1,
          661 660 659 -1,
          661 659 29 -1,
          662 29 31 -1,
          662 660 661 -1,
          662 661 29 -1,
          663 272 277 -1,
          663 277 664 -1,
          663 664 665 -1,
          663 665 666 -1,
          663 666 667 -1,
          668 660 662 -1,
          668 662 31 -1,
          669 660 668 -1,
          669 259 329 -1,
          669 329 660 -1,
          669 668 31 -1,
          669 36 39 -1,
          669 39 259 -1,
          669 31 36 -1,
          670 273 272 -1,
          670 272 663 -1,
          670 315 318 -1,
          670 318 273 -1,
          670 308 311 -1,
          670 311 313 -1,
          670 313 315 -1,
          671 261 254 -1,
          671 652 655 -1,
          671 246 652 -1,
          671 252 249 -1,
          671 249 248 -1,
          671 248 246 -1,
          671 254 253 -1,
          671 253 252 -1,
          672 671 655 -1,
          672 261 671 -1,
          673 672 655 -1,
          673 261 672 -1,
          673 655 658 -1,
          674 658 660 -1,
          674 660 329 -1,
          674 673 658 -1,
          674 261 673 -1,
          674 330 261 -1,
          674 329 330 -1,
          675 49 336 -1,
          675 42 49 -1,
          675 289 291 -1,
          675 336 289 -1,
          675 43 42 -1,
          675 291 676 -1,
          675 676 43 -1,
          677 243 251 -1,
          677 259 242 -1,
          677 358 352 -1,
          677 328 259 -1,
          677 251 256 -1,
          677 352 328 -1,
          677 256 358 -1,
          677 242 243 -1,
          678 411 426 -1,
          678 363 411 -1,
          678 426 431 -1,
          678 431 437 -1,
          678 437 449 -1,
          678 361 363 -1,
          679 456 680 -1,
          679 680 501 -1,
          679 501 499 -1,
          679 457 456 -1,
          679 539 525 -1,
          679 525 457 -1,
          679 499 681 -1,
          682 495 490 -1,
          682 496 495 -1,
          682 499 496 -1,
          682 683 681 -1,
          682 487 485 -1,
          682 485 448 -1,
          682 490 487 -1,
          682 681 499 -1,
          684 683 682 -1,
          684 682 448 -1,
          685 686 683 -1,
          685 683 684 -1,
          685 684 448 -1,
          687 685 448 -1,
          687 688 686 -1,
          687 564 688 -1,
          687 535 564 -1,
          687 448 535 -1,
          687 686 685 -1,
          689 131 130 -1,
          689 130 539 -1,
          689 539 679 -1,
          689 679 681 -1,
          690 689 681 -1,
          690 681 683 -1,
          690 131 689 -1,
          691 690 683 -1,
          691 131 690 -1,
          692 683 686 -1,
          692 131 691 -1,
          692 138 131 -1,
          692 691 683 -1,
          693 686 688 -1,
          693 138 692 -1,
          693 692 686 -1,
          694 693 688 -1,
          694 138 693 -1,
          695 694 688 -1,
          695 138 694 -1,
          695 144 138 -1,
          696 695 688 -1,
          696 144 695 -1,
          697 688 564 -1,
          697 144 696 -1,
          697 696 688 -1,
          697 564 563 -1,
          697 149 145 -1,
          697 145 144 -1,
          697 563 149 -1,
          698 641 640 -1,
          698 180 182 -1,
          698 699 641 -1,
          698 182 699 -1,
          698 646 179 -1,
          698 179 180 -1,
          698 640 646 -1,
          700 293 295 -1,
          700 670 663 -1,
          700 284 287 -1,
          700 295 308 -1,
          700 308 670 -1,
          700 287 293 -1,
          701 702 703 -1,
          701 703 704 -1,
          701 704 705 -1,
          701 705 706 -1,
          701 706 364 -1,
          701 364 361 -1,
          701 361 678 -1,
          707 262 266 -1,
          707 700 663 -1,
          707 667 708 -1,
          707 708 709 -1,
          707 709 710 -1,
          707 710 711 -1,
          707 711 33 -1,
          707 663 667 -1,
          707 266 271 -1,
          707 284 700 -1,
          707 41 262 -1,
          707 33 41 -1,
          707 271 284 -1,
          712 701 678 -1,
          712 702 701 -1,
          712 449 462 -1,
          712 678 449 -1,
          712 462 467 -1,
          712 467 476 -1,
          712 476 481 -1,
          712 481 486 -1,
          712 486 491 -1,
          713 497 500 -1,
          713 680 456 -1,
          713 500 501 -1,
          713 455 714 -1,
          713 714 715 -1,
          713 715 702 -1,
          713 501 680 -1,
          713 491 497 -1,
          713 452 455 -1,
          713 702 712 -1,
          713 456 452 -1,
          713 712 491 -1,
        ]
      }
    }
    Shape {
      appearance Appearance {
        material Material {
          diffuseColor 0.200 0.200 0.200
          specularColor 0.050 0.050 0.050
          shininess 0.15
        }
      }
      geometry IndexedFaceSet {
        creaseAngle 0.785398
        solid TRUE
        coord Coordinate { point [
          0.1750 10.0000 -7.4379,
          0.1748 9.9913 -7.4379,
          0.1750 10.0000 -6.8500,
          0.1748 9.9913 -6.8500,
          0.1741 9.9826 -7.4379,
          0.1741 9.9826 -6.8500,
          0.1730 9.9739 -7.4379,
          0.1730 9.9739 -6.8500,
          0.1715 9.9653 -7.4379,
          0.1715 9.9653 -6.8500,
          0.1696 9.9568 -7.4379,
          0.1696 9.9568 -6.8500,
          0.1672 9.9484 -7.4379,
          0.1672 9.9484 -6.8500,
          0.1644 9.9401 -7.4379,
          0.1644 9.9401 -6.8500,
          0.1613 9.9320 -7.4379,
          0.1613 9.9320 -6.8500,
          0.1577 9.9241 -7.4379,
          0.1577 9.9241 -6.8500,
          0.1537 9.9163 -7.4379,
          0.1537 9.9163 -6.8500,
          0.1493 9.9087 -7.4379,
          0.1493 9.9087 -6.8500,
          0.1446 9.9014 -7.4379,
          0.1446 9.9014 -6.8500,
          0.1395 9.8943 -7.4379,
          0.1395 9.8943 -6.8500,
          0.1341 9.8875 -7.4379,
          0.1341 9.8875 -6.8500,
          0.1283 9.8810 -7.4379,
          0.1283 9.8810 -6.8500,
          0.1222 9.8747 -7.4379,
          0.1222 9.8747 -6.8500,
          0.1158 9.8688 -7.4379,
          0.1158 9.8688 -6.8500,
          0.1091 9.8632 -7.4379,
          0.1091 9.8632 -6.8500,
          0.1022 9.8579 -7.4379,
          0.1022 9.8579 -6.8500,
          0.0949 9.8530 -7.4379,
          0.0949 9.8530 -6.8500,
          0.0875 9.8484 -7.4379,
          0.0875 9.8484 -6.8500,
          0.0798 9.8443 -7.4379,
          0.0798 9.8443 -6.8500,
          0.0720 9.8405 -7.4379,
          0.0720 9.8405 -6.8500,
          0.0639 9.8371 -7.4379,
          0.0639 9.8371 -6.8500,
          0.0557 9.8341 -7.4379,
          0.0557 9.8341 -6.8500,
          0.0474 9.8315 -7.4379,
          0.0474 9.8315 -6.8500,
          0.0389 9.8294 -7.4379,
          0.0389 9.8294 -6.8500,
          0.0304 9.8277 -7.4379,
          0.0304 9.8277 -6.8500,
          0.0218 9.8264 -7.4379,
          0.0218 9.8264 -6.8500,
          0.0131 9.8255 -7.4379,
          0.0131 9.8255 -6.8500,
          0.0044 9.8251 -7.4379,
          0.0044 9.8251 -6.8500,
          -0.0044 9.8251 -7.4379,
          -0.0044 9.8251 -6.8500,
          -0.0131 9.8255 -7.4379,
          -0.0131 9.8255 -6.8500,
          -0.0218 9.8264 -7.4379,
          -0.0218 9.8264 -6.8500,
          -0.0304 9.8277 -7.4379,
          -0.0304 9.8277 -6.8500,
          -0.0389 9.8294 -7.4379,
          -0.0389 9.8294 -6.8500,
          -0.0474 9.8315 -7.4379,
          -0.0474 9.8315 -6.8500,
          -0.0557 9.8341 -7.4379,
          -0.0557 9.8341 -6.8500,
          -0.0639 9.8371 -7.4379,
          -0.0639 9.8371 -6.8500,
          -0.0720 9.8405 -7.4379,
          -0.0720 9.8405 -6.8500,
          -0.0798 9.8443 -7.4379,
          -0.0798 9.8443 -6.8500,
          -0.0875 9.8484 -7.4379,
          -0.0875 9.8484 -6.8500,
          -0.0949 9.8530 -7.4379,
          -0.0949 9.8530 -6.8500,
          -0.1022 9.8579 -7.4379,
          -0.1022 9.8579 -6.8500,
          -0.1091 9.8632 -7.4379,
          -0.1091 9.8632 -6.8500,
          -0.1158 9.8688 -7.4379,
          -0.1158 9.8688 -6.8500,
          -0.1222 9.8747 -7.4379,
          -0.1222 9.8747 -6.8500,
          -0.1283 9.8810 -7.4379,
          -0.1283 9.8810 -6.8500,
          -0.1341 9.8875 -7.4379,
          -0.1341 9.8875 -6.8500,
          -0.1395 9.8943 -7.4379,
          -0.1395 9.8943 -6.8500,
          -0.1446 9.9014 -7.4379,
          -0.1446 9.9014 -6.8500,
          -0.1493 9.9087 -7.4379,
          -0.1493 9.9087 -6.8500,
          -0.1537 9.9163 -7.4379,
          -0.1537 9.9163 -6.8500,
          -0.1577 9.9241 -7.4379,
          -0.1577 9.9241 -6.8500,
          -0.1613 9.9320 -7.4379,
          -0.1613 9.9320 -6.8500,
          -0.1644 9.9401 -7.4379,
          -0.1644 9.9401 -6.8500,
          -0.1672 9.9484 -7.4379,
          -0.1672 9.9484 -6.8500,
          -0.1696 9.9568 -7.4379,
          -0.1696 9.9568 -6.8500,
          -0.1715 9.9653 -7.4379,
          -0.1715 9.9653 -6.8500,
          -0.1730 9.9739 -7.4379,
          -0.1730 9.9739 -6.8500,
          -0.1741 9.9826 -7.4379,
          -0.1741 9.9826 -6.8500,
          -0.1748 9.9913 -7.4379,
          -0.1748 9.9913 -6.8500,
          -0.1750 10.0000 -7.4379,
          -0.1750 10.0000 -6.8500,
        ] }
        coordIndex [
          0 1 2 -1,
          2 1 3 -1,
          1 4 3 -1,
          3 4 5 -1,
          4 6 5 -1,
          5 6 7 -1,
          6 8 7 -1,
          7 8 9 -1,
          8 10 9 -1,
          9 10 11 -1,
          10 12 11 -1,
          11 12 13 -1,
          12 14 13 -1,
          13 14 15 -1,
          14 16 15 -1,
          15 16 17 -1,
          16 18 17 -1,
          17 18 19 -1,
          18 20 19 -1,
          19 20 21 -1,
          20 22 21 -1,
          21 22 23 -1,
          23 24 25 -1,
          22 24 23 -1,
          25 26 27 -1,
          24 26 25 -1,
          27 28 29 -1,
          26 28 27 -1,
          29 30 31 -1,
          28 30 29 -1,
          31 32 33 -1,
          30 32 31 -1,
          33 34 35 -1,
          32 34 33 -1,
          34 36 35 -1,
          35 36 37 -1,
          36 38 37 -1,
          37 38 39 -1,
          38 40 39 -1,
          39 40 41 -1,
          40 42 41 -1,
          41 42 43 -1,
          42 44 43 -1,
          43 44 45 -1,
          44 46 45 -1,
          45 46 47 -1,
          46 48 47 -1,
          47 48 49 -1,
          48 50 49 -1,
          49 50 51 -1,
          50 52 51 -1,
          51 52 53 -1,
          52 54 53 -1,
          53 54 55 -1,
          54 56 55 -1,
          55 56 57 -1,
          56 58 57 -1,
          57 58 59 -1,
          58 60 59 -1,
          59 60 61 -1,
          60 62 61 -1,
          61 62 63 -1,
          62 64 63 -1,
          63 64 65 -1,
          64 66 65 -1,
          65 66 67 -1,
          66 68 67 -1,
          67 68 69 -1,
          68 70 69 -1,
          69 70 71 -1,
          71 72 73 -1,
          70 72 71 -1,
          73 74 75 -1,
          72 74 73 -1,
          75 76 77 -1,
          74 76 75 -1,
          77 78 79 -1,
          76 78 77 -1,
          79 80 81 -1,
          78 80 79 -1,
          81 82 83 -1,
          80 82 81 -1,
          83 84 85 -1,
          82 84 83 -1,
          84 86 85 -1,
          85 86 87 -1,
          86 88 87 -1,
          87 88 89 -1,
          88 90 89 -1,
          89 90 91 -1,
          91 92 93 -1,
          90 92 91 -1,
          93 94 95 -1,
          92 94 93 -1,
          95 96 97 -1,
          94 96 95 -1,
          97 98 99 -1,
          96 98 97 -1,
          99 100 101 -1,
          98 100 99 -1,
          101 102 103 -1,
          100 102 101 -1,
          103 104 105 -1,
          102 104 103 -1,
          105 106 107 -1,
          104 106 105 -1,
          107 108 109 -1,
          106 108 107 -1,
          109 110 111 -1,
          108 110 109 -1,
          111 112 113 -1,
          110 112 111 -1,
          113 114 115 -1,
          112 114 113 -1,
          115 116 117 -1,
          114 116 115 -1,
          117 118 119 -1,
          116 118 117 -1,
          119 120 121 -1,
          118 120 119 -1,
          121 122 123 -1,
          120 122 121 -1,
          123 124 125 -1,
          122 124 123 -1,
          124 126 125 -1,
          125 126 127 -1,
        ]
      }
    }
    Shape {
      appearance Appearance {
        material Material {
          diffuseColor 0.200 0.200 0.200
          specularColor 0.050 0.050 0.050
          shininess 0.15
        }
      }
      geometry IndexedFaceSet {
        creaseAngle 0.785398
        solid TRUE
        coord Coordinate { point [
          0.9950 10.0996 -6.6500,
          0.9888 10.1490 -6.6500,
          0.9988 10.0498 -6.6500,
          -0.0249 9.0003 -6.6500,
          -0.2708 9.0374 -6.6500,
          -0.0747 9.0028 -6.6500,
          -0.1243 9.0078 -6.6500,
          -0.1736 9.0152 -6.6500,
          -0.2225 9.0251 -6.6500,
          0.9397 10.3420 -6.6500,
          0.9215 10.3884 -6.6500,
          0.9556 10.2948 -6.6500,
          0.9691 10.2468 -6.6500,
          0.9802 10.1981 -6.6500,
          -0.3185 9.0521 -6.6500,
          -0.4113 9.0885 -6.6500,
          -0.3653 9.0691 -6.6500,
          0.8533 10.5214 -6.6500,
          0.8262 10.5633 -6.6500,
          0.8782 10.4783 -6.6500,
          0.9010 10.4339 -6.6500,
          0.7971 10.6038 -6.6500,
          -0.5000 9.1340 -6.6500,
          -0.6235 9.2182 -6.6500,
          -0.5425 9.1600 -6.6500,
          -0.5837 9.1881 -6.6500,
          -0.6617 9.2502 -6.6500,
          -0.4562 9.1101 -6.6500,
          0.7331 10.6802 -6.6500,
          0.6982 10.7159 -6.6500,
          0.7660 10.6428 -6.6500,
          -0.7331 9.3198 -6.6500,
          -0.6982 9.2841 -6.6500,
          -0.7660 9.3572 -6.6500,
          0.6617 10.7498 -6.6500,
          0.6235 10.7818 -6.6500,
          -0.8262 9.4367 -6.6500,
          -0.7971 9.3962 -6.6500,
          -0.8782 9.5217 -6.6500,
          -0.8533 9.4786 -6.6500,
          0.5000 10.8660 -6.6500,
          0.4562 10.8899 -6.6500,
          0.5425 10.8400 -6.6500,
          0.5837 10.8119 -6.6500,
          0.3653 10.9309 -6.6500,
          0.4113 10.9115 -6.6500,
          -0.9556 9.7052 -6.6500,
          -0.9010 9.5661 -6.6500,
          -0.9215 9.6116 -6.6500,
          -0.9397 9.6580 -6.6500,
          0.3185 10.9479 -6.6500,
          0.2708 10.9626 -6.6500,
          0.2225 10.9749 -6.6500,
          -0.9691 9.7532 -6.6500,
          -0.9888 9.8510 -6.6500,
          -0.9802 9.8019 -6.6500,
          -0.9950 9.9004 -6.6500,
          0.1243 10.9922 -6.6500,
          0.0747 10.9972 -6.6500,
          0.1736 10.9848 -6.6500,
          -0.9988 10.0498 -6.6500,
          -0.9988 9.9502 -6.6500,
          -1.0000 10.0000 -6.6500,
          -0.0249 10.9997 -6.6500,
          -0.0747 10.9972 -6.6500,
          0.0249 10.9997 -6.6500,
          -0.1243 10.9922 -6.6500,
          -0.9802 10.1981 -6.6500,
          -0.9950 10.0996 -6.6500,
          -0.9888 10.1490 -6.6500,
          -0.2225 10.9749 -6.6500,
          -0.2708 10.9626 -6.6500,
          -0.1736 10.9848 -6.6500,
          -0.9556 10.2948 -6.6500,
          -0.9691 10.2468 -6.6500,
          -0.9397 10.3420 -6.6500,
          -0.3185 10.9479 -6.6500,
          -0.3653 10.9309 -6.6500,
          -0.9010 10.4339 -6.6500,
          -0.9215 10.3884 -6.6500,
          -0.4562 10.8899 -6.6500,
          -0.5000 10.8660 -6.6500,
          -0.4113 10.9115 -6.6500,
          -0.8533 10.5214 -6.6500,
          -0.8782 10.4783 -6.6500,
          -0.8262 10.5633 -6.6500,
          -0.5837 10.8119 -6.6500,
          -0.6235 10.7818 -6.6500,
          -0.5425 10.8400 -6.6500,
          -0.7660 10.6428 -6.6500,
          -0.7971 10.6038 -6.6500,
          -0.7331 10.6802 -6.6500,
          -0.6982 10.7159 -6.6500,
          -0.6617 10.7498 -6.6500,
          1.0000 10.0000 -6.6500,
          0.9988 9.9502 -6.6500,
          0.9950 9.9004 -6.6500,
          0.9888 9.8510 -6.6500,
          0.9802 9.8019 -6.6500,
          0.9691 9.7532 -6.6500,
          0.9556 9.7052 -6.6500,
          0.9397 9.6580 -6.6500,
          0.9215 9.6116 -6.6500,
          0.9010 9.5661 -6.6500,
          0.8782 9.5217 -6.6500,
          0.8533 9.4786 -6.6500,
          0.8262 9.4367 -6.6500,
          0.7971 9.3962 -6.6500,
          0.7660 9.3572 -6.6500,
          0.7331 9.3198 -6.6500,
          0.6982 9.2841 -6.6500,
          0.6617 9.2502 -6.6500,
          0.6235 9.2182 -6.6500,
          0.5837 9.1881 -6.6500,
          0.5425 9.1600 -6.6500,
          0.5000 9.1340 -6.6500,
          0.4562 9.1101 -6.6500,
          0.4113 9.0885 -6.6500,
          0.3653 9.0691 -6.6500,
          0.3185 9.0521 -6.6500,
          0.2708 9.0374 -6.6500,
          0.2225 9.0251 -6.6500,
          0.1736 9.0152 -6.6500,
          0.1243 9.0078 -6.6500,
          0.0747 9.0028 -6.6500,
          0.0249 9.0003 -6.6500,
        ] }
        coordIndex [
          0 1 2 -1,
          3 4 5 -1,
          5 4 6 -1,
          6 4 7 -1,
          7 4 8 -1,
          9 10 11 -1,
          11 10 12 -1,
          12 10 13 -1,
          13 10 1 -1,
          14 15 16 -1,
          17 18 19 -1,
          19 18 20 -1,
          20 18 10 -1,
          18 21 10 -1,
          22 23 24 -1,
          24 23 25 -1,
          4 26 14 -1,
          15 26 27 -1,
          27 26 22 -1,
          14 26 15 -1,
          22 26 23 -1,
          28 29 30 -1,
          30 29 21 -1,
          26 31 32 -1,
          26 33 31 -1,
          34 35 29 -1,
          33 36 37 -1,
          36 38 39 -1,
          33 38 36 -1,
          40 41 42 -1,
          42 41 43 -1,
          43 41 35 -1,
          41 44 35 -1,
          45 44 41 -1,
          35 44 29 -1,
          38 46 47 -1,
          47 46 48 -1,
          48 46 49 -1,
          50 51 44 -1,
          51 52 44 -1,
          53 54 55 -1,
          46 56 53 -1,
          53 56 54 -1,
          57 58 59 -1,
          59 58 52 -1,
          56 60 61 -1,
          61 60 62 -1,
          46 60 56 -1,
          38 60 46 -1,
          63 64 65 -1,
          65 66 58 -1,
          64 66 65 -1,
          60 67 68 -1,
          68 67 69 -1,
          70 71 72 -1,
          72 71 66 -1,
          67 73 74 -1,
          60 75 67 -1,
          67 75 73 -1,
          76 77 71 -1,
          75 78 79 -1,
          80 81 82 -1,
          82 81 77 -1,
          78 83 84 -1,
          75 83 78 -1,
          75 85 83 -1,
          86 87 88 -1,
          88 87 81 -1,
          81 87 77 -1,
          85 89 90 -1,
          85 91 89 -1,
          26 92 33 -1,
          29 92 21 -1,
          3 92 4 -1,
          10 92 1 -1,
          71 92 66 -1,
          93 92 87 -1,
          77 92 71 -1,
          66 92 58 -1,
          87 92 77 -1,
          4 92 26 -1,
          60 92 75 -1,
          85 92 91 -1,
          2 92 94 -1,
          94 92 95 -1,
          95 92 96 -1,
          96 92 97 -1,
          97 92 98 -1,
          98 92 99 -1,
          99 92 100 -1,
          100 92 101 -1,
          101 92 102 -1,
          102 92 103 -1,
          103 92 104 -1,
          104 92 105 -1,
          44 92 29 -1,
          105 92 106 -1,
          106 92 107 -1,
          107 92 108 -1,
          58 92 52 -1,
          108 92 109 -1,
          109 92 110 -1,
          110 92 111 -1,
          111 92 112 -1,
          52 92 44 -1,
          75 92 85 -1,
          112 92 113 -1,
          113 92 114 -1,
          114 92 115 -1,
          1 92 2 -1,
          115 92 116 -1,
          116 92 117 -1,
          117 92 118 -1,
          118 92 119 -1,
          38 92 60 -1,
          119 92 120 -1,
          120 92 121 -1,
          121 92 122 -1,
          122 92 123 -1,
          123 92 124 -1,
          124 92 125 -1,
          21 92 10 -1,
          125 92 3 -1,
          33 92 38 -1,
        ]
      }
    }
    Shape {
      appearance Appearance {
        material Material {
          diffuseColor 0.200 0.200 0.200
          specularColor 0.050 0.050 0.050
          shininess 0.15
        }
      }
      geometry IndexedFaceSet {
        creaseAngle 0.785398
        solid TRUE
        coord Coordinate { point [
          0.9891 10.0000 -6.6973,
          0.9988 10.0498 -6.6500,
          1.0000 10.0000 -6.6500,
          0.1748 10.0087 -7.4379,
          0.2228 10.0000 -7.4293,
          0.1750 10.0000 -7.4379,
          -0.9891 10.0000 -6.6973,
          -1.0000 10.0000 -6.6500,
          -0.9988 10.0498 -6.6500,
          -0.1750 10.0000 -7.4379,
          -0.2228 10.0000 -7.4293,
          -0.1748 10.0087 -7.4379,
          0.9805 10.0709 -6.7201,
          0.9950 10.0996 -6.6500,
          0.9760 10.0000 -6.7441,
          0.9786 10.0935 -6.7201,
          0.9888 10.1490 -6.6500,
          0.9719 10.0928 -6.7429,
          0.9606 10.0000 -6.7901,
          0.9696 10.1147 -6.7429,
          0.9802 10.1981 -6.6500,
          0.9624 10.1139 -6.7654,
          0.9597 10.1352 -6.7654,
          0.9520 10.1341 -6.7878,
          0.9489 10.1548 -6.7878,
          0.9454 10.1750 -6.7878,
          0.9373 10.1735 -6.8098,
          0.7830 10.3263 -7.0106,
          0.8318 10.2113 -6.9956,
          0.8143 10.2068 -7.0225,
          0.7954 10.3314 -6.9903,
          0.7703 10.3209 -7.0305,
          0.7959 10.2021 -7.0487,
          0.7571 10.3154 -7.0501,
          0.6498 10.6827 -6.8364,
          0.6617 10.7498 -6.6500,
          0.6982 10.7159 -6.6500,
          0.6676 10.6654 -6.8364,
          0.7435 10.3098 -7.0692,
          0.7768 10.1973 -7.0742,
          0.6318 10.6994 -6.8364,
          0.7294 10.3039 -7.0881,
          0.7568 10.1922 -7.0992,
          0.6137 10.7154 -6.8364,
          0.3113 10.0438 -7.4057,
          0.4080 10.0000 -7.3718,
          0.3628 10.0000 -7.3895,
          0.2897 10.0343 -7.4124,
          0.3168 10.0000 -7.4050,
          0.2701 10.0000 -7.4183,
          0.3103 10.0506 -7.4057,
          0.3312 10.0613 -7.3986,
          0.2889 10.0407 -7.4124,
          0.2670 10.0316 -7.4186,
          0.1741 10.0174 -7.4379,
          0.1730 10.0261 -7.4379,
          0.1715 10.0347 -7.4379,
          0.3091 10.0572 -7.4057,
          0.1696 10.0432 -7.4379,
          0.1672 10.0516 -7.4379,
          0.1644 10.0599 -7.4379,
          -0.5953 10.7308 -6.8364,
          -0.6235 10.7818 -6.6500,
          -0.5767 10.7455 -6.8364,
          -0.6137 10.7154 -6.8364,
          -0.6617 10.7498 -6.6500,
          0.2711 10.2426 -7.3891,
          0.1341 10.1125 -7.4379,
          0.1283 10.1190 -7.4379,
          0.2777 10.2350 -7.3891,
          -0.6318 10.6994 -6.8364,
          0.2645 10.2499 -7.3891,
          -0.6498 10.6827 -6.8364,
          -0.6982 10.7159 -6.6500,
          0.2577 10.2568 -7.3891,
          0.1222 10.1253 -7.4379,
          -0.6676 10.6654 -6.8364,
          0.2508 10.2635 -7.3891,
          0.1158 10.1312 -7.4379,
          0.2439 10.2700 -7.3891,
          0.2369 10.2762 -7.3891,
          0.1091 10.1368 -7.4379,
          0.2298 10.2821 -7.3891,
          0.2226 10.2878 -7.3891,
          0.1022 10.1421 -7.4379,
          0.2154 10.2932 -7.3891,
          0.2080 10.2985 -7.3891,
          0.0949 10.1470 -7.4379,
          0.1845 10.3136 -7.3891,
          0.0875 10.1516 -7.4379,
          0.1766 10.3181 -7.3891,
          0.0798 10.1557 -7.4379,
          0.1686 10.3224 -7.3891,
          0.1606 10.3265 -7.3891,
          0.0720 10.1595 -7.4379,
          0.1340 10.3382 -7.3891,
          0.0639 10.1629 -7.4379,
          0.1255 10.3415 -7.3891,
          0.0557 10.1659 -7.4379,
          0.1169 10.3445 -7.3891,
          0.1083 10.3473 -7.3891,
          0.0474 10.1685 -7.4379,
          0.0997 10.3499 -7.3891,
          0.0389 10.1706 -7.4379,
          0.0706 10.3569 -7.3891,
          0.0304 10.1723 -7.4379,
          0.0617 10.3586 -7.3891,
          0.0527 10.3600 -7.3891,
          0.0218 10.1736 -7.4379,
          0.0438 10.3612 -7.3891,
          0.0131 10.1745 -7.4379,
          -0.9786 10.0935 -6.7201,
          -0.9950 10.0996 -6.6500,
          -0.9888 10.1490 -6.6500,
          -0.9696 10.1147 -6.7429,
          -0.9802 10.1981 -6.6500,
          -0.9489 10.1548 -6.7878,
          -0.9597 10.1352 -6.7654,
          -0.9454 10.1750 -6.7878,
          0.0136 10.3636 -7.3891,
          0.0044 10.1749 -7.4379,
          -0.9805 10.0709 -6.7201,
          -0.9760 10.0000 -6.7441,
          -0.9373 10.1735 -6.8098,
          -0.9719 10.0928 -6.7429,
          -0.9606 10.0000 -6.7901,
          -0.9624 10.1139 -6.7654,
          0.0045 10.3638 -7.3891,
          -0.9520 10.1341 -6.7878,
          -0.0045 10.3638 -7.3891,
          -0.0044 10.1749 -7.4379,
          -0.0136 10.3636 -7.3891,
          -0.0131 10.1745 -7.4379,
          -0.0438 10.3612 -7.3891,
          -0.0218 10.1736 -7.4379,
          -0.0527 10.3600 -7.3891,
          -0.0304 10.1723 -7.4379,
          -0.0617 10.3586 -7.3891,
          -0.0706 10.3569 -7.3891,
          -0.0389 10.1706 -7.4379,
          -0.8318 10.2113 -6.9956,
          -0.7954 10.3314 -6.9903,
          -0.7830 10.3263 -7.0106,
          -0.0997 10.3499 -7.3891,
          -0.0474 10.1685 -7.4379,
          -0.1083 10.3473 -7.3891,
          -0.0557 10.1659 -7.4379,
          -0.1169 10.3445 -7.3891,
          -0.8143 10.2068 -7.0225,
          -0.7703 10.3209 -7.0305,
          -0.1255 10.3415 -7.3891,
          -0.0639 10.1629 -7.4379,
          -0.1340 10.3382 -7.3891,
          -0.0720 10.1595 -7.4379,
          -0.7959 10.2021 -7.0487,
          -0.7571 10.3154 -7.0501,
          -0.7435 10.3098 -7.0692,
          -0.1606 10.3265 -7.3891,
          -0.0798 10.1557 -7.4379,
          -0.7768 10.1973 -7.0742,
          -0.7294 10.3039 -7.0881,
          -0.1686 10.3224 -7.3891,
          -0.1766 10.3181 -7.3891,
          -0.0875 10.1516 -7.4379,
          -0.7568 10.1922 -7.0992,
          -0.1845 10.3136 -7.3891,
          -0.0949 10.1470 -7.4379,
          -0.2080 10.2985 -7.3891,
          -0.1022 10.1421 -7.4379,
          -0.2154 10.2932 -7.3891,
          -0.2226 10.2878 -7.3891,
          -0.1091 10.1368 -7.4379,
          -0.2298 10.2821 -7.3891,
          -0.2369 10.2762 -7.3891,
          -0.1158 10.1312 -7.4379,
          -0.2439 10.2700 -7.3891,
          -0.2508 10.2635 -7.3891,
          -0.1222 10.1253 -7.4379,
          -0.2577 10.2568 -7.3891,
          -0.1283 10.1190 -7.4379,
          -0.2645 10.2499 -7.3891,
          -0.2711 10.2426 -7.3891,
          -0.1341 10.1125 -7.4379,
          -0.2777 10.2350 -7.3891,
          -0.3091 10.0572 -7.4057,
          -0.1644 10.0599 -7.4379,
          -0.1672 10.0516 -7.4379,
          -0.1696 10.0432 -7.4379,
          -0.1715 10.0347 -7.4379,
          -0.3103 10.0506 -7.4057,
          -0.3312 10.0613 -7.3986,
          -0.3113 10.0438 -7.4057,
          -0.3628 10.0000 -7.3895,
          -0.4080 10.0000 -7.3718,
          -0.2889 10.0407 -7.4124,
          -0.2897 10.0343 -7.4124,
          -0.3168 10.0000 -7.4050,
          -0.2701 10.0000 -7.4183,
          -0.2670 10.0316 -7.4186,
          -0.1730 10.0261 -7.4379,
          -0.1741 10.0174 -7.4379,
          0.9494 10.2561 -6.7189,
          0.9397 10.3420 -6.6500,
          0.9556 10.2948 -6.6500,
          0.9691 10.2468 -6.6500,
          0.9256 10.0814 -6.8669,
          0.9430 10.0000 -6.8354,
          0.9232 10.0000 -6.8797,
          0.9013 10.0000 -6.9230,
          0.9027 10.3526 -6.7656,
          0.9215 10.3884 -6.6500,
          0.9053 10.2656 -6.8341,
          0.8515 10.3562 -6.8800,
          0.8745 10.1032 -6.9597,
          0.8773 10.0000 -6.9652,
          0.8935 10.3752 -6.7656,
          0.9009 10.2643 -6.8451,
          0.8899 10.1948 -6.9044,
          0.8840 10.3972 -6.7656,
          0.9010 10.4339 -6.6500,
          0.8619 10.1018 -6.9805,
          0.8512 10.0000 -7.0062,
          0.8741 10.4185 -6.7656,
          0.8782 10.4783 -6.6500,
          0.8489 10.1002 -7.0009,
          0.8399 10.0992 -7.0144,
          0.8260 10.0975 -7.0342,
          0.8233 10.0000 -7.0459,
          0.8214 10.5274 -6.7434,
          0.8262 10.5633 -6.6500,
          0.8533 10.5214 -6.6500,
          0.8076 10.5484 -6.7434,
          0.7527 10.5673 -6.8364,
          0.8069 10.0953 -7.0602,
          0.7934 10.0000 -7.0842,
          0.7617 10.0000 -7.1210,
          0.7934 10.5688 -6.7434,
          0.7194 10.6089 -6.8364,
          0.7024 10.6285 -6.8364,
          0.7331 10.6802 -6.6500,
          0.7660 10.6428 -6.6500,
          0.7971 10.6038 -6.6500,
          0.6851 10.6473 -6.8364,
          0.7362 10.5885 -6.8364,
          0.8114 10.4608 -6.8583,
          0.7334 10.0866 -7.1458,
          0.7282 10.0000 -7.1562,
          0.7879 10.4467 -6.9145,
          0.7164 10.0846 -7.1630,
          0.6931 10.0000 -7.1897,
          0.6564 10.0000 -7.2215,
          0.6383 10.1170 -7.2276,
          0.6195 10.1136 -7.2427,
          0.6182 10.0000 -7.2515,
          0.5744 10.2393 -7.2485,
          0.5920 10.2467 -7.2337,
          0.6782 10.2246 -7.1698,
          0.6375 10.6338 -6.9274,
          0.6101 10.1118 -7.2500,
          0.6278 10.6433 -6.9274,
          0.6183 10.6525 -6.9274,
          0.6005 10.1101 -7.2572,
          0.5564 10.2318 -7.2628,
          0.6088 10.6613 -6.9274,
          0.5994 10.6698 -6.9274,
          0.5902 10.6780 -6.9274,
          0.5810 10.1065 -7.2713,
          0.5786 10.0000 -7.2796,
          0.5381 10.2242 -7.2767,
          0.6643 10.2768 -7.1647,
          0.6085 10.3786 -7.1675,
          0.5810 10.6859 -6.9274,
          0.5072 10.6763 -7.0149,
          0.5953 10.7308 -6.8364,
          0.5712 10.1047 -7.2781,
          0.5718 10.6936 -6.9274,
          0.5627 10.7010 -6.9274,
          0.5767 10.7455 -6.8364,
          0.5613 10.1029 -7.2848,
          0.5194 10.2164 -7.2901,
          0.5537 10.7081 -6.9274,
          0.5447 10.7151 -6.9274,
          0.5579 10.7597 -6.8364,
          0.2425 10.9456 -6.7434,
          0.2583 10.9065 -6.8364,
          0.1830 10.9246 -6.8364,
          0.1598 10.9289 -6.8364,
          0.1736 10.9848 -6.6500,
          0.2225 10.9749 -6.6500,
          0.2708 10.9626 -6.6500,
          0.5357 10.7218 -6.9274,
          0.5412 10.0992 -7.2980,
          0.5377 10.0000 -7.3057,
          0.5005 10.2085 -7.3030,
          0.5268 10.7284 -6.9274,
          0.5389 10.7733 -6.8364,
          0.5311 10.0974 -7.3043,
          0.4988 10.7478 -6.9274,
          0.3978 10.7459 -7.0149,
          0.4781 10.8123 -6.8364,
          0.5208 10.0955 -7.3106,
          0.4955 10.0000 -7.3298,
          0.4812 10.2005 -7.3154,
          0.4396 10.7841 -6.9274,
          0.4575 10.8241 -6.8364,
          0.4297 10.7895 -6.9274,
          0.4368 10.8352 -6.8364,
          0.0952 10.9715 -6.7434,
          0.0118 10.9425 -6.8364,
          -0.0118 10.9425 -6.8364,
          -0.0249 10.9997 -6.6500,
          0.0249 10.9997 -6.6500,
          0.0747 10.9972 -6.6500,
          0.1243 10.9922 -6.6500,
          0.1134 10.9357 -6.8364,
          0.0353 10.9419 -6.8364,
          0.1366 10.9326 -6.8364,
          0.4198 10.7948 -6.9274,
          0.4099 10.8000 -6.9274,
          0.4159 10.8458 -6.8364,
          0.3780 10.8156 -6.9274,
          0.2742 10.7997 -7.0149,
          0.3472 10.8762 -6.8364,
          0.3115 10.8432 -6.9274,
          0.3251 10.8847 -6.8364,
          0.3008 10.8470 -6.9274,
          0.3029 10.8925 -6.8364,
          0.2902 10.8507 -6.9274,
          0.2796 10.8543 -6.9274,
          0.2806 10.8998 -6.8364,
          -0.0952 10.9715 -6.7434,
          -0.0353 10.9419 -6.8364,
          -0.1134 10.9357 -6.8364,
          -0.1366 10.9326 -6.8364,
          -0.1598 10.9289 -6.8364,
          -0.1736 10.9848 -6.6500,
          -0.1243 10.9922 -6.6500,
          -0.0747 10.9972 -6.6500,
          0.2690 10.8577 -6.9274,
          0.5298 10.4783 -7.1704,
          0.5827 10.5260 -7.0942,
          0.4695 10.6259 -7.0973,
          0.4265 10.5687 -7.1732,
          0.1980 10.8768 -6.9274,
          0.1399 10.8337 -7.0149,
          0.4455 10.6432 -7.0973,
          0.3822 10.5994 -7.1732,
          0.4130 10.1209 -7.3620,
          0.1617 10.8842 -6.9274,
          0.1506 10.8862 -6.9274,
          -0.2425 10.9456 -6.7434,
          -0.1830 10.9246 -6.8364,
          -0.2806 10.8998 -6.8364,
          -0.3029 10.8925 -6.8364,
          -0.2583 10.9065 -6.8364,
          -0.3185 10.9479 -6.6500,
          -0.2708 10.9626 -6.6500,
          -0.2225 10.9749 -6.6500,
          0.1396 10.8880 -6.9274,
          0.1285 10.8896 -6.9274,
          0.3948 10.6755 -7.0973,
          0.3345 10.6273 -7.1732,
          0.3682 10.6904 -7.0973,
          0.4714 10.4255 -7.2387,
          0.0542 10.8972 -6.9274,
          -0.0000 10.8454 -7.0149,
          0.3407 10.7043 -7.0973,
          0.2839 10.6517 -7.1732,
          0.0168 10.8987 -6.9274,
          0.4519 10.3389 -7.2887,
          0.3280 10.4373 -7.3002,
          0.0056 10.8989 -6.9274,
          -0.3807 10.8989 -6.7434,
          -0.3251 10.8847 -6.8364,
          -0.3472 10.8762 -6.8364,
          -0.5000 10.8660 -6.6500,
          -0.4562 10.8899 -6.6500,
          -0.4113 10.9115 -6.6500,
          -0.3653 10.9309 -6.6500,
          -0.0056 10.8989 -6.9274,
          0.4438 10.3328 -7.2952,
          -0.0168 10.8987 -6.9274,
          0.4355 10.3266 -7.3016,
          0.2834 10.7293 -7.0973,
          0.2306 10.6725 -7.1732,
          0.4272 10.3204 -7.3079,
          -0.0542 10.8972 -6.9274,
          -0.1399 10.8337 -7.0149,
          0.2538 10.7401 -7.0973,
          0.3859 10.2188 -7.3560,
          0.2235 10.7498 -7.0973,
          0.1750 10.6890 -7.1732,
          -0.1285 10.8896 -6.9274,
          0.3791 10.5055 -7.2411,
          -0.1396 10.8880 -6.9274,
          -0.1506 10.8862 -6.9274,
          -0.1617 10.8842 -6.9274,
          0.3598 10.5194 -7.2411,
          0.1613 10.7656 -7.0973,
          0.1177 10.7011 -7.1732,
          -0.1980 10.8768 -6.9274,
          -0.2742 10.7997 -7.0149,
          0.1295 10.7716 -7.0973,
          0.3189 10.5455 -7.2411,
          0.2572 10.4823 -7.3002,
          0.0974 10.7763 -7.0973,
          0.0591 10.7084 -7.1732,
          -0.2690 10.8577 -6.9274,
          -0.2796 10.8543 -6.9274,
          0.2973 10.5575 -7.2411,
          -0.2902 10.8507 -6.9274,
          -0.3008 10.8470 -6.9274,
          -0.3115 10.8432 -6.9274,
          0.2751 10.5688 -7.2411,
          0.0326 10.7817 -7.0973,
          -0.0000 10.7109 -7.1732,
          0.3239 10.3220 -7.3497,
          0.2905 10.2190 -7.3891,
          0.2842 10.2272 -7.3891,
          -0.0000 10.7824 -7.0973,
          0.3190 10.3269 -7.3497,
          0.3142 10.3316 -7.3497,
          -0.3780 10.8156 -6.9274,
          -0.4159 10.8458 -6.8364,
          -0.3978 10.7459 -7.0149,
          0.2289 10.5889 -7.2411,
          0.1773 10.5171 -7.3002,
          0.3094 10.3360 -7.3497,
          -0.0326 10.7817 -7.0973,
          -0.0591 10.7084 -7.1732,
          0.3046 10.3404 -7.3497,
          0.2341 10.1334 -7.4185,
          0.1613 10.0680 -7.4379,
          0.1577 10.0759 -7.4379,
          0.1537 10.0837 -7.4379,
          0.1493 10.0913 -7.4379,
          0.2999 10.3445 -7.3497,
          -0.4099 10.8000 -6.9274,
          -0.4368 10.8352 -6.8364,
          0.2049 10.5977 -7.2411,
          -0.4198 10.7948 -6.9274,
          0.2952 10.3485 -7.3497,
          -0.4297 10.7895 -6.9274,
          -0.4575 10.8241 -6.8364,
          0.2906 10.3524 -7.3497,
          0.2304 10.1396 -7.4185,
          0.1446 10.0986 -7.4379,
          0.1395 10.1057 -7.4379,
          -0.4396 10.7841 -6.9274,
          -0.4781 10.8123 -6.8364,
          0.2859 10.3562 -7.3497,
          0.1804 10.6055 -7.2411,
          -0.0974 10.7763 -7.0973,
          -0.1177 10.7011 -7.1732,
          0.2813 10.3598 -7.3497,
          0.2768 10.3634 -7.3497,
          0.2722 10.3668 -7.3497,
          -0.1295 10.7716 -7.0973,
          0.2677 10.3701 -7.3497,
          -0.4988 10.7478 -6.9274,
          -0.5072 10.6763 -7.0149,
          -0.5389 10.7733 -6.8364,
          0.1302 10.6183 -7.2411,
          0.0905 10.5391 -7.3002,
          -0.7934 10.5688 -6.7434,
          -0.7194 10.6089 -6.8364,
          -0.7362 10.5885 -6.8364,
          -0.6851 10.6473 -6.8364,
          -0.7024 10.6285 -6.8364,
          -0.7527 10.5673 -6.8364,
          -0.8262 10.5633 -6.6500,
          -0.7971 10.6038 -6.6500,
          -0.7660 10.6428 -6.6500,
          -0.7331 10.6802 -6.6500,
          -0.1613 10.7656 -7.0973,
          -0.1750 10.6890 -7.1732,
          0.2534 10.3800 -7.3497,
          -0.5268 10.7284 -6.9274,
          -0.5579 10.7597 -6.8364,
          -0.8076 10.5484 -6.7434,
          0.1046 10.6231 -7.2411,
          -0.5357 10.7218 -6.9274,
          -0.5447 10.7151 -6.9274,
          -0.8214 10.5274 -6.7434,
          -0.8782 10.4783 -6.6500,
          -0.8533 10.5214 -6.6500,
          -0.5537 10.7081 -6.9274,
          0.0787 10.6269 -7.2411,
          -0.2235 10.7498 -7.0973,
          -0.2306 10.6725 -7.1732,
          -0.5627 10.7010 -6.9274,
          0.2234 10.3984 -7.3497,
          -0.5718 10.6936 -6.9274,
          0.2183 10.4012 -7.3497,
          -0.5810 10.6859 -6.9274,
          0.2133 10.4039 -7.3497,
          -0.2538 10.7401 -7.0973,
          0.2083 10.4065 -7.3497,
          -0.5902 10.6780 -6.9274,
          -0.5994 10.6698 -6.9274,
          0.0263 10.6313 -7.2411,
          -0.0000 10.5466 -7.3002,
          -0.6088 10.6613 -6.9274,
          -0.2834 10.7293 -7.0973,
          -0.2839 10.6517 -7.1732,
          0.1921 10.4144 -7.3497,
          -0.6183 10.6525 -6.9274,
          -0.6278 10.6433 -6.9274,
          -0.0000 10.6318 -7.2411,
          -0.6375 10.6338 -6.9274,
          -0.0263 10.6313 -7.2411,
          -0.3407 10.7043 -7.0973,
          -0.3345 10.6273 -7.1732,
          0.1583 10.4285 -7.3497,
          0.1529 10.4304 -7.3497,
          -0.8741 10.4185 -6.7656,
          -0.9010 10.4339 -6.6500,
          0.1475 10.4323 -7.3497,
          -0.3682 10.6904 -7.0973,
          0.1421 10.4341 -7.3497,
          0.1367 10.4358 -7.3497,
          -0.8840 10.3972 -6.7656,
          -0.8515 10.3562 -6.8800,
          -0.9215 10.3884 -6.6500,
          -0.0787 10.6269 -7.2411,
          -0.0905 10.5391 -7.3002,
          -0.3948 10.6755 -7.0973,
          -0.3822 10.5994 -7.1732,
          -0.8935 10.3752 -6.7656,
          -0.1046 10.6231 -7.2411,
          -0.9027 10.3526 -6.7656,
          -0.9397 10.3420 -6.6500,
          0.1006 10.4455 -7.3497,
          -0.8114 10.4608 -6.8583,
          -0.1302 10.6183 -7.2411,
          -0.4455 10.6432 -7.0973,
          -0.4265 10.5687 -7.1732,
          0.0822 10.4493 -7.3497,
          0.0765 10.4503 -7.3497,
          -0.9494 10.2561 -6.7189,
          -0.9691 10.2468 -6.6500,
          -0.9556 10.2948 -6.6500,
          0.0709 10.4512 -7.3497,
          -0.4695 10.6259 -7.0973,
          0.0653 10.4521 -7.3497,
          -0.1804 10.6055 -7.2411,
          -0.1773 10.5171 -7.3002,
          -0.7879 10.4467 -6.9145,
          -0.2049 10.5977 -7.2411,
          0.0276 10.4559 -7.3497,
          -0.2289 10.5889 -7.2411,
          0.0085 10.4567 -7.3497,
          0.0028 10.4568 -7.3497,
          -0.0028 10.4568 -7.3497,
          -0.0085 10.4567 -7.3497,
          -0.2751 10.5688 -7.2411,
          -0.2572 10.4823 -7.3002,
          -0.9053 10.2656 -6.8341,
          -0.0276 10.4559 -7.3497,
          -0.9009 10.2643 -6.8451,
          -0.2973 10.5575 -7.2411,
          -0.3189 10.5455 -7.2411,
          -0.0653 10.4521 -7.3497,
          -0.0709 10.4512 -7.3497,
          -0.0765 10.4503 -7.3497,
          -0.0822 10.4493 -7.3497,
          -0.3598 10.5194 -7.2411,
          -0.3280 10.4373 -7.3002,
          -0.1006 10.4455 -7.3497,
          -0.3791 10.5055 -7.2411,
          -0.5298 10.4783 -7.1704,
          -0.6085 10.3786 -7.1675,
          -0.5827 10.5260 -7.0942,
          -0.1367 10.4358 -7.3497,
          -0.1421 10.4341 -7.3497,
          -0.8899 10.1948 -6.9044,
          -0.1475 10.4323 -7.3497,
          -0.1529 10.4304 -7.3497,
          -0.1583 10.4285 -7.3497,
          -0.1921 10.4144 -7.3497,
          -0.9256 10.0814 -6.8669,
          -0.9430 10.0000 -6.8354,
          -0.9232 10.0000 -6.8797,
          -0.9013 10.0000 -6.9230,
          -0.4714 10.4255 -7.2387,
          -0.2083 10.4065 -7.3497,
          -0.2133 10.4039 -7.3497,
          -0.2183 10.4012 -7.3497,
          -0.2234 10.3984 -7.3497,
          -0.2534 10.3800 -7.3497,
          -0.8745 10.1032 -6.9597,
          -0.8773 10.0000 -6.9652,
          -0.2677 10.3701 -7.3497,
          -0.2722 10.3668 -7.3497,
          -0.8619 10.1018 -6.9805,
          -0.8512 10.0000 -7.0062,
          -0.2768 10.3634 -7.3497,
          -0.2813 10.3598 -7.3497,
          -0.6643 10.2768 -7.1647,
          -0.2859 10.3562 -7.3497,
          -0.2906 10.3524 -7.3497,
          -0.8489 10.1002 -7.0009,
          -0.2952 10.3485 -7.3497,
          -0.2999 10.3445 -7.3497,
          -0.8399 10.0992 -7.0144,
          -0.4519 10.3389 -7.2887,
          -0.5194 10.2164 -7.2901,
          -0.5381 10.2242 -7.2767,
          -0.5803 10.2975 -7.2251,
          -0.5564 10.2318 -7.2628,
          -0.5920 10.2467 -7.2337,
          -0.5744 10.2393 -7.2485,
          -0.3046 10.3404 -7.3497,
          -0.4438 10.3328 -7.2952,
          -0.5005 10.2085 -7.3030,
          -0.3094 10.3360 -7.3497,
          -0.3142 10.3316 -7.3497,
          -0.8260 10.0975 -7.0342,
          -0.8233 10.0000 -7.0459,
          -0.4355 10.3266 -7.3016,
          -0.3190 10.3269 -7.3497,
          -0.6782 10.2246 -7.1698,
          -0.4272 10.3204 -7.3079,
          -0.4812 10.2005 -7.3154,
          -0.3239 10.3220 -7.3497,
          -0.2842 10.2272 -7.3891,
          -0.2905 10.2190 -7.3891,
          -0.8069 10.0953 -7.0602,
          -0.7934 10.0000 -7.0842,
          -0.7617 10.0000 -7.1210,
          -0.7334 10.0866 -7.1458,
          -0.7282 10.0000 -7.1562,
          -0.7164 10.0846 -7.1630,
          -0.6931 10.0000 -7.1897,
          -0.6564 10.0000 -7.2215,
          -0.3859 10.2188 -7.3560,
          -0.6383 10.1170 -7.2276,
          -0.6195 10.1136 -7.2427,
          -0.6182 10.0000 -7.2515,
          -0.6101 10.1118 -7.2500,
          -0.6005 10.1101 -7.2572,
          -0.5810 10.1065 -7.2713,
          -0.5786 10.0000 -7.2796,
          -0.5712 10.1047 -7.2781,
          -0.5613 10.1029 -7.2848,
          -0.5412 10.0992 -7.2980,
          -0.5377 10.0000 -7.3057,
          -0.5311 10.0974 -7.3043,
          -0.5208 10.0955 -7.3106,
          -0.4955 10.0000 -7.3298,
          -0.2304 10.1396 -7.4185,
          -0.1395 10.1057 -7.4379,
          -0.1446 10.0986 -7.4379,
          -0.1493 10.0913 -7.4379,
          -0.4130 10.1209 -7.3620,
          -0.2341 10.1334 -7.4185,
          -0.1537 10.0837 -7.4379,
          -0.1577 10.0759 -7.4379,
          -0.1613 10.0680 -7.4379,
          0.7212 10.5423 -6.9210,
          0.6829 10.5122 -7.0026,
          0.7466 10.4222 -6.9965,
          0.7407 10.4189 -7.0066,
          0.6775 10.5081 -7.0128,
          0.7378 10.4172 -7.0117,
          0.7348 10.4155 -7.0167,
          0.6720 10.5040 -7.0227,
          0.7288 10.4121 -7.0266,
          0.6664 10.4998 -7.0326,
          0.7257 10.4104 -7.0316,
          0.7195 10.4069 -7.0414,
          0.3518 10.9247 -6.6967,
          0.3185 10.9479 -6.6500,
          0.3653 10.9309 -6.6500,
          0.4113 10.9115 -6.6500,
          0.4562 10.8899 -6.6500,
          0.7133 10.4033 -7.0511,
          0.7069 10.3997 -7.0607,
          0.3339 10.9007 -6.7900,
          0.6032 10.5982 -7.0088,
          0.6008 10.5958 -7.0138,
          0.5983 10.5934 -7.0188,
          0.5959 10.5909 -7.0238,
          0.4274 10.0788 -7.3601,
          0.4523 10.0000 -7.3518,
          0.5313 10.3632 -7.2319,
          -0.4656 10.8402 -6.7900,
          -0.5837 10.8119 -6.6500,
          -0.5425 10.8400 -6.6500,
          -0.7212 10.5423 -6.9210,
          -0.6829 10.5122 -7.0026,
          -0.6032 10.5982 -7.0088,
          -0.6775 10.5081 -7.0128,
          -0.6008 10.5958 -7.0138,
          -0.5983 10.5934 -7.0188,
          -0.6720 10.5040 -7.0227,
          -0.5959 10.5909 -7.0238,
          -0.6664 10.4998 -7.0326,
          -0.7466 10.4222 -6.9965,
          -0.7407 10.4189 -7.0066,
          -0.7378 10.4172 -7.0117,
          -0.7348 10.4155 -7.0167,
          -0.7288 10.4121 -7.0266,
          -0.7257 10.4104 -7.0316,
          -0.7195 10.4069 -7.0414,
          -0.7133 10.4033 -7.0511,
          -0.7069 10.3997 -7.0607,
          -0.4274 10.0788 -7.3601,
          -0.4523 10.0000 -7.3518,
          0.4201 10.8729 -6.7667,
          0.5045 10.8474 -6.7084,
          0.5000 10.8660 -6.6500,
          0.5425 10.8400 -6.6500,
          0.5837 10.8119 -6.6500,
          0.6235 10.7818 -6.6500,
        ] }
        coordIndex [
          0 1 2 -1,
          3 4 5 -1,
          6 7 8 -1,
          9 10 11 -1,
          12 1 0 -1,
          12 13 1 -1,
          12 0 14 -1,
          15 13 12 -1,
          15 16 13 -1,
          17 15 12 -1,
          17 12 14 -1,
          17 14 18 -1,
          19 16 15 -1,
          19 20 16 -1,
          19 15 17 -1,
          21 17 18 -1,
          21 19 17 -1,
          22 19 21 -1,
          23 22 21 -1,
          24 22 23 -1,
          25 22 24 -1,
          26 24 23 -1,
          26 25 24 -1,
          27 28 29 -1,
          27 30 28 -1,
          31 29 32 -1,
          31 27 29 -1,
          33 31 32 -1,
          34 35 36 -1,
          34 36 37 -1,
          38 32 39 -1,
          38 33 32 -1,
          40 35 34 -1,
          41 38 39 -1,
          41 39 42 -1,
          43 35 40 -1,
          44 45 46 -1,
          47 46 48 -1,
          47 48 49 -1,
          47 44 46 -1,
          50 51 44 -1,
          52 44 47 -1,
          52 50 44 -1,
          53 52 47 -1,
          53 49 4 -1,
          53 3 54 -1,
          53 54 55 -1,
          53 55 56 -1,
          53 56 52 -1,
          53 47 49 -1,
          53 4 3 -1,
          57 56 58 -1,
          57 58 59 -1,
          57 59 60 -1,
          57 51 50 -1,
          57 52 56 -1,
          57 50 52 -1,
          61 62 63 -1,
          64 62 61 -1,
          64 65 62 -1,
          66 67 68 -1,
          66 69 67 -1,
          70 65 64 -1,
          71 66 68 -1,
          72 73 65 -1,
          72 65 70 -1,
          74 68 75 -1,
          74 71 68 -1,
          76 73 72 -1,
          77 75 78 -1,
          77 74 75 -1,
          79 77 78 -1,
          80 78 81 -1,
          80 79 78 -1,
          82 80 81 -1,
          83 82 81 -1,
          83 81 84 -1,
          85 83 84 -1,
          86 85 84 -1,
          86 84 87 -1,
          88 86 87 -1,
          88 87 89 -1,
          90 88 89 -1,
          90 89 91 -1,
          92 90 91 -1,
          93 92 91 -1,
          93 91 94 -1,
          95 94 96 -1,
          95 93 94 -1,
          97 96 98 -1,
          97 95 96 -1,
          99 97 98 -1,
          100 99 98 -1,
          100 98 101 -1,
          102 101 103 -1,
          102 100 101 -1,
          104 102 103 -1,
          104 103 105 -1,
          106 104 105 -1,
          107 105 108 -1,
          107 106 105 -1,
          109 108 110 -1,
          109 107 108 -1,
          111 112 113 -1,
          114 111 113 -1,
          114 113 115 -1,
          116 117 118 -1,
          119 110 120 -1,
          119 109 110 -1,
          121 122 6 -1,
          121 112 111 -1,
          121 8 112 -1,
          121 6 8 -1,
          123 116 118 -1,
          124 125 122 -1,
          124 111 114 -1,
          124 121 111 -1,
          124 122 121 -1,
          126 114 117 -1,
          126 125 124 -1,
          126 124 114 -1,
          127 119 120 -1,
          128 117 116 -1,
          128 116 123 -1,
          128 126 117 -1,
          129 127 120 -1,
          129 120 130 -1,
          131 129 130 -1,
          131 130 132 -1,
          133 131 132 -1,
          133 132 134 -1,
          135 134 136 -1,
          135 133 134 -1,
          137 135 136 -1,
          138 136 139 -1,
          138 137 136 -1,
          140 141 142 -1,
          143 138 139 -1,
          143 139 144 -1,
          145 143 144 -1,
          145 144 146 -1,
          147 145 146 -1,
          148 140 142 -1,
          148 142 149 -1,
          150 146 151 -1,
          150 147 146 -1,
          152 151 153 -1,
          152 150 151 -1,
          154 148 149 -1,
          154 149 155 -1,
          154 155 156 -1,
          157 153 158 -1,
          157 152 153 -1,
          159 154 156 -1,
          159 156 160 -1,
          161 157 158 -1,
          162 158 163 -1,
          162 161 158 -1,
          164 159 160 -1,
          165 163 166 -1,
          165 162 163 -1,
          167 165 166 -1,
          167 166 168 -1,
          169 167 168 -1,
          170 169 168 -1,
          170 168 171 -1,
          172 170 171 -1,
          173 172 171 -1,
          173 171 174 -1,
          175 173 174 -1,
          176 175 174 -1,
          176 174 177 -1,
          178 176 177 -1,
          178 177 179 -1,
          180 178 179 -1,
          181 180 179 -1,
          181 179 182 -1,
          183 181 182 -1,
          184 185 186 -1,
          184 186 187 -1,
          184 187 188 -1,
          189 190 184 -1,
          191 192 193 -1,
          191 190 189 -1,
          194 184 188 -1,
          194 189 184 -1,
          194 191 189 -1,
          195 192 191 -1,
          195 196 192 -1,
          195 197 196 -1,
          195 191 194 -1,
          198 194 188 -1,
          198 10 197 -1,
          198 11 10 -1,
          198 188 199 -1,
          198 199 200 -1,
          198 200 11 -1,
          198 197 195 -1,
          198 195 194 -1,
          201 19 22 -1,
          201 22 25 -1,
          201 202 203 -1,
          201 203 204 -1,
          201 204 20 -1,
          201 20 19 -1,
          205 26 23 -1,
          205 21 18 -1,
          205 23 21 -1,
          205 18 206 -1,
          205 206 207 -1,
          205 207 208 -1,
          209 202 201 -1,
          209 210 202 -1,
          211 201 25 -1,
          211 209 201 -1,
          211 212 209 -1,
          211 25 26 -1,
          213 205 208 -1,
          213 208 214 -1,
          215 210 209 -1,
          215 209 212 -1,
          216 211 26 -1,
          216 212 211 -1,
          217 213 28 -1,
          217 205 213 -1,
          217 212 216 -1,
          217 26 205 -1,
          217 30 212 -1,
          217 28 30 -1,
          217 216 26 -1,
          218 215 212 -1,
          218 210 215 -1,
          218 219 210 -1,
          220 28 213 -1,
          220 213 214 -1,
          220 214 221 -1,
          222 218 212 -1,
          222 219 218 -1,
          222 223 219 -1,
          224 28 220 -1,
          224 220 221 -1,
          225 29 28 -1,
          225 28 224 -1,
          225 224 221 -1,
          226 32 29 -1,
          226 29 225 -1,
          226 221 227 -1,
          226 225 221 -1,
          228 223 222 -1,
          228 229 230 -1,
          228 230 223 -1,
          231 229 228 -1,
          231 228 232 -1,
          233 42 39 -1,
          233 39 32 -1,
          233 32 226 -1,
          233 226 227 -1,
          233 227 234 -1,
          233 234 235 -1,
          236 237 238 -1,
          236 231 232 -1,
          236 229 231 -1,
          236 36 239 -1,
          236 239 240 -1,
          236 240 241 -1,
          236 241 229 -1,
          236 37 36 -1,
          236 238 242 -1,
          236 232 243 -1,
          236 243 237 -1,
          236 242 37 -1,
          244 222 212 -1,
          244 228 222 -1,
          244 232 228 -1,
          245 42 233 -1,
          245 233 235 -1,
          245 235 246 -1,
          247 212 30 -1,
          247 244 212 -1,
          248 246 249 -1,
          248 249 250 -1,
          248 245 246 -1,
          248 42 245 -1,
          251 248 250 -1,
          252 250 253 -1,
          252 254 255 -1,
          252 251 250 -1,
          252 255 251 -1,
          256 41 42 -1,
          256 42 248 -1,
          256 248 251 -1,
          256 251 255 -1,
          257 242 238 -1,
          257 37 242 -1,
          258 254 252 -1,
          258 252 253 -1,
          259 34 37 -1,
          259 37 257 -1,
          260 34 259 -1,
          261 262 254 -1,
          261 254 258 -1,
          261 258 253 -1,
          263 40 34 -1,
          263 34 260 -1,
          264 40 263 -1,
          265 40 264 -1,
          265 43 40 -1,
          266 253 267 -1,
          266 268 262 -1,
          266 262 261 -1,
          266 261 253 -1,
          269 255 270 -1,
          269 41 256 -1,
          269 256 255 -1,
          269 270 41 -1,
          271 265 272 -1,
          271 273 43 -1,
          271 43 265 -1,
          274 268 266 -1,
          274 266 267 -1,
          275 271 272 -1,
          275 273 271 -1,
          276 275 272 -1,
          276 277 273 -1,
          276 273 275 -1,
          278 279 268 -1,
          278 274 267 -1,
          278 268 274 -1,
          280 277 276 -1,
          280 276 272 -1,
          281 280 272 -1,
          281 277 280 -1,
          281 282 277 -1,
          283 284 285 -1,
          283 285 286 -1,
          283 287 288 -1,
          283 288 289 -1,
          290 281 272 -1,
          290 282 281 -1,
          291 267 292 -1,
          291 279 278 -1,
          291 293 279 -1,
          291 278 267 -1,
          294 282 290 -1,
          294 290 272 -1,
          294 295 282 -1,
          296 291 292 -1,
          296 293 291 -1,
          297 272 298 -1,
          297 294 272 -1,
          297 295 294 -1,
          297 299 295 -1,
          300 292 301 -1,
          300 302 293 -1,
          300 296 292 -1,
          300 293 296 -1,
          303 304 299 -1,
          303 297 298 -1,
          303 299 297 -1,
          305 303 298 -1,
          305 304 303 -1,
          305 306 304 -1,
          307 308 309 -1,
          307 287 283 -1,
          307 283 286 -1,
          307 310 311 -1,
          307 311 312 -1,
          307 312 313 -1,
          307 313 287 -1,
          307 314 315 -1,
          307 315 308 -1,
          307 316 314 -1,
          307 286 316 -1,
          317 305 298 -1,
          317 306 305 -1,
          318 317 298 -1,
          318 306 317 -1,
          318 319 306 -1,
          320 298 321 -1,
          320 318 298 -1,
          320 319 318 -1,
          320 322 319 -1,
          323 324 322 -1,
          323 322 320 -1,
          323 320 321 -1,
          325 324 323 -1,
          325 326 324 -1,
          325 323 321 -1,
          327 326 325 -1,
          327 325 321 -1,
          328 326 327 -1,
          328 329 326 -1,
          328 327 321 -1,
          330 331 332 -1,
          330 333 334 -1,
          330 332 333 -1,
          330 335 336 -1,
          330 336 337 -1,
          330 337 310 -1,
          330 309 331 -1,
          330 307 309 -1,
          330 310 307 -1,
          338 284 329 -1,
          338 329 328 -1,
          338 328 321 -1,
          339 340 270 -1,
          341 340 339 -1,
          341 339 342 -1,
          343 285 284 -1,
          343 284 338 -1,
          343 321 344 -1,
          343 338 321 -1,
          345 272 341 -1,
          345 341 342 -1,
          345 342 346 -1,
          347 302 300 -1,
          347 51 57 -1,
          348 286 285 -1,
          348 285 343 -1,
          348 343 344 -1,
          349 286 348 -1,
          349 348 344 -1,
          350 334 351 -1,
          350 352 353 -1,
          350 351 354 -1,
          350 354 352 -1,
          350 335 330 -1,
          350 330 334 -1,
          350 355 356 -1,
          350 356 357 -1,
          350 357 335 -1,
          358 349 344 -1,
          358 286 349 -1,
          358 316 286 -1,
          359 316 358 -1,
          359 358 344 -1,
          359 314 316 -1,
          360 272 345 -1,
          360 298 272 -1,
          360 346 361 -1,
          360 345 346 -1,
          362 298 360 -1,
          362 360 361 -1,
          363 342 339 -1,
          364 344 365 -1,
          364 359 344 -1,
          364 314 359 -1,
          364 315 314 -1,
          366 361 367 -1,
          366 362 361 -1,
          366 298 362 -1,
          368 364 365 -1,
          368 315 364 -1,
          368 308 315 -1,
          369 268 279 -1,
          369 370 363 -1,
          371 308 368 -1,
          371 368 365 -1,
          372 353 373 -1,
          372 350 353 -1,
          372 355 350 -1,
          372 373 374 -1,
          372 375 376 -1,
          372 376 377 -1,
          372 377 378 -1,
          372 378 355 -1,
          379 309 308 -1,
          379 371 365 -1,
          379 308 371 -1,
          380 369 279 -1,
          380 279 293 -1,
          380 370 369 -1,
          381 379 365 -1,
          381 331 309 -1,
          381 309 379 -1,
          382 380 293 -1,
          382 370 380 -1,
          383 366 367 -1,
          383 298 366 -1,
          383 367 384 -1,
          383 321 298 -1,
          385 293 302 -1,
          385 382 293 -1,
          385 370 382 -1,
          386 332 331 -1,
          386 365 387 -1,
          386 381 365 -1,
          386 331 381 -1,
          388 383 384 -1,
          388 321 383 -1,
          389 302 347 -1,
          389 385 302 -1,
          390 388 384 -1,
          390 384 391 -1,
          390 321 388 -1,
          392 332 386 -1,
          392 386 387 -1,
          392 333 332 -1,
          393 342 363 -1,
          393 363 370 -1,
          394 334 333 -1,
          394 392 387 -1,
          394 333 392 -1,
          395 394 387 -1,
          395 334 394 -1,
          396 351 334 -1,
          396 334 395 -1,
          396 395 387 -1,
          397 346 342 -1,
          397 342 393 -1,
          397 393 370 -1,
          398 391 399 -1,
          398 390 391 -1,
          398 344 321 -1,
          398 321 390 -1,
          400 354 351 -1,
          400 387 401 -1,
          400 396 387 -1,
          400 351 396 -1,
          402 398 399 -1,
          402 344 398 -1,
          403 346 397 -1,
          403 361 346 -1,
          403 397 370 -1,
          403 370 404 -1,
          405 402 399 -1,
          405 344 402 -1,
          405 399 406 -1,
          407 352 354 -1,
          407 400 401 -1,
          407 354 400 -1,
          408 352 407 -1,
          408 353 352 -1,
          408 407 401 -1,
          409 403 404 -1,
          409 361 403 -1,
          410 353 408 -1,
          410 408 401 -1,
          411 373 353 -1,
          411 410 401 -1,
          411 353 410 -1,
          412 374 373 -1,
          412 373 411 -1,
          412 411 401 -1,
          413 367 361 -1,
          413 361 409 -1,
          413 409 404 -1,
          414 406 415 -1,
          414 405 406 -1,
          414 344 405 -1,
          414 365 344 -1,
          416 370 385 -1,
          416 417 418 -1,
          416 418 69 -1,
          416 385 389 -1,
          416 389 417 -1,
          416 69 66 -1,
          416 66 71 -1,
          416 71 74 -1,
          419 365 414 -1,
          419 414 415 -1,
          420 74 77 -1,
          420 416 74 -1,
          420 370 416 -1,
          421 420 77 -1,
          421 370 420 -1,
          422 423 374 -1,
          422 374 412 -1,
          422 412 401 -1,
          422 401 424 -1,
          425 367 413 -1,
          425 413 404 -1,
          425 384 367 -1,
          425 404 426 -1,
          427 77 79 -1,
          427 421 77 -1,
          427 370 421 -1,
          428 415 429 -1,
          428 365 419 -1,
          428 419 415 -1,
          430 427 79 -1,
          430 370 427 -1,
          431 347 57 -1,
          431 60 432 -1,
          431 432 433 -1,
          431 433 434 -1,
          431 434 435 -1,
          431 57 60 -1,
          431 389 347 -1,
          431 417 389 -1,
          436 79 80 -1,
          436 430 79 -1,
          436 370 430 -1,
          437 438 423 -1,
          437 423 422 -1,
          437 422 424 -1,
          439 425 426 -1,
          439 384 425 -1,
          440 438 437 -1,
          440 437 424 -1,
          441 80 82 -1,
          441 436 80 -1,
          441 370 436 -1,
          442 443 438 -1,
          442 438 440 -1,
          442 440 424 -1,
          444 441 82 -1,
          444 370 441 -1,
          445 435 446 -1,
          445 446 447 -1,
          445 447 67 -1,
          445 431 435 -1,
          445 418 417 -1,
          445 67 69 -1,
          445 417 431 -1,
          445 69 418 -1,
          448 449 443 -1,
          448 443 442 -1,
          448 442 424 -1,
          450 82 83 -1,
          450 444 82 -1,
          450 370 444 -1,
          451 391 384 -1,
          451 439 426 -1,
          451 384 439 -1,
          452 387 365 -1,
          452 429 453 -1,
          452 428 429 -1,
          452 365 428 -1,
          454 450 83 -1,
          454 370 450 -1,
          455 370 454 -1,
          455 83 85 -1,
          455 454 83 -1,
          456 455 85 -1,
          456 370 455 -1,
          457 452 453 -1,
          457 387 452 -1,
          458 456 85 -1,
          458 370 456 -1,
          458 85 86 -1,
          459 424 460 -1,
          459 449 448 -1,
          459 461 449 -1,
          459 448 424 -1,
          462 426 463 -1,
          462 399 391 -1,
          462 391 451 -1,
          462 451 426 -1,
          464 73 76 -1,
          464 465 466 -1,
          464 76 467 -1,
          464 467 468 -1,
          464 466 469 -1,
          464 470 471 -1,
          464 471 472 -1,
          464 472 473 -1,
          464 473 73 -1,
          464 468 465 -1,
          474 387 457 -1,
          474 453 475 -1,
          474 457 453 -1,
          476 458 86 -1,
          476 86 88 -1,
          476 370 458 -1,
          476 404 370 -1,
          477 461 459 -1,
          477 478 461 -1,
          477 459 460 -1,
          479 470 464 -1,
          479 464 469 -1,
          480 399 462 -1,
          480 462 463 -1,
          481 478 477 -1,
          481 477 460 -1,
          482 478 481 -1,
          482 481 460 -1,
          482 63 478 -1,
          483 470 479 -1,
          483 484 485 -1,
          483 485 470 -1,
          483 479 469 -1,
          486 482 460 -1,
          486 63 482 -1,
          487 399 480 -1,
          487 480 463 -1,
          487 406 399 -1,
          488 401 387 -1,
          488 387 474 -1,
          488 474 475 -1,
          488 475 489 -1,
          490 486 460 -1,
          490 63 486 -1,
          490 61 63 -1,
          491 476 88 -1,
          491 404 476 -1,
          491 88 90 -1,
          492 61 490 -1,
          492 490 460 -1,
          493 90 92 -1,
          493 404 491 -1,
          493 491 90 -1,
          494 64 61 -1,
          494 61 492 -1,
          494 492 460 -1,
          495 404 493 -1,
          495 493 92 -1,
          496 488 489 -1,
          496 401 488 -1,
          497 92 93 -1,
          497 495 92 -1,
          497 404 495 -1,
          498 494 460 -1,
          498 70 64 -1,
          498 64 494 -1,
          499 70 498 -1,
          500 415 406 -1,
          500 406 487 -1,
          500 487 463 -1,
          500 463 501 -1,
          502 70 499 -1,
          502 72 70 -1,
          503 496 489 -1,
          503 489 504 -1,
          503 401 496 -1,
          505 93 95 -1,
          505 497 93 -1,
          505 404 497 -1,
          505 426 404 -1,
          506 72 502 -1,
          507 76 72 -1,
          507 72 506 -1,
          508 415 500 -1,
          508 500 501 -1,
          509 467 76 -1,
          509 468 467 -1,
          509 76 507 -1,
          510 429 415 -1,
          510 508 501 -1,
          510 415 508 -1,
          511 503 504 -1,
          511 424 401 -1,
          511 504 512 -1,
          511 401 503 -1,
          513 95 97 -1,
          513 505 95 -1,
          513 426 505 -1,
          514 97 99 -1,
          514 426 513 -1,
          514 513 97 -1,
          515 516 484 -1,
          515 484 483 -1,
          517 514 99 -1,
          517 426 514 -1,
          518 424 511 -1,
          518 511 512 -1,
          519 426 517 -1,
          519 517 99 -1,
          519 99 100 -1,
          520 426 519 -1,
          520 519 100 -1,
          520 100 102 -1,
          521 516 515 -1,
          521 515 522 -1,
          521 523 516 -1,
          524 429 510 -1,
          524 510 501 -1,
          524 453 429 -1,
          524 501 525 -1,
          526 424 518 -1,
          526 518 512 -1,
          526 512 527 -1,
          528 521 522 -1,
          528 523 521 -1,
          529 524 525 -1,
          529 453 524 -1,
          530 528 522 -1,
          530 531 523 -1,
          530 523 528 -1,
          532 463 426 -1,
          532 520 102 -1,
          532 102 104 -1,
          532 426 520 -1,
          533 515 483 -1,
          533 522 515 -1,
          533 483 469 -1,
          534 529 525 -1,
          534 475 453 -1,
          534 453 529 -1,
          535 460 424 -1,
          535 424 526 -1,
          535 526 527 -1,
          535 527 536 -1,
          537 463 532 -1,
          537 532 104 -1,
          537 104 106 -1,
          538 463 537 -1,
          538 537 106 -1,
          539 118 117 -1,
          539 117 114 -1,
          539 115 540 -1,
          539 540 541 -1,
          539 541 531 -1,
          539 531 530 -1,
          539 114 115 -1,
          542 106 107 -1,
          542 538 106 -1,
          542 463 538 -1,
          543 460 535 -1,
          543 535 536 -1,
          544 107 109 -1,
          544 542 107 -1,
          544 463 542 -1,
          545 525 546 -1,
          545 534 525 -1,
          545 489 475 -1,
          545 475 534 -1,
          547 141 522 -1,
          547 522 533 -1,
          548 489 545 -1,
          548 545 546 -1,
          549 109 119 -1,
          549 544 109 -1,
          549 501 463 -1,
          549 463 544 -1,
          550 489 548 -1,
          550 504 489 -1,
          550 548 546 -1,
          551 501 549 -1,
          551 119 127 -1,
          551 549 119 -1,
          552 551 127 -1,
          552 501 551 -1,
          553 552 127 -1,
          553 127 129 -1,
          553 501 552 -1,
          554 553 129 -1,
          554 501 553 -1,
          554 129 131 -1,
          555 504 550 -1,
          555 546 556 -1,
          555 512 504 -1,
          555 550 546 -1,
          557 123 118 -1,
          557 118 539 -1,
          557 530 522 -1,
          557 539 530 -1,
          558 501 554 -1,
          558 131 133 -1,
          558 554 131 -1,
          558 525 501 -1,
          559 123 557 -1,
          559 557 522 -1,
          560 512 555 -1,
          560 555 556 -1,
          561 560 556 -1,
          561 527 512 -1,
          561 512 560 -1,
          562 525 558 -1,
          562 133 135 -1,
          562 558 133 -1,
          563 562 135 -1,
          563 525 562 -1,
          563 135 137 -1,
          564 563 137 -1,
          564 525 563 -1,
          565 564 137 -1,
          565 137 138 -1,
          565 525 564 -1,
          566 556 567 -1,
          566 561 556 -1,
          566 527 561 -1,
          566 536 527 -1,
          568 546 525 -1,
          568 138 143 -1,
          568 565 138 -1,
          568 525 565 -1,
          569 566 567 -1,
          569 536 566 -1,
          570 571 572 -1,
          570 572 543 -1,
          570 543 536 -1,
          573 546 568 -1,
          573 143 145 -1,
          573 568 143 -1,
          574 546 573 -1,
          574 573 145 -1,
          574 145 147 -1,
          575 141 140 -1,
          575 123 559 -1,
          575 559 522 -1,
          575 522 141 -1,
          576 546 574 -1,
          576 574 147 -1,
          577 546 576 -1,
          577 576 147 -1,
          577 147 150 -1,
          578 150 152 -1,
          578 577 150 -1,
          578 546 577 -1,
          579 152 157 -1,
          579 556 546 -1,
          579 578 152 -1,
          579 546 578 -1,
          580 581 125 -1,
          580 582 581 -1,
          580 583 582 -1,
          580 128 123 -1,
          580 126 128 -1,
          580 125 126 -1,
          580 123 575 -1,
          584 571 570 -1,
          584 569 567 -1,
          584 536 569 -1,
          584 570 536 -1,
          585 157 161 -1,
          585 556 579 -1,
          585 579 157 -1,
          586 585 161 -1,
          586 556 585 -1,
          587 556 586 -1,
          587 586 161 -1,
          587 161 162 -1,
          588 556 587 -1,
          588 162 165 -1,
          588 587 162 -1,
          589 556 588 -1,
          589 567 556 -1,
          589 165 167 -1,
          589 588 165 -1,
          590 591 583 -1,
          590 583 580 -1,
          590 575 140 -1,
          590 580 575 -1,
          592 567 589 -1,
          592 589 167 -1,
          592 167 169 -1,
          593 567 592 -1,
          593 592 169 -1,
          594 595 591 -1,
          594 590 140 -1,
          594 591 590 -1,
          596 593 169 -1,
          596 169 170 -1,
          596 567 593 -1,
          597 596 170 -1,
          597 567 596 -1,
          598 160 571 -1,
          599 597 170 -1,
          599 170 172 -1,
          599 567 597 -1,
          600 567 599 -1,
          600 599 172 -1,
          601 594 140 -1,
          601 595 594 -1,
          602 600 172 -1,
          602 172 173 -1,
          602 567 600 -1,
          603 567 602 -1,
          603 602 173 -1,
          603 173 175 -1,
          604 595 601 -1,
          604 601 140 -1,
          604 140 148 -1,
          605 606 607 -1,
          605 584 567 -1,
          608 584 605 -1,
          608 607 609 -1,
          608 610 598 -1,
          608 598 571 -1,
          608 609 611 -1,
          608 605 607 -1,
          608 571 584 -1,
          608 611 610 -1,
          612 603 175 -1,
          612 567 603 -1,
          613 606 605 -1,
          613 614 606 -1,
          613 605 567 -1,
          615 567 612 -1,
          615 175 176 -1,
          615 612 175 -1,
          616 615 176 -1,
          616 567 615 -1,
          617 618 595 -1,
          617 604 148 -1,
          617 595 604 -1,
          617 148 154 -1,
          619 614 613 -1,
          619 613 567 -1,
          620 176 178 -1,
          620 616 176 -1,
          620 567 616 -1,
          621 164 160 -1,
          621 160 598 -1,
          621 598 610 -1,
          622 623 614 -1,
          622 614 619 -1,
          622 619 567 -1,
          624 183 625 -1,
          624 180 181 -1,
          624 178 180 -1,
          624 620 178 -1,
          624 181 183 -1,
          624 567 620 -1,
          624 625 626 -1,
          624 622 567 -1,
          627 154 159 -1,
          627 159 164 -1,
          627 628 618 -1,
          627 629 628 -1,
          627 618 617 -1,
          627 617 154 -1,
          630 631 629 -1,
          630 629 627 -1,
          630 627 164 -1,
          632 633 631 -1,
          632 634 633 -1,
          632 164 621 -1,
          632 631 630 -1,
          632 630 164 -1,
          635 623 622 -1,
          635 624 626 -1,
          635 622 624 -1,
          636 632 621 -1,
          636 634 632 -1,
          636 621 610 -1,
          637 636 610 -1,
          637 638 634 -1,
          637 634 636 -1,
          637 610 611 -1,
          639 637 611 -1,
          639 638 637 -1,
          640 639 611 -1,
          640 611 609 -1,
          640 638 639 -1,
          641 609 607 -1,
          641 640 609 -1,
          641 642 638 -1,
          641 638 640 -1,
          643 642 641 -1,
          643 641 607 -1,
          644 607 606 -1,
          644 643 607 -1,
          644 642 643 -1,
          645 642 644 -1,
          645 646 642 -1,
          645 644 606 -1,
          645 606 614 -1,
          647 646 645 -1,
          647 645 614 -1,
          648 649 646 -1,
          648 646 647 -1,
          648 647 614 -1,
          648 614 623 -1,
          650 625 183 -1,
          650 182 651 -1,
          650 651 652 -1,
          650 652 653 -1,
          650 183 182 -1,
          650 626 625 -1,
          654 648 623 -1,
          654 623 635 -1,
          654 184 190 -1,
          655 635 626 -1,
          655 184 654 -1,
          655 654 635 -1,
          655 653 656 -1,
          655 656 657 -1,
          655 657 658 -1,
          655 658 185 -1,
          655 650 653 -1,
          655 185 184 -1,
          655 626 650 -1,
          659 238 237 -1,
          659 660 257 -1,
          659 257 238 -1,
          659 232 244 -1,
          659 244 247 -1,
          659 237 243 -1,
          659 243 232 -1,
          661 30 27 -1,
          661 247 30 -1,
          661 660 659 -1,
          661 659 247 -1,
          662 661 27 -1,
          662 660 661 -1,
          662 663 660 -1,
          664 662 27 -1,
          664 663 662 -1,
          665 663 664 -1,
          665 27 31 -1,
          665 664 27 -1,
          665 666 663 -1,
          667 668 666 -1,
          667 666 665 -1,
          667 665 31 -1,
          669 668 667 -1,
          669 667 31 -1,
          670 668 669 -1,
          670 669 31 -1,
          670 31 33 -1,
          671 283 289 -1,
          671 289 672 -1,
          671 672 673 -1,
          671 673 674 -1,
          671 674 675 -1,
          676 670 33 -1,
          676 668 670 -1,
          677 340 668 -1,
          677 38 41 -1,
          677 33 38 -1,
          677 676 33 -1,
          677 668 676 -1,
          677 270 340 -1,
          677 41 270 -1,
          678 284 283 -1,
          678 326 329 -1,
          678 322 324 -1,
          678 324 326 -1,
          678 283 671 -1,
          678 329 284 -1,
          678 319 322 -1,
          679 272 265 -1,
          679 264 263 -1,
          679 257 660 -1,
          679 660 663 -1,
          679 260 259 -1,
          679 259 257 -1,
          679 263 260 -1,
          679 265 264 -1,
          680 272 679 -1,
          680 679 663 -1,
          681 680 663 -1,
          681 663 666 -1,
          681 272 680 -1,
          682 666 668 -1,
          682 272 681 -1,
          682 341 272 -1,
          682 668 340 -1,
          682 340 341 -1,
          682 681 666 -1,
          683 301 684 -1,
          683 684 45 -1,
          683 300 301 -1,
          683 51 347 -1,
          683 44 51 -1,
          683 347 300 -1,
          683 45 44 -1,
          685 270 255 -1,
          685 255 254 -1,
          685 268 369 -1,
          685 254 262 -1,
          685 339 270 -1,
          685 262 268 -1,
          685 363 339 -1,
          685 369 363 -1,
          686 372 374 -1,
          686 374 423 -1,
          686 423 438 -1,
          686 438 443 -1,
          686 62 687 -1,
          686 443 449 -1,
          686 687 688 -1,
          686 449 461 -1,
          686 688 375 -1,
          686 375 372 -1,
          686 63 62 -1,
          686 461 478 -1,
          686 478 63 -1,
          689 466 465 -1,
          689 509 690 -1,
          689 469 466 -1,
          689 465 468 -1,
          689 533 469 -1,
          689 468 509 -1,
          689 547 533 -1,
          691 692 690 -1,
          691 506 502 -1,
          691 690 509 -1,
          691 498 460 -1,
          691 509 507 -1,
          691 507 506 -1,
          691 499 498 -1,
          691 502 499 -1,
          693 691 460 -1,
          693 692 691 -1,
          694 693 460 -1,
          694 695 692 -1,
          694 692 693 -1,
          696 695 694 -1,
          696 694 460 -1,
          696 697 695 -1,
          696 543 572 -1,
          696 460 543 -1,
          696 572 697 -1,
          698 689 690 -1,
          698 141 547 -1,
          698 142 141 -1,
          698 547 689 -1,
          699 690 692 -1,
          699 142 698 -1,
          699 698 690 -1,
          700 699 692 -1,
          700 142 699 -1,
          701 692 695 -1,
          701 142 700 -1,
          701 700 692 -1,
          701 149 142 -1,
          702 695 697 -1,
          702 701 695 -1,
          702 149 701 -1,
          703 149 702 -1,
          703 702 697 -1,
          704 703 697 -1,
          704 149 703 -1,
          704 155 149 -1,
          705 704 697 -1,
          705 155 704 -1,
          706 155 705 -1,
          706 705 697 -1,
          706 572 571 -1,
          706 571 160 -1,
          706 160 156 -1,
          706 697 572 -1,
          706 156 155 -1,
          707 708 649 -1,
          707 193 708 -1,
          707 649 648 -1,
          707 191 193 -1,
          707 648 654 -1,
          707 654 190 -1,
          707 190 191 -1,
          709 299 304 -1,
          709 295 299 -1,
          709 304 306 -1,
          709 678 671 -1,
          709 319 678 -1,
          709 306 319 -1,
          710 35 43 -1,
          710 273 277 -1,
          710 43 273 -1,
          710 709 671 -1,
          710 282 295 -1,
          710 675 711 -1,
          710 711 712 -1,
          710 712 713 -1,
          710 713 714 -1,
          710 714 35 -1,
          710 295 709 -1,
          710 671 675 -1,
          710 277 282 -1,
        ]
      }
    }
    Shape {
      appearance Appearance {
        material Material {
          diffuseColor 0.200 0.200 0.200
          specularColor 0.050 0.050 0.050
          shininess 0.15
        }
      }
      geometry IndexedFaceSet {
        creaseAngle 0.785398
        solid TRUE
        coord Coordinate { point [
          -0.1750 10.0000 -7.4379,
          -0.1748 10.0087 -7.4379,
          -0.1750 10.0000 -6.8500,
          -0.1748 10.0087 -6.8500,
          -0.1741 10.0174 -7.4379,
          -0.1741 10.0174 -6.8500,
          -0.1730 10.0261 -7.4379,
          -0.1730 10.0261 -6.8500,
          -0.1715 10.0347 -7.4379,
          -0.1715 10.0347 -6.8500,
          -0.1696 10.0432 -7.4379,
          -0.1696 10.0432 -6.8500,
          -0.1672 10.0516 -7.4379,
          -0.1672 10.0516 -6.8500,
          -0.1644 10.0599 -7.4379,
          -0.1644 10.0599 -6.8500,
          -0.1613 10.0680 -7.4379,
          -0.1613 10.0680 -6.8500,
          -0.1577 10.0759 -7.4379,
          -0.1577 10.0759 -6.8500,
          -0.1537 10.0837 -7.4379,
          -0.1537 10.0837 -6.8500,
          -0.1493 10.0913 -7.4379,
          -0.1493 10.0913 -6.8500,
          -0.1446 10.0986 -7.4379,
          -0.1446 10.0986 -6.8500,
          -0.1395 10.1057 -7.4379,
          -0.1395 10.1057 -6.8500,
          -0.1341 10.1125 -7.4379,
          -0.1341 10.1125 -6.8500,
          -0.1283 10.1190 -7.4379,
          -0.1283 10.1190 -6.8500,
          -0.1222 10.1253 -7.4379,
          -0.1222 10.1253 -6.8500,
          -0.1158 10.1312 -7.4379,
          -0.1158 10.1312 -6.8500,
          -0.1091 10.1368 -7.4379,
          -0.1091 10.1368 -6.8500,
          -0.1022 10.1421 -7.4379,
          -0.1022 10.1421 -6.8500,
          -0.0949 10.1470 -7.4379,
          -0.0949 10.1470 -6.8500,
          -0.0875 10.1516 -7.4379,
          -0.0875 10.1516 -6.8500,
          -0.0798 10.1557 -6.8500,
          -0.0798 10.1557 -7.4379,
          -0.0720 10.1595 -6.8500,
          -0.0720 10.1595 -7.4379,
          -0.0639 10.1629 -6.8500,
          -0.0639 10.1629 -7.4379,
          -0.0557 10.1659 -6.8500,
          -0.0557 10.1659 -7.4379,
          -0.0474 10.1685 -6.8500,
          -0.0474 10.1685 -7.4379,
          -0.0389 10.1706 -7.4379,
          -0.0389 10.1706 -6.8500,
          -0.0304 10.1723 -6.8500,
          -0.0304 10.1723 -7.4379,
          -0.0218 10.1736 -6.8500,
          -0.0218 10.1736 -7.4379,
          -0.0131 10.1745 -7.4379,
          -0.0131 10.1745 -6.8500,
          -0.0044 10.1749 -6.8500,
          -0.0044 10.1749 -7.4379,
          0.0044 10.1749 -7.4379,
          0.0044 10.1749 -6.8500,
          0.0131 10.1745 -6.8500,
          0.0131 10.1745 -7.4379,
          0.0218 10.1736 -6.8500,
          0.0218 10.1736 -7.4379,
          0.0304 10.1723 -7.4379,
          0.0304 10.1723 -6.8500,
          0.0389 10.1706 -6.8500,
          0.0389 10.1706 -7.4379,
          0.0474 10.1685 -6.8500,
          0.0474 10.1685 -7.4379,
          0.0557 10.1659 -7.4379,
          0.0557 10.1659 -6.8500,
          0.0639 10.1629 -7.4379,
          0.0639 10.1629 -6.8500,
          0.0720 10.1595 -6.8500,
          0.0720 10.1595 -7.4379,
          0.0798 10.1557 -7.4379,
          0.0798 10.1557 -6.8500,
          0.0875 10.1516 -7.4379,
          0.0875 10.1516 -6.8500,
          0.0949 10.1470 -7.4379,
          0.0949 10.1470 -6.8500,
          0.1022 10.1421 -7.4379,
          0.1022 10.1421 -6.8500,
          0.1091 10.1368 -7.4379,
          0.1091 10.1368 -6.8500,
          0.1158 10.1312 -7.4379,
          0.1158 10.1312 -6.8500,
          0.1222 10.1253 -7.4379,
          0.1222 10.1253 -6.8500,
          0.1283 10.1190 -6.8500,
          0.1283 10.1190 -7.4379,
          0.1341 10.1125 -6.8500,
          0.1341 10.1125 -7.4379,
          0.1395 10.1057 -7.4379,
          0.1395 10.1057 -6.8500,
          0.1446 10.0986 -7.4379,
          0.1446 10.0986 -6.8500,
          0.1493 10.0913 -6.8500,
          0.1493 10.0913 -7.4379,
          0.1537 10.0837 -6.8500,
          0.1537 10.0837 -7.4379,
          0.1577 10.0759 -7.4379,
          0.1577 10.0759 -6.8500,
          0.1613 10.0680 -7.4379,
          0.1613 10.0680 -6.8500,
          0.1644 10.0599 -7.4379,
          0.1644 10.0599 -6.8500,
          0.1672 10.0516 -7.4379,
          0.1672 10.0516 -6.8500,
          0.1696 10.0432 -6.8500,
          0.1696 10.0432 -7.4379,
          0.1715 10.0347 -6.8500,
          0.1715 10.0347 -7.4379,
          0.1730 10.0261 -7.4379,
          0.1730 10.0261 -6.8500,
          0.1741 10.0174 -7.4379,
          0.1741 10.0174 -6.8500,
          0.1748 10.0087 -7.4379,
          0.1748 10.0087 -6.8500,
          0.1750 10.0000 -6.8500,
          0.1750 10.0000 -7.4379,
        ] }
        coordIndex [
          0 1 2 -1,
          2 1 3 -1,
          1 4 3 -1,
          3 4 5 -1,
          4 6 5 -1,
          5 6 7 -1,
          6 8 7 -1,
          7 8 9 -1,
          8 10 9 -1,
          9 10 11 -1,
          10 12 11 -1,
          11 12 13 -1,
          12 14 13 -1,
          13 14 15 -1,
          14 16 15 -1,
          15 16 17 -1,
          16 18 17 -1,
          17 18 19 -1,
          19 20 21 -1,
          18 20 19 -1,
          21 22 23 -1,
          20 22 21 -1,
          23 24 25 -1,
          22 24 23 -1,
          25 26 27 -1,
          24 26 25 -1,
          27 28 29 -1,
          26 28 27 -1,
          29 30 31 -1,
          28 30 29 -1,
          31 32 33 -1,
          30 32 31 -1,
          33 34 35 -1,
          32 34 33 -1,
          34 36 35 -1,
          35 36 37 -1,
          36 38 37 -1,
          37 38 39 -1,
          38 40 39 -1,
          39 40 41 -1,
          40 42 41 -1,
          41 42 43 -1,
          43 42 44 -1,
          42 45 44 -1,
          44 45 46 -1,
          45 47 46 -1,
          46 47 48 -1,
          47 49 48 -1,
          48 49 50 -1,
          49 51 50 -1,
          50 51 52 -1,
          51 53 52 -1,
          53 54 52 -1,
          52 54 55 -1,
          55 54 56 -1,
          54 57 56 -1,
          56 57 58 -1,
          57 59 58 -1,
          59 60 58 -1,
          58 60 61 -1,
          61 60 62 -1,
          60 63 62 -1,
          63 64 62 -1,
          62 64 65 -1,
          65 64 66 -1,
          64 67 66 -1,
          66 67 68 -1,
          67 69 68 -1,
          69 70 68 -1,
          68 70 71 -1,
          72 73 74 -1,
          70 73 71 -1,
          71 73 72 -1,
          73 75 74 -1,
          74 76 77 -1,
          75 76 74 -1,
          77 78 79 -1,
          79 78 80 -1,
          76 78 77 -1,
          78 81 80 -1,
          80 82 83 -1,
          81 82 80 -1,
          83 84 85 -1,
          82 84 83 -1,
          84 86 85 -1,
          85 86 87 -1,
          86 88 87 -1,
          87 88 89 -1,
          89 90 91 -1,
          88 90 89 -1,
          91 92 93 -1,
          90 92 91 -1,
          93 94 95 -1,
          95 94 96 -1,
          92 94 93 -1,
          96 97 98 -1,
          94 97 96 -1,
          97 99 98 -1,
          98 100 101 -1,
          99 100 98 -1,
          101 102 103 -1,
          103 102 104 -1,
          100 102 101 -1,
          104 105 106 -1,
          102 105 104 -1,
          105 107 106 -1,
          106 108 109 -1,
          107 108 106 -1,
          109 110 111 -1,
          108 110 109 -1,
          111 112 113 -1,
          110 112 111 -1,
          113 114 115 -1,
          115 114 116 -1,
          112 114 113 -1,
          116 117 118 -1,
          114 117 116 -1,
          117 119 118 -1,
          118 120 121 -1,
          119 120 118 -1,
          121 122 123 -1,
          120 122 121 -1,
          123 124 125 -1,
          125 124 126 -1,
          122 124 123 -1,
          124 127 126 -1,
        ]
      }
    }
    Shape {
      appearance Appearance {
        material Material {
          diffuseColor 0.200 0.200 0.200
          specularColor 0.050 0.050 0.050
          shininess 0.15
        }
      }
      geometry IndexedFaceSet {
        creaseAngle 0.785398
        solid TRUE
        coord Coordinate { point [
          -0.0875 9.8484 -6.8500,
          -0.0720 9.8405 -6.8500,
          -0.0798 9.8443 -6.8500,
          -0.1022 9.8579 -6.8500,
          -0.0949 9.8530 -6.8500,
          0.1283 10.1190 -6.8500,
          0.1341 10.1125 -6.8500,
          0.1395 10.1057 -6.8500,
          -0.1222 9.8747 -6.8500,
          -0.1091 9.8632 -6.8500,
          -0.1158 9.8688 -6.8500,
          -0.1537 9.9163 -6.8500,
          -0.1446 9.9014 -6.8500,
          -0.1493 9.9087 -6.8500,
          -0.1715 9.9653 -6.8500,
          -0.1672 9.9484 -6.8500,
          -0.1696 9.9568 -6.8500,
          -0.1741 10.0174 -6.8500,
          -0.1750 10.0000 -6.8500,
          -0.1748 10.0087 -6.8500,
          -0.0389 10.1706 -6.8500,
          -0.0304 10.1723 -6.8500,
          -0.0218 10.1736 -6.8500,
          -0.1644 10.0599 -6.8500,
          -0.1715 10.0347 -6.8500,
          -0.1696 10.0432 -6.8500,
          -0.1672 10.0516 -6.8500,
          -0.0720 10.1595 -6.8500,
          -0.0639 10.1629 -6.8500,
          -0.0557 10.1659 -6.8500,
          -0.1493 10.0913 -6.8500,
          -0.1577 10.0759 -6.8500,
          -0.1537 10.0837 -6.8500,
          -0.0949 10.1470 -6.8500,
          -0.0875 10.1516 -6.8500,
          -0.0798 10.1557 -6.8500,
          -0.1091 10.1368 -6.8500,
          -0.1022 10.1421 -6.8500,
          -0.1283 10.1190 -6.8500,
          -0.1395 10.1057 -6.8500,
          -0.1341 10.1125 -6.8500,
          -0.1222 10.1253 -6.8500,
          -0.1730 10.0261 -6.8500,
          -0.1613 10.0680 -6.8500,
          -0.1446 10.0986 -6.8500,
          -0.1158 10.1312 -6.8500,
          -0.0474 10.1685 -6.8500,
          -0.0131 10.1745 -6.8500,
          -0.0044 10.1749 -6.8500,
          0.0044 10.1749 -6.8500,
          0.0131 10.1745 -6.8500,
          0.0218 10.1736 -6.8500,
          0.0304 10.1723 -6.8500,
          0.0389 10.1706 -6.8500,
          0.0474 10.1685 -6.8500,
          0.0557 10.1659 -6.8500,
          0.0639 10.1629 -6.8500,
          0.0720 10.1595 -6.8500,
          0.0798 10.1557 -6.8500,
          0.0875 10.1516 -6.8500,
          0.0949 10.1470 -6.8500,
          0.1022 10.1421 -6.8500,
          0.1091 10.1368 -6.8500,
          0.1158 10.1312 -6.8500,
          0.1222 10.1253 -6.8500,
          0.1446 10.0986 -6.8500,
          0.1493 10.0913 -6.8500,
          0.1537 10.0837 -6.8500,
          0.1577 10.0759 -6.8500,
          0.1613 10.0680 -6.8500,
          0.1644 10.0599 -6.8500,
          0.1672 10.0516 -6.8500,
          0.1696 10.0432 -6.8500,
          0.1715 10.0347 -6.8500,
          0.1730 10.0261 -6.8500,
          0.1741 10.0174 -6.8500,
          0.1748 10.0087 -6.8500,
          0.1750 10.0000 -6.8500,
          0.1748 9.9913 -6.8500,
          0.1741 9.9826 -6.8500,
          0.1730 9.9739 -6.8500,
          0.1715 9.9653 -6.8500,
          0.1696 9.9568 -6.8500,
          0.1672 9.9484 -6.8500,
          0.1644 9.9401 -6.8500,
          0.1613 9.9320 -6.8500,
          0.1577 9.9241 -6.8500,
          0.1537 9.9163 -6.8500,
          0.1493 9.9087 -6.8500,
          0.1446 9.9014 -6.8500,
          0.1395 9.8943 -6.8500,
          0.1341 9.8875 -6.8500,
          0.1283 9.8810 -6.8500,
          0.1222 9.8747 -6.8500,
          0.1158 9.8688 -6.8500,
          0.1091 9.8632 -6.8500,
          0.1022 9.8579 -6.8500,
          0.0949 9.8530 -6.8500,
          0.0875 9.8484 -6.8500,
          0.0798 9.8443 -6.8500,
          0.0720 9.8405 -6.8500,
          0.0639 9.8371 -6.8500,
          0.0557 9.8341 -6.8500,
          0.0474 9.8315 -6.8500,
          0.0389 9.8294 -6.8500,
          0.0304 9.8277 -6.8500,
          0.0218 9.8264 -6.8500,
          0.0131 9.8255 -6.8500,
          0.0044 9.8251 -6.8500,
          -0.0044 9.8251 -6.8500,
          -0.0131 9.8255 -6.8500,
          -0.0218 9.8264 -6.8500,
          -0.0304 9.8277 -6.8500,
          -0.0389 9.8294 -6.8500,
          -0.0474 9.8315 -6.8500,
          -0.0557 9.8341 -6.8500,
          -0.0639 9.8371 -6.8500,
          -0.1283 9.8810 -6.8500,
          -0.1341 9.8875 -6.8500,
          -0.1395 9.8943 -6.8500,
          -0.1577 9.9241 -6.8500,
          -0.1613 9.9320 -6.8500,
          -0.1644 9.9401 -6.8500,
          -0.1730 9.9739 -6.8500,
          -0.1741 9.9826 -6.8500,
          -0.1748 9.9913 -6.8500,
        ] }
        coordIndex [
          0 1 2 -1,
          3 0 4 -1,
          5 6 7 -1,
          8 3 9 -1,
          8 9 10 -1,
          11 12 13 -1,
          14 15 16 -1,
          17 18 19 -1,
          20 21 22 -1,
          23 24 25 -1,
          23 25 26 -1,
          27 28 29 -1,
          30 31 32 -1,
          33 34 35 -1,
          36 37 33 -1,
          38 39 40 -1,
          41 17 42 -1,
          41 42 24 -1,
          41 23 43 -1,
          41 43 31 -1,
          41 30 44 -1,
          41 44 39 -1,
          41 45 36 -1,
          41 35 27 -1,
          41 29 46 -1,
          41 46 20 -1,
          41 22 47 -1,
          41 47 48 -1,
          41 48 49 -1,
          41 49 50 -1,
          41 50 51 -1,
          41 51 52 -1,
          41 52 53 -1,
          41 53 54 -1,
          41 54 55 -1,
          41 55 56 -1,
          41 56 57 -1,
          41 57 58 -1,
          41 58 59 -1,
          41 59 60 -1,
          41 60 61 -1,
          41 61 62 -1,
          41 62 63 -1,
          41 63 64 -1,
          41 64 5 -1,
          41 7 65 -1,
          41 65 66 -1,
          41 66 67 -1,
          41 67 68 -1,
          41 68 69 -1,
          41 69 70 -1,
          41 70 71 -1,
          41 71 72 -1,
          41 72 73 -1,
          41 73 74 -1,
          41 74 75 -1,
          41 75 76 -1,
          41 76 77 -1,
          41 77 78 -1,
          41 78 79 -1,
          41 79 80 -1,
          41 80 81 -1,
          41 81 82 -1,
          41 82 83 -1,
          41 83 84 -1,
          41 84 85 -1,
          41 85 86 -1,
          41 86 87 -1,
          41 87 88 -1,
          41 88 89 -1,
          41 89 90 -1,
          41 90 91 -1,
          41 91 92 -1,
          41 92 93 -1,
          41 93 94 -1,
          41 94 95 -1,
          41 95 96 -1,
          41 96 97 -1,
          41 97 98 -1,
          41 98 99 -1,
          41 99 100 -1,
          41 100 101 -1,
          41 101 102 -1,
          41 102 103 -1,
          41 103 104 -1,
          41 104 105 -1,
          41 105 106 -1,
          41 106 107 -1,
          41 107 108 -1,
          41 108 109 -1,
          41 109 110 -1,
          41 110 111 -1,
          41 111 112 -1,
          41 112 113 -1,
          41 113 114 -1,
          41 114 115 -1,
          41 115 116 -1,
          41 116 1 -1,
          41 8 117 -1,
          41 117 118 -1,
          41 118 119 -1,
          41 119 12 -1,
          41 11 120 -1,
          41 120 121 -1,
          41 121 122 -1,
          41 122 15 -1,
          41 14 123 -1,
          41 123 124 -1,
          41 124 125 -1,
          41 125 18 -1,
          41 20 22 -1,
          41 15 14 -1,
          41 1 0 -1,
          41 3 8 -1,
          41 0 3 -1,
          41 27 29 -1,
          41 5 7 -1,
          41 12 11 -1,
          41 31 30 -1,
          41 39 38 -1,
          41 18 17 -1,
          41 24 23 -1,
          41 33 35 -1,
          41 36 33 -1,
        ]
      }
    }
    Shape {
      appearance Appearance {
        material Material {
          diffuseColor 0.200 0.200 0.200
          specularColor 0.050 0.050 0.050
          shininess 0.15
        }
      }
      geometry IndexedFaceSet {
        creaseAngle 0.785398
        solid TRUE
        coord Coordinate { point [
          2.5000 -3.5000 4.9000,
          2.0000 -3.0000 5.1000,
          2.0000 -3.0000 4.9000,
          2.5000 -3.5000 5.1000,
        ] }
        coordIndex [
          0 1 2 -1,
          3 1 0 -1,
        ]
      }
    }
    Shape {
      appearance Appearance {
        material Material {
          diffuseColor 0.200 0.200 0.200
          specularColor 0.050 0.050 0.050
          shininess 0.15
        }
      }
      geometry IndexedFaceSet {
        creaseAngle 0.785398
        solid TRUE
        coord Coordinate { point [
          2.0000 -3.0000 4.9000,
          2.0000 -0.0000 5.1000,
          2.0000 -0.0000 4.9000,
          2.0000 -3.0000 5.1000,
        ] }
        coordIndex [
          0 1 2 -1,
          3 1 0 -1,
        ]
      }
    }
    Shape {
      appearance Appearance {
        material Material {
          diffuseColor 0.200 0.200 0.200
          specularColor 0.050 0.050 0.050
          shininess 0.15
        }
      }
      geometry IndexedFaceSet {
        creaseAngle 0.785398
        solid TRUE
        coord Coordinate { point [
          2.0000 -0.0000 5.1000,
          -2.0000 -0.0000 5.1000,
          -2.0000 -0.0000 4.9000,
          2.0000 -0.0000 4.9000,
        ] }
        coordIndex [
          0 1 2 -1,
          0 2 3 -1,
        ]
      }
    }
    Shape {
      appearance Appearance {
        material Material {
          diffuseColor 0.200 0.200 0.200
          specularColor 0.050 0.050 0.050
          shininess 0.15
        }
      }
      geometry IndexedFaceSet {
        creaseAngle 0.785398
        solid TRUE
        coord Coordinate { point [
          -2.0000 -0.0000 4.9000,
          -2.0000 -3.0000 5.1000,
          -2.0000 -3.0000 4.9000,
          -2.0000 -0.0000 5.1000,
        ] }
        coordIndex [
          0 1 2 -1,
          3 1 0 -1,
        ]
      }
    }
    Shape {
      appearance Appearance {
        material Material {
          diffuseColor 0.200 0.200 0.200
          specularColor 0.050 0.050 0.050
          shininess 0.15
        }
      }
      geometry IndexedFaceSet {
        creaseAngle 0.785398
        solid TRUE
        coord Coordinate { point [
          -2.0000 -3.0000 4.9000,
          -2.5000 -3.5000 5.1000,
          -2.5000 -3.5000 4.9000,
          -2.0000 -3.0000 5.1000,
        ] }
        coordIndex [
          0 1 2 -1,
          3 1 0 -1,
        ]
      }
    }
    Shape {
      appearance Appearance {
        material Material {
          diffuseColor 0.200 0.200 0.200
          specularColor 0.050 0.050 0.050
          shininess 0.15
        }
      }
      geometry IndexedFaceSet {
        creaseAngle 0.785398
        solid TRUE
        coord Coordinate { point [
          -2.5000 -3.5000 4.9000,
          -3.0000 -3.0000 5.1000,
          -3.0000 -3.0000 4.9000,
          -2.5000 -3.5000 5.1000,
        ] }
        coordIndex [
          0 1 2 -1,
          3 1 0 -1,
        ]
      }
    }
    Shape {
      appearance Appearance {
        material Material {
          diffuseColor 0.200 0.200 0.200
          specularColor 0.050 0.050 0.050
          shininess 0.15
        }
      }
      geometry IndexedFaceSet {
        creaseAngle 0.785398
        solid TRUE
        coord Coordinate { point [
          -3.0000 -3.0000 4.9000,
          -3.0000 1.5000 5.1000,
          -3.0000 1.5000 4.9000,
          -3.0000 -3.0000 5.1000,
        ] }
        coordIndex [
          0 1 2 -1,
          3 1 0 -1,
        ]
      }
    }
    Shape {
      appearance Appearance {
        material Material {
          diffuseColor 0.200 0.200 0.200
          specularColor 0.050 0.050 0.050
          shininess 0.15
        }
      }
      geometry IndexedFaceSet {
        creaseAngle 0.785398
        solid TRUE
        coord Coordinate { point [
          -3.0000 1.5000 4.9000,
          3.0000 1.5000 5.1000,
          3.0000 1.5000 4.9000,
          -3.0000 1.5000 5.1000,
        ] }
        coordIndex [
          0 1 2 -1,
          3 1 0 -1,
        ]
      }
    }
    Shape {
      appearance Appearance {
        material Material {
          diffuseColor 0.200 0.200 0.200
          specularColor 0.050 0.050 0.050
          shininess 0.15
        }
      }
      geometry IndexedFaceSet {
        creaseAngle 0.785398
        solid TRUE
        coord Coordinate { point [
          3.0000 1.5000 5.1000,
          3.0000 -3.0000 5.1000,
          3.0000 -3.0000 4.9000,
          3.0000 1.5000 4.9000,
        ] }
        coordIndex [
          0 1 2 -1,
          0 2 3 -1,
        ]
      }
    }
    Shape {
      appearance Appearance {
        material Material {
          diffuseColor 0.200 0.200 0.200
          specularColor 0.050 0.050 0.050
          shininess 0.15
        }
      }
      geometry IndexedFaceSet {
        creaseAngle 0.785398
        solid TRUE
        coord Coordinate { point [
          3.0000 -3.0000 5.1000,
          2.5000 -3.5000 5.1000,
          3.0000 -3.0000 4.9000,
          2.5000 -3.5000 4.9000,
        ] }
        coordIndex [
          0 1 2 -1,
          2 1 3 -1,
        ]
      }
    }
    Shape {
      appearance Appearance {
        material Material {
          diffuseColor 0.200 0.200 0.200
          specularColor 0.050 0.050 0.050
          shininess 0.15
        }
      }
      geometry IndexedFaceSet {
        creaseAngle 0.785398
        solid TRUE
        coord Coordinate { point [
          -3.0000 -3.0000 4.9000,
          -2.0000 -3.0000 4.9000,
          -2.5000 -3.5000 4.9000,
          -2.0000 -0.0000 4.9000,
          -3.0000 1.5000 4.9000,
          2.0000 -3.0000 4.9000,
          3.0000 -3.0000 4.9000,
          2.5000 -3.5000 4.9000,
          2.0000 -0.0000 4.9000,
          3.0000 1.5000 4.9000,
        ] }
        coordIndex [
          0 1 2 -1,
          0 3 1 -1,
          0 4 3 -1,
          5 6 7 -1,
          5 8 6 -1,
          3 9 8 -1,
          4 9 3 -1,
          8 9 6 -1,
        ]
      }
    }
    Shape {
      appearance Appearance {
        material Material {
          diffuseColor 0.200 0.200 0.200
          specularColor 0.050 0.050 0.050
          shininess 0.15
        }
      }
      geometry IndexedFaceSet {
        creaseAngle 0.785398
        solid TRUE
        coord Coordinate { point [
          -2.0000 -3.0000 5.1000,
          -3.0000 -3.0000 5.1000,
          -2.5000 -3.5000 5.1000,
          -2.0000 -0.0000 5.1000,
          -3.0000 1.5000 5.1000,
          3.0000 -3.0000 5.1000,
          2.0000 -3.0000 5.1000,
          2.5000 -3.5000 5.1000,
          2.0000 -0.0000 5.1000,
          3.0000 1.5000 5.1000,
        ] }
        coordIndex [
          0 1 2 -1,
          3 1 0 -1,
          4 1 3 -1,
          5 6 7 -1,
          8 6 5 -1,
          9 3 8 -1,
          9 4 3 -1,
          9 8 5 -1,
        ]
      }
    }
    Shape {
      appearance Appearance {
        material Material {
          diffuseColor 0.200 0.200 0.200
          specularColor 0.050 0.050 0.050
          shininess 0.15
        }
      }
      geometry IndexedFaceSet {
        creaseAngle 0.785398
        solid TRUE
        coord Coordinate { point [
          -9.4099 5.9851 7.3000,
          -9.4724 5.9002 7.3667,
          -9.4089 5.9452 7.3000,
          -9.4059 5.9055 7.3000,
          -9.4010 5.8659 7.3000,
          -9.4599 5.8160 7.3667,
          -9.3941 5.8266 7.3000,
          -9.3852 5.7877 7.3000,
          -9.5988 5.8361 7.5000,
          -9.5388 5.8936 7.4333,
          -9.6050 5.8856 7.5000,
          -9.6087 5.9353 7.5000,
          -9.6099 5.9851 7.5000,
          -9.4393 5.7335 7.3667,
          -9.3744 5.7493 7.3000,
          -9.3617 5.7115 7.3000,
          -9.5253 5.8030 7.4333,
          -9.5790 5.7384 7.5000,
          -9.5901 5.7870 7.5000,
          -9.4106 5.6535 7.3667,
          -9.3471 5.6744 7.3000,
          -9.3307 5.6380 7.3000,
          -9.5031 5.7142 7.4333,
          -9.5496 5.6431 7.5000,
          -9.5655 5.6904 7.5000,
          -9.3743 5.5766 7.3667,
          -9.3125 5.6025 7.3000,
          -9.2926 5.5680 7.3000,
          -9.4722 5.6280 7.4333,
          -9.5109 5.5512 7.5000,
          -9.5314 5.5967 7.5000,
          -9.3305 5.5036 7.3667,
          -9.2709 5.5345 7.3000,
          -9.2476 5.5021 7.3000,
          -9.4331 5.5452 7.4333,
          -9.4632 5.4637 7.5000,
          -9.4881 5.5069 7.5000,
          -9.2799 5.4353 7.3667,
          -9.2228 5.4709 7.3000,
          -9.1964 5.4410 7.3000,
          -9.3860 5.4666 7.4333,
          -9.4071 5.3813 7.5000,
          -9.4362 5.4218 7.5000,
          -9.2227 5.3723 7.3667,
          -9.1685 5.4124 7.3000,
          -9.1393 5.3853 7.3000,
          -9.3314 5.3930 7.4333,
          -9.3430 5.3050 7.5000,
          -9.3760 5.3423 7.5000,
          -9.1597 5.3152 7.3667,
          -9.1087 5.3597 7.3000,
          -9.0769 5.3356 7.3000,
          -9.2699 5.3252 7.4333,
          -9.2716 5.2353 7.5000,
          -9.3082 5.2693 7.5000,
          -9.0914 5.2645 7.3667,
          -9.0440 5.3131 7.3000,
          -9.0099 5.2923 7.3000,
          -9.2020 5.2637 7.4333,
          -9.1937 5.1732 7.5000,
          -9.2334 5.2033 7.5000,
          -9.0185 5.2208 7.3667,
          -8.9749 5.2732 7.3000,
          -8.9390 5.2559 7.3000,
          -9.1099 5.1191 7.5000,
          -9.1285 5.2091 7.4333,
          -9.1525 5.1451 7.5000,
          -8.9416 5.1844 7.3667,
          -8.9022 5.2404 7.3000,
          -8.8647 5.2268 7.3000,
          -9.0212 5.0736 7.5000,
          -9.0499 5.1620 7.4333,
          -9.0661 5.0953 7.5000,
          -8.8615 5.1558 7.3667,
          -8.8266 5.2150 7.3000,
          -8.7879 5.2052 7.3000,
          -8.9671 5.1228 7.4333,
          -8.9284 5.0372 7.5000,
          -8.9753 5.0543 7.5000,
          -8.7790 5.1351 7.3667,
          -8.7488 5.1973 7.3000,
          -8.7094 5.1913 7.3000,
          -8.8809 5.0920 7.4333,
          -8.8324 5.0102 7.5000,
          -8.8808 5.0225 7.5000,
          -8.6949 5.1226 7.3667,
          -8.6697 5.1874 7.3000,
          -8.6299 5.1854 7.3000,
          -8.7920 5.0697 7.4333,
          -8.7343 4.9929 7.5000,
          -8.7836 5.0003 7.5000,
          -8.6099 5.1185 7.3667,
          -8.5900 5.1854 7.3000,
          -8.6349 4.9854 7.5000,
          -8.7014 5.0563 7.4333,
          -8.6847 4.9879 7.5000,
          -8.5250 5.1226 7.3667,
          -8.5501 5.1874 7.3000,
          -8.5104 5.1913 7.3000,
          -8.5850 4.9854 7.5000,
          -8.6099 5.0518 7.4333,
          -8.4710 5.1973 7.3000,
          -8.4408 5.1351 7.3667,
          -8.4319 5.2052 7.3000,
          -8.5184 5.0563 7.4333,
          -8.4856 4.9929 7.5000,
          -8.5352 4.9879 7.5000,
          -8.3583 5.1558 7.3667,
          -8.3933 5.2150 7.3000,
          -8.3551 5.2268 7.3000,
          -8.3874 5.0102 7.5000,
          -8.4278 5.0697 7.4333,
          -8.4363 5.0003 7.5000,
          -8.2783 5.1844 7.3667,
          -8.3177 5.2404 7.3000,
          -8.2809 5.2559 7.3000,
          -8.3390 5.0920 7.4333,
          -8.2914 5.0372 7.5000,
          -8.3391 5.0225 7.5000,
          -8.2014 5.2208 7.3667,
          -8.2450 5.2732 7.3000,
          -8.2099 5.2923 7.3000,
          -8.1986 5.0736 7.5000,
          -8.2528 5.1228 7.4333,
          -8.2446 5.0543 7.5000,
          -8.1284 5.2645 7.3667,
          -8.1759 5.3131 7.3000,
          -8.1429 5.3356 7.3000,
          -8.1700 5.1620 7.4333,
          -8.1099 5.1191 7.5000,
          -8.1537 5.0953 7.5000,
          -8.0601 5.3152 7.3667,
          -8.1111 5.3597 7.3000,
          -8.0806 5.3853 7.3000,
          -8.0914 5.2091 7.4333,
          -8.0262 5.1732 7.5000,
          -8.0674 5.1451 7.5000,
          -7.9971 5.3723 7.3667,
          -8.0513 5.4124 7.3000,
          -8.0235 5.4410 7.3000,
          -7.9482 5.2353 7.5000,
          -8.0178 5.2637 7.4333,
          -7.9864 5.2033 7.5000,
          -7.9400 5.4353 7.3667,
          -7.9971 5.4709 7.3000,
          -7.9722 5.5021 7.3000,
          -7.8769 5.3050 7.5000,
          -7.9500 5.3252 7.4333,
          -7.9117 5.2693 7.5000,
          -7.8893 5.5036 7.3667,
          -7.9489 5.5345 7.3000,
          -7.9273 5.5680 7.3000,
          -7.8128 5.3813 7.5000,
          -7.8884 5.3930 7.4333,
          -7.8439 5.3423 7.5000,
          -7.8456 5.5766 7.3667,
          -7.9073 5.6025 7.3000,
          -7.8891 5.6380 7.3000,
          -7.8339 5.4666 7.4333,
          -7.7566 5.4637 7.5000,
          -7.7837 5.4218 7.5000,
          -7.8092 5.6535 7.3667,
          -7.8727 5.6744 7.3000,
          -7.8582 5.7115 7.3000,
          -7.7868 5.5452 7.4333,
          -7.7090 5.5512 7.5000,
          -7.7317 5.5069 7.5000,
          -7.7806 5.7335 7.3667,
          -7.8455 5.7493 7.3000,
          -7.8347 5.7877 7.3000,
          -7.7476 5.6280 7.4333,
          -7.6702 5.6431 7.5000,
          -7.6884 5.5967 7.5000,
          -7.7599 5.8160 7.3667,
          -7.8258 5.8266 7.3000,
          -7.8189 5.8659 7.3000,
          -7.6408 5.7384 7.5000,
          -7.7168 5.7142 7.4333,
          -7.6544 5.6904 7.5000,
          -7.7474 5.9002 7.3667,
          -7.8139 5.9055 7.3000,
          -7.8109 5.9452 7.3000,
          -7.8099 5.9851 7.3000,
          -7.6211 5.8361 7.5000,
          -7.6945 5.8030 7.4333,
          -7.6298 5.7870 7.5000,
          -7.6811 5.8936 7.4333,
          -7.6099 5.9851 7.5000,
          -7.6112 5.9353 7.5000,
          -7.6149 5.8856 7.5000,
        ] }
        coordIndex [
          0 1 2 -1,
          2 1 3 -1,
          3 1 4 -1,
          1 5 4 -1,
          4 5 6 -1,
          6 5 7 -1,
          8 9 10 -1,
          10 9 11 -1,
          11 9 12 -1,
          0 9 1 -1,
          12 9 0 -1,
          5 13 7 -1,
          7 13 14 -1,
          14 13 15 -1,
          1 16 5 -1,
          17 16 18 -1,
          18 16 8 -1,
          8 16 9 -1,
          9 16 1 -1,
          13 19 15 -1,
          15 19 20 -1,
          20 19 21 -1,
          17 22 16 -1,
          16 22 5 -1,
          23 22 24 -1,
          24 22 17 -1,
          5 22 13 -1,
          19 25 21 -1,
          21 25 26 -1,
          26 25 27 -1,
          23 28 22 -1,
          22 28 13 -1,
          29 28 30 -1,
          30 28 23 -1,
          13 28 19 -1,
          25 31 27 -1,
          27 31 32 -1,
          32 31 33 -1,
          29 34 28 -1,
          28 34 19 -1,
          35 34 36 -1,
          36 34 29 -1,
          19 34 25 -1,
          31 37 33 -1,
          33 37 38 -1,
          38 37 39 -1,
          25 40 31 -1,
          41 40 42 -1,
          42 40 35 -1,
          34 40 25 -1,
          35 40 34 -1,
          37 43 39 -1,
          39 43 44 -1,
          44 43 45 -1,
          31 46 37 -1,
          40 46 31 -1,
          47 46 48 -1,
          48 46 41 -1,
          41 46 40 -1,
          43 49 45 -1,
          45 49 50 -1,
          50 49 51 -1,
          37 52 43 -1,
          47 52 46 -1,
          53 52 54 -1,
          54 52 47 -1,
          46 52 37 -1,
          49 55 51 -1,
          51 55 56 -1,
          56 55 57 -1,
          49 58 55 -1,
          53 58 52 -1,
          59 58 60 -1,
          60 58 53 -1,
          43 58 49 -1,
          52 58 43 -1,
          55 61 57 -1,
          57 61 62 -1,
          62 61 63 -1,
          64 65 66 -1,
          59 65 58 -1,
          66 65 59 -1,
          58 65 55 -1,
          61 67 63 -1,
          63 67 68 -1,
          68 67 69 -1,
          70 71 72 -1,
          72 71 64 -1,
          55 71 61 -1,
          64 71 65 -1,
          65 71 55 -1,
          67 73 69 -1,
          69 73 74 -1,
          74 73 75 -1,
          67 76 73 -1,
          71 76 61 -1,
          61 76 67 -1,
          77 76 78 -1,
          78 76 70 -1,
          70 76 71 -1,
          73 79 75 -1,
          75 79 80 -1,
          80 79 81 -1,
          76 82 73 -1,
          77 82 76 -1,
          83 82 84 -1,
          84 82 77 -1,
          79 85 81 -1,
          81 85 86 -1,
          86 85 87 -1,
          73 88 79 -1,
          89 88 90 -1,
          90 88 83 -1,
          82 88 73 -1,
          83 88 82 -1,
          85 91 87 -1,
          87 91 92 -1,
          93 94 95 -1,
          95 94 89 -1,
          88 94 79 -1,
          79 94 85 -1,
          89 94 88 -1,
          91 96 92 -1,
          92 96 97 -1,
          97 96 98 -1,
          99 100 93 -1,
          94 100 85 -1,
          85 100 91 -1,
          93 100 94 -1,
          101 102 103 -1,
          96 102 98 -1,
          98 102 101 -1,
          99 104 100 -1,
          105 104 106 -1,
          106 104 99 -1,
          100 104 91 -1,
          91 104 96 -1,
          103 107 108 -1,
          108 107 109 -1,
          102 107 103 -1,
          110 111 112 -1,
          112 111 105 -1,
          96 111 102 -1,
          104 111 96 -1,
          105 111 104 -1,
          109 113 114 -1,
          114 113 115 -1,
          107 113 109 -1,
          111 116 102 -1,
          107 116 113 -1,
          117 116 118 -1,
          118 116 110 -1,
          102 116 107 -1,
          110 116 111 -1,
          115 119 120 -1,
          120 119 121 -1,
          113 119 115 -1,
          122 123 124 -1,
          124 123 117 -1,
          116 123 113 -1,
          117 123 116 -1,
          121 125 126 -1,
          126 125 127 -1,
          119 125 121 -1,
          113 128 119 -1,
          122 128 123 -1,
          129 128 130 -1,
          130 128 122 -1,
          123 128 113 -1,
          127 131 132 -1,
          132 131 133 -1,
          125 131 127 -1,
          129 134 128 -1,
          135 134 136 -1,
          136 134 129 -1,
          128 134 119 -1,
          119 134 125 -1,
          133 137 138 -1,
          138 137 139 -1,
          131 137 133 -1,
          140 141 142 -1,
          142 141 135 -1,
          135 141 134 -1,
          134 141 125 -1,
          125 141 131 -1,
          139 143 144 -1,
          144 143 145 -1,
          137 143 139 -1,
          146 147 148 -1,
          148 147 140 -1,
          140 147 141 -1,
          131 147 137 -1,
          141 147 131 -1,
          137 147 143 -1,
          145 149 150 -1,
          150 149 151 -1,
          143 149 145 -1,
          152 153 154 -1,
          154 153 146 -1,
          147 153 143 -1,
          146 153 147 -1,
          149 155 151 -1,
          151 155 156 -1,
          156 155 157 -1,
          153 158 143 -1,
          159 158 160 -1,
          160 158 152 -1,
          152 158 153 -1,
          143 158 149 -1,
          155 161 157 -1,
          157 161 162 -1,
          162 161 163 -1,
          159 164 158 -1,
          158 164 149 -1,
          165 164 166 -1,
          166 164 159 -1,
          149 164 155 -1,
          161 167 163 -1,
          163 167 168 -1,
          168 167 169 -1,
          155 170 161 -1,
          171 170 172 -1,
          172 170 165 -1,
          165 170 164 -1,
          164 170 155 -1,
          167 173 169 -1,
          169 173 174 -1,
          174 173 175 -1,
          176 177 178 -1,
          178 177 171 -1,
          171 177 170 -1,
          170 177 161 -1,
          167 177 173 -1,
          161 177 167 -1,
          173 179 175 -1,
          175 179 180 -1,
          180 179 181 -1,
          181 179 182 -1,
          183 184 185 -1,
          185 184 176 -1,
          176 184 177 -1,
          177 184 173 -1,
          182 186 187 -1,
          187 186 188 -1,
          188 186 189 -1,
          189 186 183 -1,
          183 186 184 -1,
          184 186 173 -1,
          179 186 182 -1,
          173 186 179 -1,
        ]
      }
    }
    Shape {
      appearance Appearance {
        material Material {
          diffuseColor 0.200 0.200 0.200
          specularColor 0.050 0.050 0.050
          shininess 0.15
        }
      }
      geometry IndexedFaceSet {
        creaseAngle 0.785398
        solid TRUE
        coord Coordinate { point [
          7.8099 5.9851 7.3000,
          7.7474 5.9002 7.3667,
          7.8109 5.9452 7.3000,
          7.8139 5.9055 7.3000,
          7.8189 5.8659 7.3000,
          7.7599 5.8160 7.3667,
          7.8258 5.8266 7.3000,
          7.8347 5.7877 7.3000,
          7.6211 5.8361 7.5000,
          7.6811 5.8936 7.4333,
          7.6149 5.8856 7.5000,
          7.6112 5.9353 7.5000,
          7.6099 5.9851 7.5000,
          7.7806 5.7335 7.3667,
          7.8455 5.7493 7.3000,
          7.8582 5.7115 7.3000,
          7.6945 5.8030 7.4333,
          7.6408 5.7384 7.5000,
          7.6298 5.7870 7.5000,
          7.8092 5.6535 7.3667,
          7.8727 5.6744 7.3000,
          7.8891 5.6380 7.3000,
          7.7168 5.7142 7.4333,
          7.6702 5.6431 7.5000,
          7.6544 5.6904 7.5000,
          7.8456 5.5766 7.3667,
          7.9073 5.6025 7.3000,
          7.9273 5.5680 7.3000,
          7.7476 5.6280 7.4333,
          7.7090 5.5512 7.5000,
          7.6884 5.5967 7.5000,
          7.8893 5.5036 7.3667,
          7.9489 5.5345 7.3000,
          7.9722 5.5021 7.3000,
          7.7868 5.5452 7.4333,
          7.7566 5.4637 7.5000,
          7.7317 5.5069 7.5000,
          7.9400 5.4353 7.3667,
          7.9971 5.4709 7.3000,
          8.0235 5.4410 7.3000,
          7.8339 5.4666 7.4333,
          7.8128 5.3813 7.5000,
          7.7837 5.4218 7.5000,
          7.9971 5.3723 7.3667,
          8.0513 5.4124 7.3000,
          8.0806 5.3853 7.3000,
          7.8884 5.3930 7.4333,
          7.8769 5.3050 7.5000,
          7.8439 5.3423 7.5000,
          8.0601 5.3152 7.3667,
          8.1111 5.3597 7.3000,
          8.1429 5.3356 7.3000,
          7.9500 5.3252 7.4333,
          7.9482 5.2353 7.5000,
          7.9117 5.2693 7.5000,
          8.1284 5.2645 7.3667,
          8.1759 5.3131 7.3000,
          8.2099 5.2923 7.3000,
          8.0178 5.2637 7.4333,
          8.0262 5.1732 7.5000,
          7.9864 5.2033 7.5000,
          8.2014 5.2208 7.3667,
          8.2450 5.2732 7.3000,
          8.2809 5.2559 7.3000,
          8.0914 5.2091 7.4333,
          8.1099 5.1191 7.5000,
          8.0674 5.1451 7.5000,
          8.2783 5.1844 7.3667,
          8.3177 5.2404 7.3000,
          8.3551 5.2268 7.3000,
          8.1986 5.0736 7.5000,
          8.1700 5.1620 7.4333,
          8.1537 5.0953 7.5000,
          8.3583 5.1558 7.3667,
          8.3933 5.2150 7.3000,
          8.4319 5.2052 7.3000,
          8.2528 5.1228 7.4333,
          8.2914 5.0372 7.5000,
          8.2446 5.0543 7.5000,
          8.4408 5.1351 7.3667,
          8.4710 5.1973 7.3000,
          8.5104 5.1913 7.3000,
          8.3390 5.0920 7.4333,
          8.3874 5.0102 7.5000,
          8.3391 5.0225 7.5000,
          8.5250 5.1226 7.3667,
          8.5501 5.1874 7.3000,
          8.5900 5.1854 7.3000,
          8.4278 5.0697 7.4333,
          8.4856 4.9929 7.5000,
          8.4363 5.0003 7.5000,
          8.6099 5.1185 7.3667,
          8.6299 5.1854 7.3000,
          8.5850 4.9854 7.5000,
          8.5184 5.0563 7.4333,
          8.5352 4.9879 7.5000,
          8.6949 5.1226 7.3667,
          8.6697 5.1874 7.3000,
          8.7094 5.1913 7.3000,
          8.6349 4.9854 7.5000,
          8.6099 5.0518 7.4333,
          8.7488 5.1973 7.3000,
          8.7790 5.1351 7.3667,
          8.7879 5.2052 7.3000,
          8.7014 5.0563 7.4333,
          8.7343 4.9929 7.5000,
          8.6847 4.9879 7.5000,
          8.8615 5.1558 7.3667,
          8.8266 5.2150 7.3000,
          8.8647 5.2268 7.3000,
          8.7920 5.0697 7.4333,
          8.8324 5.0102 7.5000,
          8.7836 5.0003 7.5000,
          8.9416 5.1844 7.3667,
          8.9022 5.2404 7.3000,
          8.9390 5.2559 7.3000,
          8.8809 5.0920 7.4333,
          8.9284 5.0372 7.5000,
          8.8808 5.0225 7.5000,
          9.0185 5.2208 7.3667,
          8.9749 5.2732 7.3000,
          9.0099 5.2923 7.3000,
          9.0212 5.0736 7.5000,
          8.9671 5.1228 7.4333,
          8.9753 5.0543 7.5000,
          9.0914 5.2645 7.3667,
          9.0440 5.3131 7.3000,
          9.0769 5.3356 7.3000,
          9.1099 5.1191 7.5000,
          9.0499 5.1620 7.4333,
          9.0661 5.0953 7.5000,
          9.1597 5.3152 7.3667,
          9.1087 5.3597 7.3000,
          9.1393 5.3853 7.3000,
          9.1285 5.2091 7.4333,
          9.1937 5.1732 7.5000,
          9.1525 5.1451 7.5000,
          9.2227 5.3723 7.3667,
          9.1685 5.4124 7.3000,
          9.1964 5.4410 7.3000,
          9.2020 5.2637 7.4333,
          9.2716 5.2353 7.5000,
          9.2334 5.2033 7.5000,
          9.2799 5.4353 7.3667,
          9.2228 5.4709 7.3000,
          9.2476 5.5021 7.3000,
          9.3430 5.3050 7.5000,
          9.2699 5.3252 7.4333,
          9.3082 5.2693 7.5000,
          9.3305 5.5036 7.3667,
          9.2709 5.5345 7.3000,
          9.2926 5.5680 7.3000,
          9.4071 5.3813 7.5000,
          9.3314 5.3930 7.4333,
          9.3760 5.3423 7.5000,
          9.3743 5.5766 7.3667,
          9.3125 5.6025 7.3000,
          9.3307 5.6380 7.3000,
          9.3860 5.4666 7.4333,
          9.4632 5.4637 7.5000,
          9.4362 5.4218 7.5000,
          9.4106 5.6535 7.3667,
          9.3471 5.6744 7.3000,
          9.3617 5.7115 7.3000,
          9.4331 5.5452 7.4333,
          9.5109 5.5512 7.5000,
          9.4881 5.5069 7.5000,
          9.4393 5.7335 7.3667,
          9.3744 5.7493 7.3000,
          9.3852 5.7877 7.3000,
          9.5496 5.6431 7.5000,
          9.4722 5.6280 7.4333,
          9.5314 5.5967 7.5000,
          9.4599 5.8160 7.3667,
          9.3941 5.8266 7.3000,
          9.4010 5.8659 7.3000,
          9.5790 5.7384 7.5000,
          9.5031 5.7142 7.4333,
          9.5655 5.6904 7.5000,
          9.4724 5.9002 7.3667,
          9.4059 5.9055 7.3000,
          9.4089 5.9452 7.3000,
          9.4099 5.9851 7.3000,
          9.5988 5.8361 7.5000,
          9.5253 5.8030 7.4333,
          9.5901 5.7870 7.5000,
          9.5388 5.8936 7.4333,
          9.6099 5.9851 7.5000,
          9.6087 5.9353 7.5000,
          9.6050 5.8856 7.5000,
        ] }
        coordIndex [
          0 1 2 -1,
          2 1 3 -1,
          3 1 4 -1,
          1 5 4 -1,
          4 5 6 -1,
          6 5 7 -1,
          8 9 10 -1,
          10 9 11 -1,
          11 9 12 -1,
          0 9 1 -1,
          12 9 0 -1,
          5 13 7 -1,
          7 13 14 -1,
          14 13 15 -1,
          1 16 5 -1,
          17 16 18 -1,
          18 16 8 -1,
          8 16 9 -1,
          9 16 1 -1,
          13 19 15 -1,
          15 19 20 -1,
          20 19 21 -1,
          17 22 16 -1,
          16 22 5 -1,
          23 22 24 -1,
          24 22 17 -1,
          5 22 13 -1,
          19 25 21 -1,
          21 25 26 -1,
          26 25 27 -1,
          23 28 22 -1,
          22 28 13 -1,
          29 28 30 -1,
          30 28 23 -1,
          13 28 19 -1,
          25 31 27 -1,
          27 31 32 -1,
          32 31 33 -1,
          29 34 28 -1,
          28 34 19 -1,
          35 34 36 -1,
          36 34 29 -1,
          19 34 25 -1,
          31 37 33 -1,
          33 37 38 -1,
          38 37 39 -1,
          25 40 31 -1,
          41 40 42 -1,
          42 40 35 -1,
          34 40 25 -1,
          35 40 34 -1,
          37 43 39 -1,
          39 43 44 -1,
          44 43 45 -1,
          31 46 37 -1,
          40 46 31 -1,
          47 46 48 -1,
          48 46 41 -1,
          41 46 40 -1,
          43 49 45 -1,
          45 49 50 -1,
          50 49 51 -1,
          37 52 43 -1,
          47 52 46 -1,
          53 52 54 -1,
          54 52 47 -1,
          46 52 37 -1,
          49 55 51 -1,
          51 55 56 -1,
          56 55 57 -1,
          53 58 52 -1,
          59 58 60 -1,
          60 58 53 -1,
          43 58 49 -1,
          52 58 43 -1,
          55 61 57 -1,
          57 61 62 -1,
          62 61 63 -1,
          49 64 55 -1,
          65 64 66 -1,
          59 64 58 -1,
          66 64 59 -1,
          55 64 61 -1,
          58 64 49 -1,
          61 67 63 -1,
          63 67 68 -1,
          68 67 69 -1,
          70 71 72 -1,
          72 71 65 -1,
          65 71 64 -1,
          64 71 61 -1,
          67 73 69 -1,
          69 73 74 -1,
          74 73 75 -1,
          71 76 61 -1,
          61 76 67 -1,
          77 76 78 -1,
          78 76 70 -1,
          70 76 71 -1,
          73 79 75 -1,
          75 79 80 -1,
          80 79 81 -1,
          67 82 73 -1,
          76 82 67 -1,
          77 82 76 -1,
          83 82 84 -1,
          84 82 77 -1,
          79 85 81 -1,
          81 85 86 -1,
          86 85 87 -1,
          73 88 79 -1,
          82 88 73 -1,
          89 88 90 -1,
          83 88 82 -1,
          90 88 83 -1,
          85 91 87 -1,
          87 91 92 -1,
          93 94 95 -1,
          95 94 89 -1,
          88 94 79 -1,
          79 94 85 -1,
          89 94 88 -1,
          91 96 92 -1,
          92 96 97 -1,
          97 96 98 -1,
          99 100 93 -1,
          85 100 91 -1,
          93 100 94 -1,
          94 100 85 -1,
          101 102 103 -1,
          96 102 98 -1,
          98 102 101 -1,
          100 104 91 -1,
          99 104 100 -1,
          105 104 106 -1,
          106 104 99 -1,
          91 104 96 -1,
          103 107 108 -1,
          108 107 109 -1,
          102 107 103 -1,
          104 110 96 -1,
          111 110 112 -1,
          112 110 105 -1,
          96 110 102 -1,
          105 110 104 -1,
          109 113 114 -1,
          114 113 115 -1,
          107 113 109 -1,
          110 116 102 -1,
          111 116 110 -1,
          117 116 118 -1,
          118 116 111 -1,
          102 116 107 -1,
          115 119 120 -1,
          120 119 121 -1,
          113 119 115 -1,
          122 123 124 -1,
          124 123 117 -1,
          117 123 116 -1,
          107 123 113 -1,
          116 123 107 -1,
          121 125 126 -1,
          126 125 127 -1,
          119 125 121 -1,
          128 129 130 -1,
          130 129 122 -1,
          113 129 119 -1,
          122 129 123 -1,
          123 129 113 -1,
          127 131 132 -1,
          132 131 133 -1,
          125 131 127 -1,
          128 134 129 -1,
          135 134 136 -1,
          136 134 128 -1,
          129 134 119 -1,
          119 134 125 -1,
          133 137 138 -1,
          138 137 139 -1,
          131 137 133 -1,
          125 140 131 -1,
          135 140 134 -1,
          141 140 142 -1,
          142 140 135 -1,
          134 140 125 -1,
          137 143 139 -1,
          139 143 144 -1,
          144 143 145 -1,
          146 147 148 -1,
          148 147 141 -1,
          137 147 143 -1,
          141 147 140 -1,
          140 147 131 -1,
          131 147 137 -1,
          145 149 150 -1,
          150 149 151 -1,
          143 149 145 -1,
          152 153 154 -1,
          154 153 146 -1,
          146 153 147 -1,
          147 153 143 -1,
          151 155 156 -1,
          156 155 157 -1,
          149 155 151 -1,
          153 158 143 -1,
          159 158 160 -1,
          160 158 152 -1,
          152 158 153 -1,
          143 158 149 -1,
          157 161 162 -1,
          162 161 163 -1,
          155 161 157 -1,
          149 164 155 -1,
          159 164 158 -1,
          155 164 161 -1,
          165 164 166 -1,
          166 164 159 -1,
          158 164 149 -1,
          161 167 163 -1,
          163 167 168 -1,
          168 167 169 -1,
          170 171 172 -1,
          172 171 165 -1,
          165 171 164 -1,
          164 171 161 -1,
          167 173 169 -1,
          169 173 174 -1,
          174 173 175 -1,
          176 177 178 -1,
          178 177 170 -1,
          161 177 167 -1,
          171 177 161 -1,
          170 177 171 -1,
          173 179 175 -1,
          175 179 180 -1,
          180 179 181 -1,
          181 179 182 -1,
          183 184 185 -1,
          185 184 176 -1,
          167 184 173 -1,
          176 184 177 -1,
          177 184 167 -1,
          182 186 187 -1,
          187 186 188 -1,
          188 186 189 -1,
          179 186 182 -1,
          189 186 183 -1,
          183 186 184 -1,
          184 186 173 -1,
          173 186 179 -1,
        ]
      }
    }
    Shape {
      appearance Appearance {
        material Material {
          diffuseColor 0.200 0.200 0.200
          specularColor 0.050 0.050 0.050
          shininess 0.15
        }
      }
      geometry IndexedFaceSet {
        creaseAngle 0.785398
        solid TRUE
        coord Coordinate { point [
          -0.8000 19.5000 7.3000,
          -0.8625 19.4151 7.3667,
          -0.7990 19.4601 7.3000,
          -0.7960 19.4203 7.3000,
          -0.7911 19.3808 7.3000,
          -0.8500 19.3309 7.3667,
          -0.7841 19.3415 7.3000,
          -0.7753 19.3026 7.3000,
          -0.9888 19.3510 7.5000,
          -0.9288 19.4085 7.4333,
          -0.9950 19.4004 7.5000,
          -0.9988 19.4502 7.5000,
          -1.0000 19.5000 7.5000,
          -0.8293 19.2484 7.3667,
          -0.7645 19.2642 7.3000,
          -0.7518 19.2264 7.3000,
          -0.9154 19.3179 7.4333,
          -0.9691 19.2532 7.5000,
          -0.9802 19.3019 7.5000,
          -0.8007 19.1683 7.3667,
          -0.7372 19.1893 7.3000,
          -0.7208 19.1529 7.3000,
          -0.8931 19.2291 7.4333,
          -0.9397 19.1580 7.5000,
          -0.9556 19.2052 7.5000,
          -0.7643 19.0915 7.3667,
          -0.7026 19.1174 7.3000,
          -0.6826 19.0829 7.3000,
          -0.8623 19.1428 7.4333,
          -0.9010 19.0661 7.5000,
          -0.9215 19.1116 7.5000,
          -0.7206 19.0185 7.3667,
          -0.6610 19.0493 7.3000,
          -0.6377 19.0170 7.3000,
          -0.8231 19.0600 7.4333,
          -0.8533 18.9786 7.5000,
          -0.8782 19.0217 7.5000,
          -0.6699 18.9502 7.3667,
          -0.6128 18.9858 7.3000,
          -0.5864 18.9559 7.3000,
          -0.7760 18.9815 7.4333,
          -0.7971 18.8962 7.5000,
          -0.8262 18.9367 7.5000,
          -0.6128 18.8872 7.3667,
          -0.5586 18.9273 7.3000,
          -0.5293 18.9002 7.3000,
          -0.7215 18.9079 7.4333,
          -0.7331 18.8198 7.5000,
          -0.7660 18.8572 7.5000,
          -0.5498 18.8301 7.3667,
          -0.4988 18.8745 7.3000,
          -0.4670 18.8504 7.3000,
          -0.6600 18.8400 7.4333,
          -0.6617 18.7502 7.5000,
          -0.6982 18.7841 7.5000,
          -0.4815 18.7794 7.3667,
          -0.4340 18.8280 7.3000,
          -0.4000 18.8072 7.3000,
          -0.5921 18.7785 7.4333,
          -0.5837 18.6881 7.5000,
          -0.6235 18.7182 7.5000,
          -0.4085 18.7357 7.3667,
          -0.3650 18.7881 7.3000,
          -0.3290 18.7708 7.3000,
          -0.5185 18.7240 7.4333,
          -0.5000 18.6340 7.5000,
          -0.5425 18.6600 7.5000,
          -0.3317 18.6993 7.3667,
          -0.2923 18.7553 7.3000,
          -0.2548 18.7417 7.3000,
          -0.4113 18.5885 7.5000,
          -0.4400 18.6769 7.4333,
          -0.4562 18.6101 7.5000,
          -0.2516 18.6707 7.3667,
          -0.2167 18.7299 7.3000,
          -0.1780 18.7201 7.3000,
          -0.3572 18.6377 7.4333,
          -0.3185 18.5521 7.5000,
          -0.3653 18.5691 7.5000,
          -0.1691 18.6500 7.3667,
          -0.1389 18.7122 7.3000,
          -0.0995 18.7062 7.3000,
          -0.2709 18.6069 7.4333,
          -0.2225 18.5251 7.5000,
          -0.2708 18.5374 7.5000,
          -0.0849 18.6375 7.3667,
          -0.0598 18.7022 7.3000,
          -0.0199 18.7002 7.3000,
          -0.1821 18.5846 7.4333,
          -0.1243 18.5078 7.5000,
          -0.1736 18.5152 7.5000,
          -0.0000 18.6333 7.3667,
          0.0199 18.7002 7.3000,
          -0.0249 18.5003 7.5000,
          -0.0915 18.5712 7.4333,
          -0.0747 18.5028 7.5000,
          0.0849 18.6375 7.3667,
          0.0598 18.7022 7.3000,
          0.0995 18.7062 7.3000,
          -0.0000 18.5667 7.4333,
          0.0249 18.5003 7.5000,
          0.1389 18.7122 7.3000,
          0.1691 18.6500 7.3667,
          0.1780 18.7201 7.3000,
          0.0915 18.5712 7.4333,
          0.1243 18.5078 7.5000,
          0.0747 18.5028 7.5000,
          0.2516 18.6707 7.3667,
          0.2167 18.7299 7.3000,
          0.2548 18.7417 7.3000,
          0.2225 18.5251 7.5000,
          0.1821 18.5846 7.4333,
          0.1736 18.5152 7.5000,
          0.3317 18.6993 7.3667,
          0.2923 18.7553 7.3000,
          0.3290 18.7708 7.3000,
          0.2709 18.6069 7.4333,
          0.3185 18.5521 7.5000,
          0.2708 18.5374 7.5000,
          0.4085 18.7357 7.3667,
          0.3650 18.7881 7.3000,
          0.4000 18.8072 7.3000,
          0.3572 18.6377 7.4333,
          0.4113 18.5885 7.5000,
          0.3653 18.5691 7.5000,
          0.4815 18.7794 7.3667,
          0.4340 18.8280 7.3000,
          0.4670 18.8504 7.3000,
          0.4400 18.6769 7.4333,
          0.5000 18.6340 7.5000,
          0.4562 18.6101 7.5000,
          0.5498 18.8301 7.3667,
          0.4988 18.8745 7.3000,
          0.5293 18.9002 7.3000,
          0.5185 18.7240 7.4333,
          0.5837 18.6881 7.5000,
          0.5425 18.6600 7.5000,
          0.6128 18.8872 7.3667,
          0.5586 18.9273 7.3000,
          0.5864 18.9559 7.3000,
          0.5921 18.7785 7.4333,
          0.6617 18.7502 7.5000,
          0.6235 18.7182 7.5000,
          0.6699 18.9502 7.3667,
          0.6128 18.9858 7.3000,
          0.6377 19.0170 7.3000,
          0.7331 18.8198 7.5000,
          0.6600 18.8400 7.4333,
          0.6982 18.7841 7.5000,
          0.7206 19.0185 7.3667,
          0.6610 19.0493 7.3000,
          0.6826 19.0829 7.3000,
          0.7971 18.8962 7.5000,
          0.7215 18.9079 7.4333,
          0.7660 18.8572 7.5000,
          0.7643 19.0915 7.3667,
          0.7026 19.1174 7.3000,
          0.7208 19.1529 7.3000,
          0.7760 18.9815 7.4333,
          0.8533 18.9786 7.5000,
          0.8262 18.9367 7.5000,
          0.8007 19.1683 7.3667,
          0.7372 19.1893 7.3000,
          0.7518 19.2264 7.3000,
          0.8231 19.0600 7.4333,
          0.9010 19.0661 7.5000,
          0.8782 19.0217 7.5000,
          0.8293 19.2484 7.3667,
          0.7645 19.2642 7.3000,
          0.7753 19.3026 7.3000,
          0.9397 19.1580 7.5000,
          0.8623 19.1428 7.4333,
          0.9215 19.1116 7.5000,
          0.8500 19.3309 7.3667,
          0.7841 19.3415 7.3000,
          0.7911 19.3808 7.3000,
          0.9691 19.2532 7.5000,
          0.8931 19.2291 7.4333,
          0.9556 19.2052 7.5000,
          0.8625 19.4151 7.3667,
          0.7960 19.4203 7.3000,
          0.7990 19.4601 7.3000,
          0.8000 19.5000 7.3000,
          0.9888 19.3510 7.5000,
          0.9154 19.3179 7.4333,
          0.9802 19.3019 7.5000,
          0.9288 19.4085 7.4333,
          1.0000 19.5000 7.5000,
          0.9988 19.4502 7.5000,
          0.9950 19.4004 7.5000,
        ] }
        coordIndex [
          0 1 2 -1,
          2 1 3 -1,
          3 1 4 -1,
          1 5 4 -1,
          4 5 6 -1,
          6 5 7 -1,
          8 9 10 -1,
          10 9 11 -1,
          11 9 12 -1,
          0 9 1 -1,
          12 9 0 -1,
          5 13 7 -1,
          7 13 14 -1,
          14 13 15 -1,
          1 16 5 -1,
          17 16 18 -1,
          18 16 8 -1,
          8 16 9 -1,
          9 16 1 -1,
          13 19 15 -1,
          15 19 20 -1,
          20 19 21 -1,
          17 22 16 -1,
          16 22 5 -1,
          23 22 24 -1,
          24 22 17 -1,
          5 22 13 -1,
          19 25 21 -1,
          21 25 26 -1,
          26 25 27 -1,
          23 28 22 -1,
          22 28 13 -1,
          29 28 30 -1,
          30 28 23 -1,
          13 28 19 -1,
          25 31 27 -1,
          27 31 32 -1,
          32 31 33 -1,
          29 34 28 -1,
          28 34 19 -1,
          35 34 36 -1,
          36 34 29 -1,
          19 34 25 -1,
          31 37 33 -1,
          33 37 38 -1,
          38 37 39 -1,
          25 40 31 -1,
          41 40 42 -1,
          42 40 35 -1,
          34 40 25 -1,
          35 40 34 -1,
          37 43 39 -1,
          39 43 44 -1,
          44 43 45 -1,
          31 46 37 -1,
          40 46 31 -1,
          47 46 48 -1,
          48 46 41 -1,
          41 46 40 -1,
          43 49 45 -1,
          45 49 50 -1,
          50 49 51 -1,
          37 52 43 -1,
          47 52 46 -1,
          53 52 54 -1,
          54 52 47 -1,
          46 52 37 -1,
          49 55 51 -1,
          51 55 56 -1,
          56 55 57 -1,
          53 58 52 -1,
          59 58 60 -1,
          60 58 53 -1,
          43 58 49 -1,
          52 58 43 -1,
          55 61 57 -1,
          57 61 62 -1,
          62 61 63 -1,
          49 64 55 -1,
          65 64 66 -1,
          59 64 58 -1,
          66 64 59 -1,
          58 64 49 -1,
          61 67 63 -1,
          63 67 68 -1,
          68 67 69 -1,
          70 71 72 -1,
          72 71 65 -1,
          65 71 64 -1,
          55 71 61 -1,
          64 71 55 -1,
          67 73 69 -1,
          69 73 74 -1,
          74 73 75 -1,
          71 76 61 -1,
          61 76 67 -1,
          77 76 78 -1,
          78 76 70 -1,
          70 76 71 -1,
          73 79 75 -1,
          75 79 80 -1,
          80 79 81 -1,
          73 82 79 -1,
          76 82 67 -1,
          83 82 84 -1,
          84 82 77 -1,
          77 82 76 -1,
          67 82 73 -1,
          79 85 81 -1,
          81 85 86 -1,
          86 85 87 -1,
          82 88 79 -1,
          89 88 90 -1,
          83 88 82 -1,
          90 88 83 -1,
          85 91 87 -1,
          87 91 92 -1,
          93 94 95 -1,
          95 94 89 -1,
          79 94 85 -1,
          89 94 88 -1,
          88 94 79 -1,
          91 96 92 -1,
          92 96 97 -1,
          97 96 98 -1,
          93 99 94 -1,
          100 99 93 -1,
          94 99 85 -1,
          91 99 96 -1,
          85 99 91 -1,
          101 102 103 -1,
          96 102 98 -1,
          98 102 101 -1,
          99 104 96 -1,
          105 104 106 -1,
          106 104 100 -1,
          100 104 99 -1,
          103 107 108 -1,
          108 107 109 -1,
          102 107 103 -1,
          110 111 112 -1,
          112 111 105 -1,
          96 111 102 -1,
          105 111 104 -1,
          104 111 96 -1,
          109 113 114 -1,
          114 113 115 -1,
          107 113 109 -1,
          111 116 102 -1,
          110 116 111 -1,
          117 116 118 -1,
          118 116 110 -1,
          102 116 107 -1,
          115 119 120 -1,
          120 119 121 -1,
          113 119 115 -1,
          117 122 116 -1,
          123 122 124 -1,
          124 122 117 -1,
          107 122 113 -1,
          116 122 107 -1,
          121 125 126 -1,
          126 125 127 -1,
          119 125 121 -1,
          123 128 122 -1,
          129 128 130 -1,
          130 128 123 -1,
          122 128 113 -1,
          119 128 125 -1,
          113 128 119 -1,
          127 131 132 -1,
          132 131 133 -1,
          125 131 127 -1,
          128 134 125 -1,
          135 134 136 -1,
          136 134 129 -1,
          129 134 128 -1,
          133 137 138 -1,
          138 137 139 -1,
          131 137 133 -1,
          125 140 131 -1,
          141 140 142 -1,
          142 140 135 -1,
          134 140 125 -1,
          135 140 134 -1,
          131 140 137 -1,
          139 143 144 -1,
          144 143 145 -1,
          137 143 139 -1,
          146 147 148 -1,
          148 147 141 -1,
          141 147 140 -1,
          140 147 137 -1,
          145 149 150 -1,
          150 149 151 -1,
          143 149 145 -1,
          152 153 154 -1,
          154 153 146 -1,
          146 153 147 -1,
          137 153 143 -1,
          147 153 137 -1,
          151 155 156 -1,
          156 155 157 -1,
          149 155 151 -1,
          153 158 143 -1,
          149 158 155 -1,
          159 158 160 -1,
          160 158 152 -1,
          152 158 153 -1,
          143 158 149 -1,
          157 161 162 -1,
          162 161 163 -1,
          155 161 157 -1,
          159 164 158 -1,
          165 164 166 -1,
          166 164 159 -1,
          158 164 155 -1,
          161 167 163 -1,
          163 167 168 -1,
          168 167 169 -1,
          170 171 172 -1,
          172 171 165 -1,
          155 171 161 -1,
          164 171 155 -1,
          165 171 164 -1,
          167 173 169 -1,
          169 173 174 -1,
          174 173 175 -1,
          176 177 178 -1,
          178 177 170 -1,
          161 177 167 -1,
          171 177 161 -1,
          170 177 171 -1,
          173 179 175 -1,
          175 179 180 -1,
          180 179 181 -1,
          181 179 182 -1,
          183 184 185 -1,
          185 184 176 -1,
          167 184 173 -1,
          176 184 177 -1,
          177 184 167 -1,
          173 184 179 -1,
          182 186 187 -1,
          187 186 188 -1,
          188 186 189 -1,
          179 186 182 -1,
          189 186 183 -1,
          183 186 184 -1,
          184 186 179 -1,
        ]
      }
    }
    Shape {
      appearance Appearance {
        material Material {
          diffuseColor 0.200 0.200 0.200
          specularColor 0.050 0.050 0.050
          shininess 0.15
        }
      }
      geometry IndexedFaceSet {
        creaseAngle 0.785398
        solid TRUE
        coord Coordinate { point [
          -2.6122 10.0000 0.7000,
          -2.6122 10.0000 7.5000,
          -2.6130 10.0385 0.7000,
          -2.6130 10.0385 7.5000,
          -2.6156 10.0770 0.7000,
          -2.6156 10.0770 7.5000,
          -2.6197 10.1153 0.7000,
          -2.6197 10.1153 7.5000,
          -2.6256 10.1534 0.7000,
          -2.6256 10.1534 7.5000,
        ] }
        coordIndex [
          0 1 2 -1,
          2 3 4 -1,
          1 3 2 -1,
          4 5 6 -1,
          3 5 4 -1,
          6 7 8 -1,
          5 7 6 -1,
          7 9 8 -1,
        ]
      }
    }
    Shape {
      appearance Appearance {
        material Material {
          diffuseColor 0.200 0.200 0.200
          specularColor 0.050 0.050 0.050
          shininess 0.15
        }
      }
      geometry IndexedFaceSet {
        creaseAngle 0.785398
        solid TRUE
        coord Coordinate { point [
          4.3878 10.0000 7.5000,
          4.3867 10.0433 7.5000,
          4.3878 10.0000 0.7000,
          4.3867 10.0433 0.7000,
          4.3836 10.0866 7.5000,
          4.3836 10.0866 0.7000,
          4.3783 10.1296 0.7000,
          4.3783 10.1296 7.5000,
          4.3709 10.1723 7.5000,
          4.3709 10.1723 0.7000,
          4.3615 10.2146 7.5000,
          4.3615 10.2146 0.7000,
          4.3500 10.2564 0.7000,
          4.3500 10.2564 7.5000,
          4.3364 10.2976 0.7000,
          4.3364 10.2976 7.5000,
          4.3209 10.3381 7.5000,
          4.3209 10.3381 0.7000,
          4.3034 10.3777 7.5000,
          4.3034 10.3777 0.7000,
          4.2840 10.4165 7.5000,
          4.2840 10.4165 0.7000,
          4.2628 10.4543 0.7000,
          4.2628 10.4543 7.5000,
          4.2397 10.4910 0.7000,
          4.2397 10.4910 7.5000,
          4.2148 10.5265 0.7000,
          4.2148 10.5265 7.5000,
          4.1883 10.5608 7.5000,
          4.1883 10.5608 0.7000,
          4.1601 10.5937 0.7000,
          4.1601 10.5937 7.5000,
          4.1303 10.6252 7.5000,
          4.1303 10.6252 0.7000,
          4.0991 10.6552 7.5000,
          4.0991 10.6552 0.7000,
          4.0664 10.6837 7.5000,
          4.0664 10.6837 0.7000,
          4.0323 10.7105 7.5000,
          4.0323 10.7105 0.7000,
          3.9970 10.7356 7.5000,
          3.9970 10.7356 0.7000,
          3.9605 10.7590 0.7000,
          3.9605 10.7590 7.5000,
          3.9229 10.7806 7.5000,
          3.9229 10.7806 0.7000,
          3.8843 10.8003 7.5000,
          3.8843 10.8003 0.7000,
          3.8448 10.8181 0.7000,
          3.8448 10.8181 7.5000,
          3.8044 10.8340 7.5000,
          3.8044 10.8340 0.7000,
          3.7634 10.8478 0.7000,
          3.7634 10.8478 7.5000,
          3.7217 10.8597 7.5000,
          3.7217 10.8597 0.7000,
          3.6794 10.8695 7.5000,
          3.6794 10.8695 0.7000,
          3.6368 10.8772 7.5000,
          3.6368 10.8772 0.7000,
          3.5938 10.8828 7.5000,
          3.5938 10.8828 0.7000,
          3.5506 10.8864 7.5000,
          3.5506 10.8864 0.7000,
          3.5073 10.8878 0.7000,
          3.5073 10.8878 7.5000,
          3.4639 10.8871 0.7000,
          3.4639 10.8871 7.5000,
          3.4207 10.8842 0.7000,
          3.4207 10.8842 7.5000,
          3.3776 10.8793 7.5000,
          3.3776 10.8793 0.7000,
          3.3348 10.8723 7.5000,
          3.3348 10.8723 0.7000,
        ] }
        coordIndex [
          0 1 2 -1,
          2 1 3 -1,
          3 4 5 -1,
          5 4 6 -1,
          1 4 3 -1,
          4 7 6 -1,
          6 8 9 -1,
          7 8 6 -1,
          9 10 11 -1,
          11 10 12 -1,
          8 10 9 -1,
          10 13 12 -1,
          12 13 14 -1,
          13 15 14 -1,
          15 16 14 -1,
          14 16 17 -1,
          16 18 17 -1,
          17 18 19 -1,
          18 20 19 -1,
          19 20 21 -1,
          21 20 22 -1,
          20 23 22 -1,
          22 23 24 -1,
          23 25 24 -1,
          24 25 26 -1,
          25 27 26 -1,
          27 28 26 -1,
          26 28 29 -1,
          29 28 30 -1,
          28 31 30 -1,
          31 32 30 -1,
          30 32 33 -1,
          32 34 33 -1,
          33 34 35 -1,
          34 36 35 -1,
          35 36 37 -1,
          36 38 37 -1,
          37 38 39 -1,
          38 40 39 -1,
          39 40 41 -1,
          41 40 42 -1,
          40 43 42 -1,
          42 44 45 -1,
          43 44 42 -1,
          45 46 47 -1,
          47 46 48 -1,
          44 46 45 -1,
          46 49 48 -1,
          48 50 51 -1,
          51 50 52 -1,
          49 50 48 -1,
          50 53 52 -1,
          52 54 55 -1,
          53 54 52 -1,
          55 56 57 -1,
          54 56 55 -1,
          57 58 59 -1,
          56 58 57 -1,
          59 60 61 -1,
          58 60 59 -1,
          60 62 61 -1,
          61 62 63 -1,
          63 62 64 -1,
          62 65 64 -1,
          64 65 66 -1,
          65 67 66 -1,
          66 67 68 -1,
          67 69 68 -1,
          69 70 68 -1,
          68 70 71 -1,
          70 72 71 -1,
          71 72 73 -1,
        ]
      }
    }
    Shape {
      appearance Appearance {
        material Material {
          diffuseColor 0.200 0.200 0.200
          specularColor 0.050 0.050 0.050
          shininess 0.15
        }
      }
      geometry IndexedFaceSet {
        creaseAngle 0.785398
        solid TRUE
        coord Coordinate { point [
          -1.5871 7.5251 7.5000,
          -1.5879 7.5637 7.5000,
          -1.5871 7.5251 0.7000,
          -1.5879 7.5637 0.7000,
          -1.5904 7.6021 7.5000,
          -1.5904 7.6021 0.7000,
          -1.5946 7.6405 7.5000,
          -1.5946 7.6405 0.7000,
          -1.6004 7.6786 7.5000,
          -1.6004 7.6786 0.7000,
        ] }
        coordIndex [
          0 1 2 -1,
          2 1 3 -1,
          3 4 5 -1,
          1 4 3 -1,
          5 6 7 -1,
          4 6 5 -1,
          7 8 9 -1,
          6 8 7 -1,
        ]
      }
    }
    Shape {
      appearance Appearance {
        material Material {
          diffuseColor 0.200 0.200 0.200
          specularColor 0.050 0.050 0.050
          shininess 0.15
        }
      }
      geometry IndexedFaceSet {
        creaseAngle 0.785398
        solid TRUE
        coord Coordinate { point [
          3.3627 7.5251 7.5000,
          3.3616 7.5694 7.5000,
          3.3627 7.5251 0.7000,
          3.3616 7.5694 0.7000,
          3.3583 7.6135 7.5000,
          3.3583 7.6135 0.7000,
          3.3528 7.6574 7.5000,
          3.3528 7.6574 0.7000,
          3.3451 7.7010 7.5000,
          3.3451 7.7010 0.7000,
          3.3352 7.7441 7.5000,
          3.3352 7.7441 0.7000,
          3.3233 7.7867 7.5000,
          3.3233 7.7867 0.7000,
          3.3092 7.8286 7.5000,
          3.3092 7.8286 0.7000,
          3.2930 7.8698 7.5000,
          3.2930 7.8698 0.7000,
          3.2748 7.9102 7.5000,
          3.2748 7.9102 0.7000,
          3.2547 7.9495 7.5000,
          3.2547 7.9495 0.7000,
          3.2325 7.9879 7.5000,
          3.2325 7.9879 0.7000,
          3.2085 8.0250 7.5000,
          3.2085 8.0250 0.7000,
          3.1827 8.0610 7.5000,
          3.1827 8.0610 0.7000,
          3.1551 8.0956 7.5000,
          3.1551 8.0956 0.7000,
          3.1259 8.1288 7.5000,
          3.1259 8.1288 0.7000,
          3.0950 8.1604 7.5000,
          3.0950 8.1604 0.7000,
          3.0626 8.1905 7.5000,
          3.0626 8.1905 0.7000,
          3.0287 8.2190 7.5000,
          3.0287 8.2190 0.7000,
          2.9934 8.2457 7.5000,
          2.9934 8.2457 0.7000,
          2.9569 8.2707 7.5000,
          2.9569 8.2707 0.7000,
          2.9191 8.2938 7.5000,
          2.9191 8.2938 0.7000,
          2.8803 8.3149 7.5000,
          2.8803 8.3149 0.7000,
          2.8404 8.3342 7.5000,
          2.8404 8.3342 0.7000,
          2.7997 8.3514 7.5000,
          2.7997 8.3514 0.7000,
          2.7581 8.3665 7.5000,
          2.7581 8.3665 0.7000,
          2.7158 8.3796 7.5000,
          2.7158 8.3796 0.7000,
          2.6730 8.3905 7.5000,
          2.6730 8.3905 0.7000,
          2.6296 8.3993 7.5000,
          2.6296 8.3993 0.7000,
          2.5859 8.4060 7.5000,
          2.5859 8.4060 0.7000,
          2.5418 8.4104 7.5000,
          2.5418 8.4104 0.7000,
          2.4976 8.4126 7.5000,
          2.4976 8.4126 0.7000,
          2.4534 8.4127 7.5000,
          2.4534 8.4127 0.7000,
          2.4092 8.4105 7.5000,
          2.4092 8.4105 0.7000,
          2.3652 8.4061 7.5000,
          2.3652 8.4061 0.7000,
          2.3214 8.3996 7.5000,
          2.3214 8.3996 0.7000,
        ] }
        coordIndex [
          0 1 2 -1,
          2 1 3 -1,
          3 4 5 -1,
          1 4 3 -1,
          5 6 7 -1,
          4 6 5 -1,
          7 8 9 -1,
          6 8 7 -1,
          9 10 11 -1,
          8 10 9 -1,
          10 12 11 -1,
          11 12 13 -1,
          12 14 13 -1,
          13 14 15 -1,
          14 16 15 -1,
          15 16 17 -1,
          16 18 17 -1,
          17 18 19 -1,
          18 20 19 -1,
          19 20 21 -1,
          20 22 21 -1,
          21 22 23 -1,
          22 24 23 -1,
          23 24 25 -1,
          24 26 25 -1,
          25 26 27 -1,
          26 28 27 -1,
          27 28 29 -1,
          28 30 29 -1,
          29 30 31 -1,
          30 32 31 -1,
          31 32 33 -1,
          32 34 33 -1,
          33 34 35 -1,
          34 36 35 -1,
          35 36 37 -1,
          36 38 37 -1,
          37 38 39 -1,
          39 40 41 -1,
          38 40 39 -1,
          41 42 43 -1,
          40 42 41 -1,
          43 44 45 -1,
          42 44 43 -1,
          45 46 47 -1,
          44 46 45 -1,
          47 48 49 -1,
          46 48 47 -1,
          49 50 51 -1,
          48 50 49 -1,
          51 52 53 -1,
          50 52 51 -1,
          53 54 55 -1,
          52 54 53 -1,
          55 56 57 -1,
          54 56 55 -1,
          57 58 59 -1,
          56 58 57 -1,
          59 60 61 -1,
          58 60 59 -1,
          61 62 63 -1,
          60 62 61 -1,
          62 64 63 -1,
          63 64 65 -1,
          64 66 65 -1,
          65 66 67 -1,
          66 68 67 -1,
          67 68 69 -1,
          68 70 69 -1,
          69 70 71 -1,
        ]
      }
    }
    Shape {
      appearance Appearance {
        material Material {
          diffuseColor 0.200 0.200 0.200
          specularColor 0.050 0.050 0.050
          shininess 0.15
        }
      }
      geometry IndexedFaceSet {
        creaseAngle 0.785398
        solid TRUE
        coord Coordinate { point [
          0.8878 6.5000 0.7000,
          0.8878 6.5000 7.5000,
          0.8868 6.5426 0.7000,
          0.8868 6.5426 7.5000,
          0.8837 6.5850 0.7000,
          0.8837 6.5850 7.5000,
          0.8786 6.6273 0.7000,
          0.8786 6.6273 7.5000,
          0.8715 6.6693 0.7000,
          0.8715 6.6693 7.5000,
          0.8624 6.7108 0.7000,
          0.8624 6.7108 7.5000,
          0.8513 6.7519 0.7000,
          0.8513 6.7519 7.5000,
          0.8382 6.7925 0.7000,
          0.8382 6.7925 7.5000,
          0.8233 6.8323 0.7000,
          0.8233 6.8323 7.5000,
          0.8064 6.8714 0.7000,
          0.8064 6.8714 7.5000,
          0.7876 6.9096 0.7000,
          0.7876 6.9096 7.5000,
          0.7671 6.9469 0.7000,
          0.7671 6.9469 7.5000,
          0.7448 6.9832 0.7000,
          0.7448 6.9832 7.5000,
          0.7208 7.0183 0.7000,
          0.7208 7.0183 7.5000,
          0.6951 7.0523 0.7000,
          0.6951 7.0523 7.5000,
          0.6678 7.0850 0.7000,
          0.6678 7.0850 7.5000,
          0.6390 7.1163 0.7000,
          0.6390 7.1163 7.5000,
          0.6087 7.1462 0.7000,
          0.6087 7.1462 7.5000,
          0.5771 7.1747 0.7000,
          0.5771 7.1747 7.5000,
          0.5441 7.2015 0.7000,
          0.5441 7.2015 7.5000,
          0.5098 7.2268 0.7000,
          0.5098 7.2268 7.5000,
        ] }
        coordIndex [
          0 1 2 -1,
          2 3 4 -1,
          1 3 2 -1,
          4 5 6 -1,
          3 5 4 -1,
          6 7 8 -1,
          5 7 6 -1,
          8 9 10 -1,
          7 9 8 -1,
          10 11 12 -1,
          9 11 10 -1,
          12 13 14 -1,
          11 13 12 -1,
          14 15 16 -1,
          13 15 14 -1,
          16 17 18 -1,
          15 17 16 -1,
          18 19 20 -1,
          17 19 18 -1,
          20 21 22 -1,
          19 21 20 -1,
          22 23 24 -1,
          21 23 22 -1,
          24 25 26 -1,
          23 25 24 -1,
          26 27 28 -1,
          25 27 26 -1,
          27 29 28 -1,
          28 29 30 -1,
          29 31 30 -1,
          30 31 32 -1,
          31 33 32 -1,
          32 33 34 -1,
          33 35 34 -1,
          34 35 36 -1,
          35 37 36 -1,
          36 37 38 -1,
          37 39 38 -1,
          38 39 40 -1,
          39 41 40 -1,
        ]
      }
    }
    Shape {
      appearance Appearance {
        material Material {
          diffuseColor 0.200 0.200 0.200
          specularColor 0.050 0.050 0.050
          shininess 0.15
        }
      }
      geometry IndexedFaceSet {
        creaseAngle 0.785398
        solid TRUE
        coord Coordinate { point [
          -7.0000 10.0000 7.5000,
          -6.9915 9.6556 7.5000,
          -7.0000 10.0000 0.7000,
          -6.9913 9.6511 0.7000,
          -6.9661 9.3120 7.5000,
          -6.9652 9.3030 0.7000,
          -6.9238 8.9701 7.5000,
          -6.9218 8.9567 0.7000,
          -6.8648 8.6307 7.5000,
          -6.8612 8.6130 0.7000,
          -6.7891 8.2946 7.5000,
          -6.7835 8.2727 0.7000,
          -6.6969 7.9626 7.5000,
          -6.6890 7.9367 0.7000,
          -6.5886 7.6355 7.5000,
          -6.5778 7.6059 0.7000,
          -6.4643 7.3142 7.5000,
          -6.4503 7.2810 0.7000,
          -6.3243 6.9994 7.5000,
          -6.3068 6.9628 0.7000,
          -6.1690 6.6919 7.5000,
          -6.1476 6.6522 0.7000,
          -5.9988 6.3924 7.5000,
          -5.9730 6.3500 0.7000,
          -5.8140 6.1016 7.5000,
          -5.7837 6.0568 0.7000,
          -5.6151 5.8202 7.5000,
          -5.5799 5.7734 0.7000,
          -5.4027 5.5490 7.5000,
          -5.3623 5.5005 0.7000,
          -5.1771 5.2886 7.5000,
          -5.1314 5.2388 0.7000,
          -4.9390 5.0396 7.5000,
          -4.8877 4.9889 0.7000,
          -4.6890 4.8026 7.5000,
          -4.6318 4.7515 0.7000,
          -4.4276 4.5782 7.5000,
          -4.3644 4.5272 0.7000,
          -4.1555 4.3669 7.5000,
          -4.0862 4.3164 0.7000,
          -3.8733 4.1692 7.5000,
          -3.7978 4.1198 0.7000,
          -3.5817 3.9857 7.5000,
          -3.5000 3.9378 0.7000,
          -3.2814 3.8168 7.5000,
          -3.1935 3.7709 0.7000,
          -2.9732 3.6628 7.5000,
          -2.8790 3.6195 0.7000,
          -2.6578 3.5242 7.5000,
          -2.5574 3.4839 0.7000,
          -2.3360 3.4013 7.5000,
          -2.2294 3.3645 0.7000,
          -2.0085 3.2943 7.5000,
          -1.8959 3.2616 0.7000,
          -1.6761 3.2036 7.5000,
          -1.5576 3.1755 0.7000,
          -1.3397 3.1294 7.5000,
          -1.2155 3.1063 0.7000,
          -1.0000 3.0718 4.9000,
          -0.8704 3.0543 0.7000,
          -1.0000 3.0718 7.5000,
          -0.6679 3.0319 4.9000,
          -0.5231 3.0196 0.7000,
          -0.3344 3.0080 4.9000,
          -0.1745 3.0022 0.7000,
          -0.0000 3.0000 4.9000,
          0.1745 3.0022 0.7000,
          0.3344 3.0080 4.9000,
          0.5231 3.0196 0.7000,
          0.6679 3.0319 4.9000,
          0.8704 3.0543 0.7000,
          1.0000 3.0718 4.9000,
          1.2155 3.1063 0.7000,
          1.3397 3.1294 7.5000,
          1.5576 3.1755 0.7000,
          1.0000 3.0718 7.5000,
          1.6761 3.2036 7.5000,
          1.8959 3.2616 0.7000,
          2.0085 3.2943 7.5000,
          2.2294 3.3645 0.7000,
          2.3360 3.4013 7.5000,
          2.5574 3.4839 0.7000,
          2.6578 3.5242 7.5000,
          2.8790 3.6195 0.7000,
          2.9732 3.6628 7.5000,
          3.1935 3.7709 0.7000,
          3.2814 3.8168 7.5000,
          3.5000 3.9378 0.7000,
          3.5817 3.9857 7.5000,
          3.7978 4.1198 0.7000,
          3.8733 4.1692 7.5000,
          4.0862 4.3164 0.7000,
          4.1555 4.3669 7.5000,
          4.3644 4.5272 0.7000,
          4.4276 4.5782 7.5000,
          4.6318 4.7515 0.7000,
          4.6890 4.8026 7.5000,
          4.8877 4.9889 0.7000,
          4.9390 5.0396 7.5000,
          5.1314 5.2388 0.7000,
          5.1771 5.2886 7.5000,
          5.3623 5.5005 0.7000,
          5.4027 5.5490 7.5000,
          5.5799 5.7734 0.7000,
          5.6151 5.8202 7.5000,
          5.7837 6.0568 0.7000,
          5.8140 6.1016 7.5000,
          5.9730 6.3500 0.7000,
          5.9988 6.3924 7.5000,
          6.1476 6.6522 0.7000,
          6.1690 6.6919 7.5000,
          6.3068 6.9628 0.7000,
          6.3243 6.9994 7.5000,
          6.4503 7.2810 0.7000,
          6.4643 7.3142 7.5000,
          6.5778 7.6059 0.7000,
          6.5886 7.6355 7.5000,
          6.6890 7.9367 0.7000,
          6.6969 7.9626 7.5000,
          6.7835 8.2727 0.7000,
          6.7891 8.2946 7.5000,
          6.8612 8.6130 0.7000,
          6.8648 8.6307 7.5000,
          6.9218 8.9567 0.7000,
          6.9238 8.9701 7.5000,
          6.9652 9.3030 0.7000,
          6.9661 9.3120 7.5000,
          6.9913 9.6511 0.7000,
          6.9915 9.6556 7.5000,
          7.0000 10.0000 0.7000,
          7.0000 10.0000 7.5000,
        ] }
        coordIndex [
          0 1 2 -1,
          2 1 3 -1,
          1 4 3 -1,
          3 4 5 -1,
          4 6 5 -1,
          5 6 7 -1,
          6 8 7 -1,
          7 8 9 -1,
          8 10 9 -1,
          9 10 11 -1,
          10 12 11 -1,
          11 12 13 -1,
          12 14 13 -1,
          13 14 15 -1,
          14 16 15 -1,
          15 16 17 -1,
          16 18 17 -1,
          17 18 19 -1,
          18 20 19 -1,
          19 20 21 -1,
          21 22 23 -1,
          20 22 21 -1,
          23 24 25 -1,
          22 24 23 -1,
          25 26 27 -1,
          24 26 25 -1,
          27 28 29 -1,
          26 28 27 -1,
          29 30 31 -1,
          28 30 29 -1,
          31 32 33 -1,
          30 32 31 -1,
          32 34 33 -1,
          33 34 35 -1,
          34 36 35 -1,
          35 36 37 -1,
          36 38 37 -1,
          37 38 39 -1,
          38 40 39 -1,
          39 40 41 -1,
          40 42 41 -1,
          41 42 43 -1,
          42 44 43 -1,
          43 44 45 -1,
          44 46 45 -1,
          45 46 47 -1,
          46 48 47 -1,
          47 48 49 -1,
          48 50 49 -1,
          49 50 51 -1,
          50 52 51 -1,
          51 52 53 -1,
          52 54 53 -1,
          53 54 55 -1,
          54 56 55 -1,
          55 56 57 -1,
          56 58 57 -1,
          57 58 59 -1,
          56 60 58 -1,
          58 61 59 -1,
          59 61 62 -1,
          61 63 62 -1,
          62 63 64 -1,
          63 65 64 -1,
          64 65 66 -1,
          66 67 68 -1,
          65 67 66 -1,
          68 69 70 -1,
          67 69 68 -1,
          70 71 72 -1,
          69 71 70 -1,
          72 73 74 -1,
          75 73 71 -1,
          71 73 72 -1,
          74 76 77 -1,
          73 76 74 -1,
          77 78 79 -1,
          76 78 77 -1,
          79 80 81 -1,
          78 80 79 -1,
          81 82 83 -1,
          80 82 81 -1,
          83 84 85 -1,
          82 84 83 -1,
          84 86 85 -1,
          85 86 87 -1,
          87 88 89 -1,
          86 88 87 -1,
          88 90 89 -1,
          89 90 91 -1,
          91 92 93 -1,
          90 92 91 -1,
          93 94 95 -1,
          92 94 93 -1,
          95 96 97 -1,
          94 96 95 -1,
          97 98 99 -1,
          96 98 97 -1,
          99 100 101 -1,
          98 100 99 -1,
          101 102 103 -1,
          100 102 101 -1,
          103 104 105 -1,
          102 104 103 -1,
          105 106 107 -1,
          104 106 105 -1,
          107 108 109 -1,
          106 108 107 -1,
          109 110 111 -1,
          108 110 109 -1,
          111 112 113 -1,
          110 112 111 -1,
          113 114 115 -1,
          112 114 113 -1,
          115 116 117 -1,
          114 116 115 -1,
          117 118 119 -1,
          116 118 117 -1,
          119 120 121 -1,
          118 120 119 -1,
          121 122 123 -1,
          120 122 121 -1,
          123 124 125 -1,
          122 124 123 -1,
          125 126 127 -1,
          124 126 125 -1,
          127 128 129 -1,
          126 128 127 -1,
          128 130 129 -1,
        ]
      }
    }
    Shape {
      appearance Appearance {
        material Material {
          diffuseColor 0.200 0.200 0.200
          specularColor 0.050 0.050 0.050
          shininess 0.15
        }
      }
      geometry IndexedFaceSet {
        creaseAngle 0.785398
        solid TRUE
        coord Coordinate { point [
          7.8099 5.9851 7.3000,
          7.8109 5.9452 7.3000,
          7.8099 5.9851 1.5000,
          7.8109 5.9452 1.5000,
          7.8139 5.9055 1.5000,
          7.8139 5.9055 7.3000,
          7.8189 5.8659 7.3000,
          7.8189 5.8659 1.5000,
          7.8258 5.8266 1.5000,
          7.8258 5.8266 7.3000,
          7.8347 5.7877 7.3000,
          7.8347 5.7877 1.5000,
          7.8455 5.7493 7.3000,
          7.8455 5.7493 1.5000,
          7.8582 5.7115 7.3000,
          7.8582 5.7115 1.5000,
          7.8727 5.6744 1.5000,
          7.8727 5.6744 7.3000,
          7.8891 5.6380 7.3000,
          7.8891 5.6380 1.5000,
          7.9073 5.6025 7.3000,
          7.9073 5.6025 1.5000,
          7.9273 5.5680 7.3000,
          7.9273 5.5680 1.5000,
          7.9489 5.5345 1.5000,
          7.9489 5.5345 7.3000,
          7.9722 5.5021 7.3000,
          7.9722 5.5021 1.5000,
          7.9971 5.4709 7.3000,
          7.9971 5.4709 1.5000,
          8.0235 5.4410 1.5000,
          8.0235 5.4410 7.3000,
          8.0513 5.4124 1.5000,
          8.0513 5.4124 7.3000,
          8.0806 5.3853 7.3000,
          8.0806 5.3853 1.5000,
          8.1111 5.3597 7.3000,
          8.1111 5.3597 1.5000,
          8.1429 5.3356 1.5000,
          8.1429 5.3356 7.3000,
          8.1759 5.3131 7.3000,
          8.1759 5.3131 1.5000,
          8.2099 5.2923 7.3000,
          8.2099 5.2923 1.5000,
          8.2450 5.2732 1.5000,
          8.2450 5.2732 7.3000,
          8.2809 5.2559 1.5000,
          8.2809 5.2559 7.3000,
          8.3177 5.2404 7.3000,
          8.3177 5.2404 1.5000,
          8.3551 5.2268 7.3000,
          8.3551 5.2268 1.5000,
          8.3933 5.2150 1.5000,
          8.3933 5.2150 7.3000,
          8.4319 5.2052 7.3000,
          8.4319 5.2052 1.5000,
          8.4710 5.1973 7.3000,
          8.4710 5.1973 1.5000,
          8.5104 5.1913 1.5000,
          8.5104 5.1913 7.3000,
          8.5501 5.1874 7.3000,
          8.5501 5.1874 1.5000,
          8.5900 5.1854 1.5000,
          8.5900 5.1854 7.3000,
          8.6299 5.1854 1.5000,
          8.6299 5.1854 7.3000,
          8.6697 5.1874 7.3000,
          8.6697 5.1874 1.5000,
          8.7094 5.1913 7.3000,
          8.7094 5.1913 1.5000,
          8.7488 5.1973 7.3000,
          8.7488 5.1973 1.5000,
          8.7879 5.2052 7.3000,
          8.7879 5.2052 1.5000,
          8.8266 5.2150 1.5000,
          8.8266 5.2150 7.3000,
          8.8647 5.2268 1.5000,
          8.8647 5.2268 7.3000,
          8.9022 5.2404 7.3000,
          8.9022 5.2404 1.5000,
          8.9390 5.2559 1.5000,
          8.9390 5.2559 7.3000,
          8.9749 5.2732 7.3000,
          8.9749 5.2732 1.5000,
          9.0099 5.2923 7.3000,
          9.0099 5.2923 1.5000,
          9.0440 5.3131 1.5000,
          9.0440 5.3131 7.3000,
          9.0769 5.3356 1.5000,
          9.0769 5.3356 7.3000,
          9.1087 5.3597 1.5000,
          9.1087 5.3597 7.3000,
          9.1393 5.3853 7.3000,
          9.1393 5.3853 1.5000,
          9.1685 5.4124 7.3000,
          9.1685 5.4124 1.5000,
          9.1964 5.4410 7.3000,
          9.1964 5.4410 1.5000,
          9.2228 5.4709 7.3000,
          9.2228 5.4709 1.5000,
          9.2476 5.5021 7.3000,
          9.2476 5.5021 1.5000,
          9.2709 5.5345 1.5000,
          9.2709 5.5345 7.3000,
          9.2926 5.5680 7.3000,
          9.2926 5.5680 1.5000,
          9.3125 5.6025 7.3000,
          9.3125 5.6025 1.5000,
          9.3307 5.6380 7.3000,
          9.3307 5.6380 1.5000,
          9.3471 5.6744 7.3000,
          9.3471 5.6744 1.5000,
          9.3617 5.7115 7.3000,
          9.3617 5.7115 1.5000,
          9.3744 5.7493 1.5000,
          9.3744 5.7493 7.3000,
          9.3852 5.7877 7.3000,
          9.3852 5.7877 1.5000,
          9.3941 5.8266 7.3000,
          9.3941 5.8266 1.5000,
          9.4010 5.8659 7.3000,
          9.4010 5.8659 1.5000,
          9.4059 5.9055 1.5000,
          9.4059 5.9055 7.3000,
          9.4089 5.9452 1.5000,
          9.4089 5.9452 7.3000,
          9.4099 5.9851 1.5000,
          9.4099 5.9851 7.3000,
        ] }
        coordIndex [
          0 1 2 -1,
          2 1 3 -1,
          3 1 4 -1,
          1 5 4 -1,
          5 6 4 -1,
          4 6 7 -1,
          7 6 8 -1,
          6 9 8 -1,
          9 10 8 -1,
          8 10 11 -1,
          10 12 11 -1,
          11 12 13 -1,
          12 14 13 -1,
          13 14 15 -1,
          15 14 16 -1,
          14 17 16 -1,
          17 18 16 -1,
          16 18 19 -1,
          18 20 19 -1,
          19 20 21 -1,
          20 22 21 -1,
          21 22 23 -1,
          23 22 24 -1,
          22 25 24 -1,
          24 26 27 -1,
          25 26 24 -1,
          27 28 29 -1,
          29 28 30 -1,
          26 28 27 -1,
          30 31 32 -1,
          28 31 30 -1,
          31 33 32 -1,
          33 34 32 -1,
          32 34 35 -1,
          34 36 35 -1,
          35 36 37 -1,
          37 36 38 -1,
          36 39 38 -1,
          39 40 38 -1,
          38 40 41 -1,
          40 42 41 -1,
          41 42 43 -1,
          43 42 44 -1,
          42 45 44 -1,
          44 45 46 -1,
          45 47 46 -1,
          47 48 46 -1,
          46 48 49 -1,
          48 50 49 -1,
          49 50 51 -1,
          51 50 52 -1,
          50 53 52 -1,
          53 54 52 -1,
          52 54 55 -1,
          54 56 55 -1,
          55 56 57 -1,
          57 56 58 -1,
          56 59 58 -1,
          59 60 58 -1,
          58 60 61 -1,
          61 60 62 -1,
          60 63 62 -1,
          62 63 64 -1,
          63 65 64 -1,
          65 66 64 -1,
          64 66 67 -1,
          66 68 67 -1,
          67 68 69 -1,
          68 70 69 -1,
          69 70 71 -1,
          71 72 73 -1,
          73 72 74 -1,
          70 72 71 -1,
          74 75 76 -1,
          72 75 74 -1,
          75 77 76 -1,
          76 78 79 -1,
          79 78 80 -1,
          77 78 76 -1,
          78 81 80 -1,
          80 82 83 -1,
          81 82 80 -1,
          83 84 85 -1,
          85 84 86 -1,
          82 84 83 -1,
          84 87 86 -1,
          86 87 88 -1,
          88 89 90 -1,
          87 89 88 -1,
          89 91 90 -1,
          90 92 93 -1,
          91 92 90 -1,
          93 94 95 -1,
          92 94 93 -1,
          95 96 97 -1,
          94 96 95 -1,
          97 98 99 -1,
          96 98 97 -1,
          99 100 101 -1,
          101 100 102 -1,
          98 100 99 -1,
          100 103 102 -1,
          102 104 105 -1,
          103 104 102 -1,
          105 106 107 -1,
          104 106 105 -1,
          107 108 109 -1,
          106 108 107 -1,
          109 110 111 -1,
          108 110 109 -1,
          111 112 113 -1,
          113 112 114 -1,
          110 112 111 -1,
          112 115 114 -1,
          114 116 117 -1,
          115 116 114 -1,
          117 118 119 -1,
          116 118 117 -1,
          119 120 121 -1,
          121 120 122 -1,
          118 120 119 -1,
          122 123 124 -1,
          120 123 122 -1,
          124 125 126 -1,
          123 125 124 -1,
          125 127 126 -1,
        ]
      }
    }
    Shape {
      appearance Appearance {
        material Material {
          diffuseColor 0.200 0.200 0.200
          specularColor 0.050 0.050 0.050
          shininess 0.15
        }
      }
      geometry IndexedFaceSet {
        creaseAngle 0.785398
        solid TRUE
        coord Coordinate { point [
          -9.4099 5.9851 7.3000,
          -9.4089 5.9452 7.3000,
          -9.4099 5.9851 1.5000,
          -9.4089 5.9452 1.5000,
          -9.4059 5.9055 7.3000,
          -9.4059 5.9055 1.5000,
          -9.4010 5.8659 1.5000,
          -9.4010 5.8659 7.3000,
          -9.3941 5.8266 1.5000,
          -9.3941 5.8266 7.3000,
          -9.3852 5.7877 7.3000,
          -9.3852 5.7877 1.5000,
          -9.3744 5.7493 7.3000,
          -9.3744 5.7493 1.5000,
          -9.3617 5.7115 7.3000,
          -9.3617 5.7115 1.5000,
          -9.3471 5.6744 7.3000,
          -9.3471 5.6744 1.5000,
          -9.3307 5.6380 7.3000,
          -9.3307 5.6380 1.5000,
          -9.3125 5.6025 7.3000,
          -9.3125 5.6025 1.5000,
          -9.2926 5.5680 7.3000,
          -9.2926 5.5680 1.5000,
          -9.2709 5.5345 1.5000,
          -9.2709 5.5345 7.3000,
          -9.2476 5.5021 7.3000,
          -9.2476 5.5021 1.5000,
          -9.2228 5.4709 7.3000,
          -9.2228 5.4709 1.5000,
          -9.1964 5.4410 7.3000,
          -9.1964 5.4410 1.5000,
          -9.1685 5.4124 7.3000,
          -9.1685 5.4124 1.5000,
          -9.1393 5.3853 7.3000,
          -9.1393 5.3853 1.5000,
          -9.1087 5.3597 1.5000,
          -9.1087 5.3597 7.3000,
          -9.0769 5.3356 7.3000,
          -9.0769 5.3356 1.5000,
          -9.0440 5.3131 7.3000,
          -9.0440 5.3131 1.5000,
          -9.0099 5.2923 7.3000,
          -9.0099 5.2923 1.5000,
          -8.9749 5.2732 1.5000,
          -8.9749 5.2732 7.3000,
          -8.9390 5.2559 1.5000,
          -8.9390 5.2559 7.3000,
          -8.9022 5.2404 7.3000,
          -8.9022 5.2404 1.5000,
          -8.8647 5.2268 7.3000,
          -8.8647 5.2268 1.5000,
          -8.8266 5.2150 7.3000,
          -8.8266 5.2150 1.5000,
          -8.7879 5.2052 7.3000,
          -8.7879 5.2052 1.5000,
          -8.7488 5.1973 7.3000,
          -8.7488 5.1973 1.5000,
          -8.7094 5.1913 7.3000,
          -8.7094 5.1913 1.5000,
          -8.6697 5.1874 7.3000,
          -8.6697 5.1874 1.5000,
          -8.6299 5.1854 7.3000,
          -8.6299 5.1854 1.5000,
          -8.5900 5.1854 1.5000,
          -8.5900 5.1854 7.3000,
          -8.5501 5.1874 7.3000,
          -8.5501 5.1874 1.5000,
          -8.5104 5.1913 7.3000,
          -8.5104 5.1913 1.5000,
          -8.4710 5.1973 1.5000,
          -8.4710 5.1973 7.3000,
          -8.4319 5.2052 7.3000,
          -8.4319 5.2052 1.5000,
          -8.3933 5.2150 7.3000,
          -8.3933 5.2150 1.5000,
          -8.3551 5.2268 7.3000,
          -8.3551 5.2268 1.5000,
          -8.3177 5.2404 1.5000,
          -8.3177 5.2404 7.3000,
          -8.2809 5.2559 7.3000,
          -8.2809 5.2559 1.5000,
          -8.2450 5.2732 7.3000,
          -8.2450 5.2732 1.5000,
          -8.2099 5.2923 7.3000,
          -8.2099 5.2923 1.5000,
          -8.1759 5.3131 1.5000,
          -8.1759 5.3131 7.3000,
          -8.1429 5.3356 1.5000,
          -8.1429 5.3356 7.3000,
          -8.1111 5.3597 1.5000,
          -8.1111 5.3597 7.3000,
          -8.0806 5.3853 7.3000,
          -8.0806 5.3853 1.5000,
          -8.0513 5.4124 7.3000,
          -8.0513 5.4124 1.5000,
          -8.0235 5.4410 7.3000,
          -8.0235 5.4410 1.5000,
          -7.9971 5.4709 7.3000,
          -7.9971 5.4709 1.5000,
          -7.9722 5.5021 7.3000,
          -7.9722 5.5021 1.5000,
          -7.9489 5.5345 7.3000,
          -7.9489 5.5345 1.5000,
          -7.9273 5.5680 7.3000,
          -7.9273 5.5680 1.5000,
          -7.9073 5.6025 7.3000,
          -7.9073 5.6025 1.5000,
          -7.8891 5.6380 1.5000,
          -7.8891 5.6380 7.3000,
          -7.8727 5.6744 1.5000,
          -7.8727 5.6744 7.3000,
          -7.8582 5.7115 7.3000,
          -7.8582 5.7115 1.5000,
          -7.8455 5.7493 7.3000,
          -7.8455 5.7493 1.5000,
          -7.8347 5.7877 7.3000,
          -7.8347 5.7877 1.5000,
          -7.8258 5.8266 7.3000,
          -7.8258 5.8266 1.5000,
          -7.8189 5.8659 7.3000,
          -7.8189 5.8659 1.5000,
          -7.8139 5.9055 7.3000,
          -7.8139 5.9055 1.5000,
          -7.8109 5.9452 7.3000,
          -7.8109 5.9452 1.5000,
          -7.8099 5.9851 7.3000,
          -7.8099 5.9851 1.5000,
        ] }
        coordIndex [
          0 1 2 -1,
          2 1 3 -1,
          1 4 3 -1,
          3 4 5 -1,
          5 4 6 -1,
          4 7 6 -1,
          6 7 8 -1,
          7 9 8 -1,
          9 10 8 -1,
          8 10 11 -1,
          10 12 11 -1,
          11 12 13 -1,
          12 14 13 -1,
          13 14 15 -1,
          14 16 15 -1,
          15 16 17 -1,
          16 18 17 -1,
          17 18 19 -1,
          18 20 19 -1,
          19 20 21 -1,
          20 22 21 -1,
          21 22 23 -1,
          23 22 24 -1,
          22 25 24 -1,
          24 26 27 -1,
          25 26 24 -1,
          27 28 29 -1,
          26 28 27 -1,
          29 30 31 -1,
          28 30 29 -1,
          31 32 33 -1,
          30 32 31 -1,
          33 34 35 -1,
          35 34 36 -1,
          32 34 33 -1,
          34 37 36 -1,
          37 38 36 -1,
          36 38 39 -1,
          38 40 39 -1,
          39 40 41 -1,
          40 42 41 -1,
          41 42 43 -1,
          43 42 44 -1,
          42 45 44 -1,
          44 45 46 -1,
          45 47 46 -1,
          47 48 46 -1,
          46 48 49 -1,
          48 50 49 -1,
          49 50 51 -1,
          50 52 51 -1,
          51 52 53 -1,
          52 54 53 -1,
          53 54 55 -1,
          54 56 55 -1,
          55 56 57 -1,
          56 58 57 -1,
          57 58 59 -1,
          58 60 59 -1,
          59 60 61 -1,
          60 62 61 -1,
          61 62 63 -1,
          63 62 64 -1,
          62 65 64 -1,
          65 66 64 -1,
          64 66 67 -1,
          66 68 67 -1,
          67 68 69 -1,
          69 68 70 -1,
          68 71 70 -1,
          70 72 73 -1,
          71 72 70 -1,
          73 74 75 -1,
          72 74 73 -1,
          75 76 77 -1,
          77 76 78 -1,
          74 76 75 -1,
          76 79 78 -1,
          78 80 81 -1,
          79 80 78 -1,
          81 82 83 -1,
          80 82 81 -1,
          83 84 85 -1,
          85 84 86 -1,
          82 84 83 -1,
          84 87 86 -1,
          86 87 88 -1,
          88 89 90 -1,
          87 89 88 -1,
          89 91 90 -1,
          90 92 93 -1,
          91 92 90 -1,
          93 94 95 -1,
          92 94 93 -1,
          95 96 97 -1,
          94 96 95 -1,
          97 98 99 -1,
          96 98 97 -1,
          99 100 101 -1,
          98 100 99 -1,
          101 102 103 -1,
          100 102 101 -1,
          103 104 105 -1,
          102 104 103 -1,
          105 106 107 -1,
          107 106 108 -1,
          104 106 105 -1,
          108 109 110 -1,
          106 109 108 -1,
          109 111 110 -1,
          110 112 113 -1,
          111 112 110 -1,
          113 114 115 -1,
          112 114 113 -1,
          115 116 117 -1,
          114 116 115 -1,
          117 118 119 -1,
          116 118 117 -1,
          119 120 121 -1,
          118 120 119 -1,
          121 122 123 -1,
          120 122 121 -1,
          123 124 125 -1,
          122 124 123 -1,
          124 126 125 -1,
          125 126 127 -1,
        ]
      }
    }
    Shape {
      appearance Appearance {
        material Material {
          diffuseColor 0.200 0.200 0.200
          specularColor 0.050 0.050 0.050
          shininess 0.15
        }
      }
      geometry IndexedFaceSet {
        creaseAngle 0.785398
        solid TRUE
        coord Coordinate { point [
          -0.8000 19.5000 7.3000,
          -0.7990 19.4601 7.3000,
          -0.8000 19.5000 5.7000,
          -0.7990 19.4601 5.7000,
          -0.7960 19.4203 7.3000,
          -0.7960 19.4203 5.7000,
          -0.7911 19.3808 7.3000,
          -0.7911 19.3808 5.7000,
          -0.7841 19.3415 7.3000,
          -0.7841 19.3415 5.7000,
          -0.7753 19.3026 5.7000,
          -0.7753 19.3026 7.3000,
          -0.7645 19.2642 5.7000,
          -0.7645 19.2642 7.3000,
          -0.7518 19.2264 5.7000,
          -0.7518 19.2264 7.3000,
          -0.7372 19.1893 5.7000,
          -0.7372 19.1893 7.3000,
          -0.7208 19.1529 7.3000,
          -0.7208 19.1529 5.7000,
          -0.7026 19.1174 7.3000,
          -0.7026 19.1174 5.7000,
          -0.6826 19.0829 7.3000,
          -0.6826 19.0829 5.7000,
          -0.6610 19.0493 7.3000,
          -0.6610 19.0493 5.7000,
          -0.6377 19.0170 7.3000,
          -0.6377 19.0170 5.7000,
          -0.6128 18.9858 7.3000,
          -0.6128 18.9858 5.7000,
          -0.5864 18.9559 7.3000,
          -0.5864 18.9559 5.7000,
          -0.5586 18.9273 7.3000,
          -0.5586 18.9273 5.7000,
          -0.5293 18.9002 7.3000,
          -0.5293 18.9002 5.7000,
          -0.4988 18.8745 7.3000,
          -0.4988 18.8745 5.7000,
          -0.4670 18.8504 5.7000,
          -0.4670 18.8504 7.3000,
          -0.4340 18.8280 7.3000,
          -0.4340 18.8280 5.7000,
          -0.4000 18.8072 7.3000,
          -0.4000 18.8072 5.7000,
          -0.3650 18.7881 7.3000,
          -0.3650 18.7881 5.7000,
          -0.3290 18.7708 7.3000,
          -0.3290 18.7708 5.7000,
          -0.2923 18.7553 7.3000,
          -0.2923 18.7553 5.7000,
          -0.2548 18.7417 7.3000,
          -0.2548 18.7417 5.7000,
          -0.2167 18.7299 7.3000,
          -0.2167 18.7299 5.7000,
          -0.1780 18.7201 7.3000,
          -0.1780 18.7201 5.7000,
          -0.1389 18.7122 7.3000,
          -0.1389 18.7122 5.7000,
          -0.0995 18.7062 7.3000,
          -0.0995 18.7062 5.7000,
          -0.0598 18.7022 7.3000,
          -0.0598 18.7022 5.7000,
          -0.0199 18.7002 7.3000,
          -0.0199 18.7002 5.7000,
          0.0199 18.7002 7.3000,
          0.0199 18.7002 5.7000,
          0.0598 18.7022 7.3000,
          0.0598 18.7022 5.7000,
          0.0995 18.7062 7.3000,
          0.0995 18.7062 5.7000,
          0.1389 18.7122 5.7000,
          0.1389 18.7122 7.3000,
          0.1780 18.7201 5.7000,
          0.1780 18.7201 7.3000,
          0.2167 18.7299 5.7000,
          0.2167 18.7299 7.3000,
          0.2548 18.7417 7.3000,
          0.2548 18.7417 5.7000,
          0.2923 18.7553 7.3000,
          0.2923 18.7553 5.7000,
          0.3290 18.7708 7.3000,
          0.3290 18.7708 5.7000,
          0.3650 18.7881 5.7000,
          0.3650 18.7881 7.3000,
          0.4000 18.8072 7.3000,
          0.4000 18.8072 5.7000,
          0.4340 18.8280 5.7000,
          0.4340 18.8280 7.3000,
          0.4670 18.8504 7.3000,
          0.4670 18.8504 5.7000,
          0.4988 18.8745 7.3000,
          0.4988 18.8745 5.7000,
          0.5293 18.9002 7.3000,
          0.5293 18.9002 5.7000,
          0.5586 18.9273 7.3000,
          0.5586 18.9273 5.7000,
          0.5864 18.9559 7.3000,
          0.5864 18.9559 5.7000,
          0.6128 18.9858 5.7000,
          0.6128 18.9858 7.3000,
          0.6377 19.0170 5.7000,
          0.6377 19.0170 7.3000,
          0.6610 19.0493 7.3000,
          0.6610 19.0493 5.7000,
          0.6826 19.0829 7.3000,
          0.6826 19.0829 5.7000,
          0.7026 19.1174 7.3000,
          0.7026 19.1174 5.7000,
          0.7208 19.1529 7.3000,
          0.7208 19.1529 5.7000,
          0.7372 19.1893 5.7000,
          0.7372 19.1893 7.3000,
          0.7518 19.2264 7.3000,
          0.7518 19.2264 5.7000,
          0.7645 19.2642 5.7000,
          0.7645 19.2642 7.3000,
          0.7753 19.3026 7.3000,
          0.7753 19.3026 5.7000,
          0.7841 19.3415 7.3000,
          0.7841 19.3415 5.7000,
          0.7911 19.3808 7.3000,
          0.7911 19.3808 5.7000,
          0.7960 19.4203 7.3000,
          0.7960 19.4203 5.7000,
          0.7990 19.4601 7.3000,
          0.7990 19.4601 5.7000,
          0.8000 19.5000 7.3000,
          0.8000 19.5000 5.7000,
        ] }
        coordIndex [
          0 1 2 -1,
          2 1 3 -1,
          1 4 3 -1,
          3 4 5 -1,
          4 6 5 -1,
          5 6 7 -1,
          6 8 7 -1,
          7 8 9 -1,
          9 8 10 -1,
          8 11 10 -1,
          10 11 12 -1,
          11 13 12 -1,
          12 13 14 -1,
          13 15 14 -1,
          14 15 16 -1,
          15 17 16 -1,
          17 18 16 -1,
          16 18 19 -1,
          18 20 19 -1,
          19 20 21 -1,
          20 22 21 -1,
          21 22 23 -1,
          23 24 25 -1,
          22 24 23 -1,
          25 26 27 -1,
          24 26 25 -1,
          27 28 29 -1,
          26 28 27 -1,
          29 30 31 -1,
          28 30 29 -1,
          31 32 33 -1,
          30 32 31 -1,
          33 34 35 -1,
          32 34 33 -1,
          34 36 35 -1,
          35 36 37 -1,
          37 36 38 -1,
          36 39 38 -1,
          39 40 38 -1,
          38 40 41 -1,
          40 42 41 -1,
          41 42 43 -1,
          42 44 43 -1,
          43 44 45 -1,
          44 46 45 -1,
          45 46 47 -1,
          46 48 47 -1,
          47 48 49 -1,
          48 50 49 -1,
          49 50 51 -1,
          50 52 51 -1,
          51 52 53 -1,
          52 54 53 -1,
          53 54 55 -1,
          54 56 55 -1,
          55 56 57 -1,
          56 58 57 -1,
          57 58 59 -1,
          58 60 59 -1,
          59 60 61 -1,
          60 62 61 -1,
          61 62 63 -1,
          62 64 63 -1,
          63 64 65 -1,
          64 66 65 -1,
          65 66 67 -1,
          66 68 67 -1,
          67 68 69 -1,
          69 68 70 -1,
          70 71 72 -1,
          68 71 70 -1,
          72 73 74 -1,
          71 73 72 -1,
          73 75 74 -1,
          74 76 77 -1,
          75 76 74 -1,
          77 78 79 -1,
          76 78 77 -1,
          79 80 81 -1,
          81 80 82 -1,
          78 80 79 -1,
          80 83 82 -1,
          82 84 85 -1,
          85 84 86 -1,
          83 84 82 -1,
          84 87 86 -1,
          87 88 86 -1,
          86 88 89 -1,
          88 90 89 -1,
          89 90 91 -1,
          91 92 93 -1,
          90 92 91 -1,
          93 94 95 -1,
          92 94 93 -1,
          95 96 97 -1,
          97 96 98 -1,
          94 96 95 -1,
          98 99 100 -1,
          96 99 98 -1,
          99 101 100 -1,
          100 102 103 -1,
          101 102 100 -1,
          103 104 105 -1,
          102 104 103 -1,
          105 106 107 -1,
          104 106 105 -1,
          107 108 109 -1,
          109 108 110 -1,
          106 108 107 -1,
          108 111 110 -1,
          110 112 113 -1,
          113 112 114 -1,
          111 112 110 -1,
          112 115 114 -1,
          114 116 117 -1,
          115 116 114 -1,
          117 118 119 -1,
          116 118 117 -1,
          119 120 121 -1,
          118 120 119 -1,
          121 122 123 -1,
          120 122 121 -1,
          123 124 125 -1,
          122 124 123 -1,
          125 126 127 -1,
          124 126 125 -1,
        ]
      }
    }
    Shape {
      appearance Appearance {
        material Material {
          diffuseColor 0.200 0.200 0.200
          specularColor 0.050 0.050 0.050
          shininess 0.15
        }
      }
      geometry IndexedFaceSet {
        creaseAngle 0.785398
        solid TRUE
        coord Coordinate { point [
          -7.5000 0.1750 0.9250,
          -7.5964 0.1167 0.9786,
          -7.5454 0.1750 0.9239,
          -7.5907 0.1750 0.9205,
          -7.6357 0.1750 0.9150,
          -7.6021 0.0583 1.0367,
          -7.6639 -0.0000 1.0877,
          -7.6095 -0.0000 1.0945,
          -7.5548 -0.0000 1.0986,
          -7.5000 -0.0000 1.1000,
          -7.6918 0.1167 0.9644,
          -7.6805 0.1750 0.9072,
          -7.7248 0.1750 0.8973,
          -7.7032 0.0583 1.0217,
          -7.7714 -0.0000 1.0660,
          -7.7180 -0.0000 1.0782,
          -7.7854 0.1167 0.9410,
          -7.7685 0.1750 0.8852,
          -7.8116 0.1750 0.8709,
          -7.8024 0.0583 0.9968,
          -7.8762 -0.0000 1.0337,
          -7.8242 -0.0000 1.0511,
          -7.8763 0.1167 0.9085,
          -7.8540 0.1750 0.8546,
          -7.8955 0.1750 0.8362,
          -7.8986 0.0583 0.9624,
          -7.9773 -0.0000 0.9911,
          -7.9273 -0.0000 1.0136,
          -7.9635 0.1167 0.8672,
          -7.9360 0.1750 0.8158,
          -7.9755 0.1750 0.7934,
          -7.9910 0.0583 0.9187,
          -8.0736 -0.0000 0.9386,
          -8.0261 -0.0000 0.9660,
          -8.0463 0.1167 0.8176,
          -8.0139 0.1750 0.7691,
          -8.0510 0.1750 0.7430,
          -8.0787 0.0583 0.8661,
          -8.1642 -0.0000 0.8768,
          -8.1197 -0.0000 0.9089,
          -8.1238 0.1167 0.7601,
          -8.0868 0.1750 0.7150,
          -8.1212 0.1750 0.6854,
          -8.1608 0.0583 0.8052,
          -8.2482 -0.0000 0.8064,
          -8.2071 -0.0000 0.8426,
          -8.1953 0.1167 0.6953,
          -8.1541 0.1750 0.6541,
          -8.1854 0.1750 0.6212,
          -8.2366 0.0583 0.7366,
          -8.3248 -0.0000 0.7279,
          -8.2875 -0.0000 0.7681,
          -8.2601 0.1167 0.6238,
          -8.2150 0.1750 0.5868,
          -8.2430 0.1750 0.5510,
          -8.3052 0.0583 0.6608,
          -8.3931 -0.0000 0.6421,
          -8.3600 -0.0000 0.6858,
          -8.3176 0.1167 0.5463,
          -8.2691 0.1750 0.5139,
          -8.2934 0.1750 0.4755,
          -8.3661 0.0583 0.5787,
          -8.4526 -0.0000 0.5500,
          -8.4240 -0.0000 0.5968,
          -8.3672 0.1167 0.4635,
          -8.3158 0.1750 0.4360,
          -8.3362 0.1750 0.3955,
          -8.4187 0.0583 0.4910,
          -8.5027 -0.0000 0.4524,
          -8.4789 -0.0000 0.5018,
          -8.4085 0.1167 0.3763,
          -8.3546 0.1750 0.3540,
          -8.3709 0.1750 0.3116,
          -8.5427 -0.0000 0.3503,
          -8.4624 0.0583 0.3986,
          -8.5240 -0.0000 0.4019,
          -8.4410 0.1167 0.2854,
          -8.3852 0.1750 0.2685,
          -8.3973 0.1750 0.2248,
          -8.4968 0.0583 0.3024,
          -8.5724 -0.0000 0.2448,
          -8.5589 -0.0000 0.2979,
          -8.4644 0.1167 0.1918,
          -8.4072 0.1750 0.1805,
          -8.4150 0.1750 0.1357,
          -8.5217 0.0583 0.2032,
          -8.5915 -0.0000 0.1368,
          -8.5833 -0.0000 0.1910,
          -8.4786 0.1167 0.0964,
          -8.4205 0.1750 0.0907,
          -8.4239 0.1750 0.0454,
          -8.5367 0.0583 0.1021,
          -8.5997 -0.0000 0.0274,
          -8.5969 -0.0000 0.0822,
          -8.4250 0.1750 -0.0000,
          -8.4833 0.1167 0.0000,
          -8.4239 0.1750 -0.0454,
          -8.5417 0.0583 0.0000,
          -8.5997 -0.0000 -0.0274,
          -8.4786 0.1167 -0.0964,
          -8.4205 0.1750 -0.0907,
          -8.4150 0.1750 -0.1357,
          -8.5367 0.0583 -0.1021,
          -8.5915 -0.0000 -0.1368,
          -8.5969 -0.0000 -0.0822,
          -8.4644 0.1167 -0.1918,
          -8.4072 0.1750 -0.1805,
          -8.3973 0.1750 -0.2248,
          -8.5217 0.0583 -0.2032,
          -8.5724 -0.0000 -0.2448,
          -8.5833 -0.0000 -0.1910,
          -8.4410 0.1167 -0.2854,
          -8.3852 0.1750 -0.2685,
          -8.3709 0.1750 -0.3116,
          -8.5427 -0.0000 -0.3503,
          -8.4968 0.0583 -0.3024,
          -8.5589 -0.0000 -0.2979,
          -8.4085 0.1167 -0.3763,
          -8.3546 0.1750 -0.3540,
          -8.3362 0.1750 -0.3955,
          -8.4624 0.0583 -0.3986,
          -8.5027 -0.0000 -0.4524,
          -8.5240 -0.0000 -0.4019,
          -8.3672 0.1167 -0.4635,
          -8.3158 0.1750 -0.4360,
          -8.2934 0.1750 -0.4755,
          -8.4187 0.0583 -0.4910,
          -8.4526 -0.0000 -0.5500,
          -8.4789 -0.0000 -0.5018,
          -8.3176 0.1167 -0.5463,
          -8.2691 0.1750 -0.5139,
          -8.2430 0.1750 -0.5510,
          -8.3661 0.0583 -0.5787,
          -8.3931 -0.0000 -0.6421,
          -8.4240 -0.0000 -0.5968,
          -8.2601 0.1167 -0.6238,
          -8.2150 0.1750 -0.5868,
          -8.1854 0.1750 -0.6212,
          -8.3052 0.0583 -0.6608,
          -8.3248 -0.0000 -0.7279,
          -8.3600 -0.0000 -0.6858,
          -8.1953 0.1167 -0.6953,
          -8.1541 0.1750 -0.6541,
          -8.1212 0.1750 -0.6854,
          -8.2366 0.0583 -0.7366,
          -8.2482 -0.0000 -0.8064,
          -8.2875 -0.0000 -0.7681,
          -8.1238 0.1167 -0.7601,
          -8.0868 0.1750 -0.7150,
          -8.0510 0.1750 -0.7430,
          -8.1642 -0.0000 -0.8768,
          -8.1608 0.0583 -0.8052,
          -8.2071 -0.0000 -0.8426,
          -8.0463 0.1167 -0.8176,
          -8.0139 0.1750 -0.7691,
          -7.9755 0.1750 -0.7934,
          -8.0787 0.0583 -0.8661,
          -8.0736 -0.0000 -0.9386,
          -8.1197 -0.0000 -0.9089,
          -7.9635 0.1167 -0.8672,
          -7.9360 0.1750 -0.8158,
          -7.8955 0.1750 -0.8362,
          -7.9910 0.0583 -0.9187,
          -7.9773 -0.0000 -0.9911,
          -8.0261 -0.0000 -0.9660,
          -7.8763 0.1167 -0.9085,
          -7.8540 0.1750 -0.8546,
          -7.8116 0.1750 -0.8709,
          -7.8986 0.0583 -0.9624,
          -7.8762 -0.0000 -1.0337,
          -7.9273 -0.0000 -1.0136,
          -7.7854 0.1167 -0.9410,
          -7.7685 0.1750 -0.8852,
          -7.7248 0.1750 -0.8973,
          -7.8024 0.0583 -0.9968,
          -7.7714 -0.0000 -1.0660,
          -7.8242 -0.0000 -1.0511,
          -7.6918 0.1167 -0.9644,
          -7.6805 0.1750 -0.9072,
          -7.6357 0.1750 -0.9150,
          -7.7032 0.0583 -1.0217,
          -7.6639 -0.0000 -1.0877,
          -7.7180 -0.0000 -1.0782,
          -7.5964 0.1167 -0.9786,
          -7.5907 0.1750 -0.9205,
          -7.5454 0.1750 -0.9239,
          -7.5000 0.1750 -0.9250,
          -7.5000 -0.0000 -1.1000,
          -7.6021 0.0583 -1.0367,
          -7.5548 -0.0000 -1.0986,
          -7.6095 -0.0000 -1.0945,
        ] }
        coordIndex [
          0 1 2 -1,
          2 1 3 -1,
          3 1 4 -1,
          0 5 1 -1,
          6 5 7 -1,
          7 5 8 -1,
          8 5 9 -1,
          9 5 0 -1,
          4 10 11 -1,
          11 10 12 -1,
          1 10 4 -1,
          6 13 5 -1,
          1 13 10 -1,
          5 13 1 -1,
          14 13 15 -1,
          15 13 6 -1,
          12 16 17 -1,
          17 16 18 -1,
          10 16 12 -1,
          13 19 10 -1,
          10 19 16 -1,
          14 19 13 -1,
          20 19 21 -1,
          21 19 14 -1,
          18 22 23 -1,
          23 22 24 -1,
          16 22 18 -1,
          16 25 22 -1,
          20 25 19 -1,
          19 25 16 -1,
          26 25 27 -1,
          27 25 20 -1,
          24 28 29 -1,
          29 28 30 -1,
          22 28 24 -1,
          22 31 28 -1,
          26 31 25 -1,
          25 31 22 -1,
          32 31 33 -1,
          33 31 26 -1,
          30 34 35 -1,
          35 34 36 -1,
          28 34 30 -1,
          31 37 28 -1,
          28 37 34 -1,
          38 37 39 -1,
          39 37 32 -1,
          32 37 31 -1,
          36 40 41 -1,
          41 40 42 -1,
          34 40 36 -1,
          38 43 37 -1,
          37 43 34 -1,
          34 43 40 -1,
          44 43 45 -1,
          45 43 38 -1,
          42 46 47 -1,
          47 46 48 -1,
          40 46 42 -1,
          40 49 46 -1,
          43 49 40 -1,
          50 49 51 -1,
          51 49 44 -1,
          44 49 43 -1,
          48 52 53 -1,
          53 52 54 -1,
          46 52 48 -1,
          50 55 49 -1,
          49 55 46 -1,
          46 55 52 -1,
          56 55 57 -1,
          57 55 50 -1,
          54 58 59 -1,
          59 58 60 -1,
          52 58 54 -1,
          52 61 58 -1,
          56 61 55 -1,
          55 61 52 -1,
          62 61 63 -1,
          63 61 56 -1,
          60 64 65 -1,
          65 64 66 -1,
          58 64 60 -1,
          61 64 58 -1,
          62 67 61 -1,
          68 67 69 -1,
          69 67 62 -1,
          61 67 64 -1,
          66 70 71 -1,
          71 70 72 -1,
          64 70 66 -1,
          73 74 75 -1,
          75 74 68 -1,
          67 74 64 -1,
          68 74 67 -1,
          64 74 70 -1,
          72 76 77 -1,
          77 76 78 -1,
          70 76 72 -1,
          74 76 70 -1,
          74 79 76 -1,
          80 79 81 -1,
          81 79 73 -1,
          73 79 74 -1,
          78 82 83 -1,
          83 82 84 -1,
          76 82 78 -1,
          76 85 82 -1,
          80 85 79 -1,
          79 85 76 -1,
          86 85 87 -1,
          87 85 80 -1,
          84 88 89 -1,
          89 88 90 -1,
          82 88 84 -1,
          85 88 82 -1,
          86 91 85 -1,
          85 91 88 -1,
          92 91 93 -1,
          93 91 86 -1,
          94 95 96 -1,
          88 95 90 -1,
          90 95 94 -1,
          88 97 95 -1,
          91 97 88 -1,
          92 97 91 -1,
          98 97 92 -1,
          96 99 100 -1,
          100 99 101 -1,
          95 99 96 -1,
          95 102 99 -1,
          98 102 97 -1,
          103 102 104 -1,
          104 102 98 -1,
          97 102 95 -1,
          101 105 106 -1,
          106 105 107 -1,
          99 105 101 -1,
          102 108 99 -1,
          103 108 102 -1,
          109 108 110 -1,
          110 108 103 -1,
          99 108 105 -1,
          107 111 112 -1,
          112 111 113 -1,
          105 111 107 -1,
          114 115 116 -1,
          116 115 109 -1,
          108 115 105 -1,
          109 115 108 -1,
          105 115 111 -1,
          113 117 118 -1,
          118 117 119 -1,
          111 117 113 -1,
          115 120 111 -1,
          121 120 122 -1,
          122 120 114 -1,
          114 120 115 -1,
          111 120 117 -1,
          119 123 124 -1,
          124 123 125 -1,
          117 123 119 -1,
          117 126 123 -1,
          127 126 128 -1,
          128 126 121 -1,
          120 126 117 -1,
          121 126 120 -1,
          125 129 130 -1,
          130 129 131 -1,
          123 129 125 -1,
          127 132 126 -1,
          123 132 129 -1,
          126 132 123 -1,
          133 132 134 -1,
          134 132 127 -1,
          131 135 136 -1,
          136 135 137 -1,
          129 135 131 -1,
          132 138 129 -1,
          133 138 132 -1,
          139 138 140 -1,
          140 138 133 -1,
          129 138 135 -1,
          137 141 142 -1,
          142 141 143 -1,
          135 141 137 -1,
          138 141 135 -1,
          138 144 141 -1,
          145 144 146 -1,
          146 144 139 -1,
          139 144 138 -1,
          143 147 148 -1,
          148 147 149 -1,
          141 147 143 -1,
          150 151 152 -1,
          152 151 145 -1,
          144 151 141 -1,
          145 151 144 -1,
          141 151 147 -1,
          149 153 154 -1,
          154 153 155 -1,
          147 153 149 -1,
          151 153 147 -1,
          150 156 151 -1,
          157 156 158 -1,
          158 156 150 -1,
          151 156 153 -1,
          155 159 160 -1,
          160 159 161 -1,
          153 159 155 -1,
          153 162 159 -1,
          156 162 153 -1,
          157 162 156 -1,
          163 162 164 -1,
          164 162 157 -1,
          161 165 166 -1,
          166 165 167 -1,
          159 165 161 -1,
          159 168 165 -1,
          162 168 159 -1,
          163 168 162 -1,
          169 168 170 -1,
          170 168 163 -1,
          167 171 172 -1,
          172 171 173 -1,
          165 171 167 -1,
          168 174 165 -1,
          169 174 168 -1,
          165 174 171 -1,
          175 174 176 -1,
          176 174 169 -1,
          173 177 178 -1,
          178 177 179 -1,
          171 177 173 -1,
          175 180 174 -1,
          171 180 177 -1,
          181 180 182 -1,
          182 180 175 -1,
          174 180 171 -1,
          179 183 184 -1,
          184 183 185 -1,
          185 183 186 -1,
          186 183 187 -1,
          177 183 179 -1,
          180 188 177 -1,
          177 188 183 -1,
          181 188 180 -1,
          183 188 187 -1,
          187 188 189 -1,
          189 188 190 -1,
          190 188 181 -1,
        ]
      }
    }
    Shape {
      appearance Appearance {
        material Material {
          diffuseColor 0.200 0.200 0.200
          specularColor 0.050 0.050 0.050
          shininess 0.15
        }
      }
      geometry IndexedFaceSet {
        creaseAngle 0.785398
        solid TRUE
        coord Coordinate { point [
          7.5000 0.1750 0.9250,
          7.4036 0.1167 0.9786,
          7.4546 0.1750 0.9239,
          7.4093 0.1750 0.9205,
          7.3643 0.1750 0.9150,
          7.3979 0.0583 1.0367,
          7.3361 0.0000 1.0877,
          7.3905 0.0000 1.0945,
          7.4452 0.0000 1.0986,
          7.5000 0.0000 1.1000,
          7.3082 0.1167 0.9644,
          7.3195 0.1750 0.9072,
          7.2752 0.1750 0.8973,
          7.2968 0.0583 1.0217,
          7.2286 0.0000 1.0660,
          7.2820 0.0000 1.0782,
          7.2146 0.1167 0.9410,
          7.2315 0.1750 0.8852,
          7.1884 0.1750 0.8709,
          7.1976 0.0583 0.9968,
          7.1238 0.0000 1.0337,
          7.1758 0.0000 1.0511,
          7.1237 0.1167 0.9085,
          7.1460 0.1750 0.8546,
          7.1045 0.1750 0.8362,
          7.1014 0.0583 0.9624,
          7.0227 0.0000 0.9911,
          7.0727 0.0000 1.0136,
          7.0365 0.1167 0.8672,
          7.0640 0.1750 0.8158,
          7.0245 0.1750 0.7934,
          7.0090 0.0583 0.9187,
          6.9264 0.0000 0.9386,
          6.9739 0.0000 0.9660,
          6.9537 0.1167 0.8176,
          6.9861 0.1750 0.7691,
          6.9490 0.1750 0.7430,
          6.9213 0.0583 0.8661,
          6.8358 0.0000 0.8768,
          6.8803 0.0000 0.9089,
          6.8762 0.1167 0.7601,
          6.9132 0.1750 0.7150,
          6.8788 0.1750 0.6854,
          6.8392 0.0583 0.8052,
          6.7518 0.0000 0.8064,
          6.7929 0.0000 0.8426,
          6.8047 0.1167 0.6953,
          6.8459 0.1750 0.6541,
          6.8146 0.1750 0.6212,
          6.7634 0.0583 0.7366,
          6.6752 0.0000 0.7279,
          6.7125 0.0000 0.7681,
          6.7399 0.1167 0.6238,
          6.7850 0.1750 0.5868,
          6.7570 0.1750 0.5510,
          6.6948 0.0583 0.6608,
          6.6069 0.0000 0.6421,
          6.6400 0.0000 0.6858,
          6.6824 0.1167 0.5463,
          6.7309 0.1750 0.5139,
          6.7066 0.1750 0.4755,
          6.6339 0.0583 0.5787,
          6.5474 0.0000 0.5500,
          6.5760 0.0000 0.5968,
          6.6328 0.1167 0.4635,
          6.6842 0.1750 0.4360,
          6.6638 0.1750 0.3955,
          6.5813 0.0583 0.4910,
          6.4973 0.0000 0.4524,
          6.5211 0.0000 0.5018,
          6.5915 0.1167 0.3763,
          6.6454 0.1750 0.3540,
          6.6291 0.1750 0.3116,
          6.4573 0.0000 0.3503,
          6.5376 0.0583 0.3986,
          6.4760 0.0000 0.4019,
          6.5590 0.1167 0.2854,
          6.6148 0.1750 0.2685,
          6.6027 0.1750 0.2248,
          6.5032 0.0583 0.3024,
          6.4276 0.0000 0.2448,
          6.4411 0.0000 0.2979,
          6.5356 0.1167 0.1918,
          6.5928 0.1750 0.1805,
          6.5850 0.1750 0.1357,
          6.4783 0.0583 0.2032,
          6.4085 0.0000 0.1368,
          6.4167 0.0000 0.1910,
          6.5214 0.1167 0.0964,
          6.5795 0.1750 0.0907,
          6.5761 0.1750 0.0454,
          6.4633 0.0583 0.1021,
          6.4003 0.0000 0.0274,
          6.4031 0.0000 0.0822,
          6.5750 0.1750 -0.0000,
          6.5167 0.1167 0.0000,
          6.5761 0.1750 -0.0454,
          6.4583 0.0583 0.0000,
          6.4003 0.0000 -0.0274,
          6.5214 0.1167 -0.0964,
          6.5795 0.1750 -0.0907,
          6.5850 0.1750 -0.1357,
          6.4633 0.0583 -0.1021,
          6.4085 0.0000 -0.1368,
          6.4031 0.0000 -0.0822,
          6.5356 0.1167 -0.1918,
          6.5928 0.1750 -0.1805,
          6.6027 0.1750 -0.2248,
          6.4783 0.0583 -0.2032,
          6.4276 0.0000 -0.2448,
          6.4167 0.0000 -0.1910,
          6.5590 0.1167 -0.2854,
          6.6148 0.1750 -0.2685,
          6.6291 0.1750 -0.3116,
          6.4573 0.0000 -0.3503,
          6.5032 0.0583 -0.3024,
          6.4411 0.0000 -0.2979,
          6.5915 0.1167 -0.3763,
          6.6454 0.1750 -0.3540,
          6.6638 0.1750 -0.3955,
          6.5376 0.0583 -0.3986,
          6.4973 0.0000 -0.4524,
          6.4760 0.0000 -0.4019,
          6.6328 0.1167 -0.4635,
          6.6842 0.1750 -0.4360,
          6.7066 0.1750 -0.4755,
          6.5813 0.0583 -0.4910,
          6.5474 0.0000 -0.5500,
          6.5211 0.0000 -0.5018,
          6.6824 0.1167 -0.5463,
          6.7309 0.1750 -0.5139,
          6.7570 0.1750 -0.5510,
          6.6339 0.0583 -0.5787,
          6.6069 0.0000 -0.6421,
          6.5760 0.0000 -0.5968,
          6.7399 0.1167 -0.6238,
          6.7850 0.1750 -0.5868,
          6.8146 0.1750 -0.6212,
          6.6948 0.0583 -0.6608,
          6.6752 0.0000 -0.7279,
          6.6400 0.0000 -0.6858,
          6.8047 0.1167 -0.6953,
          6.8459 0.1750 -0.6541,
          6.8788 0.1750 -0.6854,
          6.7634 0.0583 -0.7366,
          6.7518 0.0000 -0.8064,
          6.7125 0.0000 -0.7681,
          6.8762 0.1167 -0.7601,
          6.9132 0.1750 -0.7150,
          6.9490 0.1750 -0.7430,
          6.8392 0.0583 -0.8052,
          6.8358 0.0000 -0.8768,
          6.7929 0.0000 -0.8426,
          6.9537 0.1167 -0.8176,
          6.9861 0.1750 -0.7691,
          7.0245 0.1750 -0.7934,
          6.9264 0.0000 -0.9386,
          6.9213 0.0583 -0.8661,
          6.8803 0.0000 -0.9089,
          7.0365 0.1167 -0.8672,
          7.0640 0.1750 -0.8158,
          7.1045 0.1750 -0.8362,
          7.0090 0.0583 -0.9187,
          7.0227 0.0000 -0.9911,
          6.9739 0.0000 -0.9660,
          7.1237 0.1167 -0.9085,
          7.1460 0.1750 -0.8546,
          7.1884 0.1750 -0.8709,
          7.1014 0.0583 -0.9624,
          7.1238 0.0000 -1.0337,
          7.0727 0.0000 -1.0136,
          7.2146 0.1167 -0.9410,
          7.2315 0.1750 -0.8852,
          7.2752 0.1750 -0.8973,
          7.1976 0.0583 -0.9968,
          7.2286 0.0000 -1.0660,
          7.1758 0.0000 -1.0511,
          7.3082 0.1167 -0.9644,
          7.3195 0.1750 -0.9072,
          7.3643 0.1750 -0.9150,
          7.2968 0.0583 -1.0217,
          7.3361 0.0000 -1.0877,
          7.2820 0.0000 -1.0782,
          7.4036 0.1167 -0.9786,
          7.4093 0.1750 -0.9205,
          7.4546 0.1750 -0.9239,
          7.5000 0.1750 -0.9250,
          7.3979 0.0583 -1.0367,
          7.5000 0.0000 -1.1000,
          7.4452 0.0000 -1.0986,
          7.3905 0.0000 -1.0945,
        ] }
        coordIndex [
          0 1 2 -1,
          2 1 3 -1,
          3 1 4 -1,
          0 5 1 -1,
          6 5 7 -1,
          7 5 8 -1,
          8 5 9 -1,
          9 5 0 -1,
          4 10 11 -1,
          11 10 12 -1,
          1 10 4 -1,
          6 13 5 -1,
          1 13 10 -1,
          5 13 1 -1,
          14 13 15 -1,
          15 13 6 -1,
          12 16 17 -1,
          17 16 18 -1,
          10 16 12 -1,
          13 19 10 -1,
          10 19 16 -1,
          14 19 13 -1,
          20 19 21 -1,
          21 19 14 -1,
          18 22 23 -1,
          23 22 24 -1,
          16 22 18 -1,
          16 25 22 -1,
          20 25 19 -1,
          19 25 16 -1,
          26 25 27 -1,
          27 25 20 -1,
          24 28 29 -1,
          29 28 30 -1,
          22 28 24 -1,
          22 31 28 -1,
          26 31 25 -1,
          25 31 22 -1,
          32 31 33 -1,
          33 31 26 -1,
          30 34 35 -1,
          35 34 36 -1,
          28 34 30 -1,
          31 37 28 -1,
          28 37 34 -1,
          38 37 39 -1,
          39 37 32 -1,
          32 37 31 -1,
          36 40 41 -1,
          41 40 42 -1,
          34 40 36 -1,
          38 43 37 -1,
          37 43 34 -1,
          34 43 40 -1,
          44 43 45 -1,
          45 43 38 -1,
          42 46 47 -1,
          47 46 48 -1,
          40 46 42 -1,
          40 49 46 -1,
          43 49 40 -1,
          50 49 51 -1,
          51 49 44 -1,
          44 49 43 -1,
          48 52 53 -1,
          53 52 54 -1,
          46 52 48 -1,
          50 55 49 -1,
          49 55 46 -1,
          46 55 52 -1,
          56 55 57 -1,
          57 55 50 -1,
          54 58 59 -1,
          59 58 60 -1,
          52 58 54 -1,
          52 61 58 -1,
          56 61 55 -1,
          55 61 52 -1,
          62 61 63 -1,
          63 61 56 -1,
          60 64 65 -1,
          65 64 66 -1,
          58 64 60 -1,
          62 67 61 -1,
          61 67 58 -1,
          68 67 69 -1,
          69 67 62 -1,
          58 67 64 -1,
          66 70 71 -1,
          71 70 72 -1,
          64 70 66 -1,
          67 70 64 -1,
          73 74 75 -1,
          75 74 68 -1,
          68 74 67 -1,
          67 74 70 -1,
          72 76 77 -1,
          77 76 78 -1,
          70 76 72 -1,
          70 79 76 -1,
          80 79 81 -1,
          81 79 73 -1,
          74 79 70 -1,
          73 79 74 -1,
          78 82 83 -1,
          83 82 84 -1,
          76 82 78 -1,
          76 85 82 -1,
          80 85 79 -1,
          79 85 76 -1,
          86 85 87 -1,
          87 85 80 -1,
          84 88 89 -1,
          82 88 84 -1,
          89 88 90 -1,
          82 91 88 -1,
          85 91 82 -1,
          92 91 93 -1,
          86 91 85 -1,
          93 91 86 -1,
          94 95 96 -1,
          88 95 90 -1,
          90 95 94 -1,
          91 97 88 -1,
          92 97 91 -1,
          98 97 92 -1,
          88 97 95 -1,
          96 99 100 -1,
          100 99 101 -1,
          95 99 96 -1,
          95 102 99 -1,
          98 102 97 -1,
          103 102 104 -1,
          104 102 98 -1,
          97 102 95 -1,
          101 105 106 -1,
          106 105 107 -1,
          99 105 101 -1,
          103 108 102 -1,
          102 108 99 -1,
          109 108 110 -1,
          110 108 103 -1,
          99 108 105 -1,
          107 111 112 -1,
          112 111 113 -1,
          108 111 105 -1,
          105 111 107 -1,
          114 115 116 -1,
          116 115 109 -1,
          109 115 108 -1,
          108 115 111 -1,
          113 117 118 -1,
          118 117 119 -1,
          115 117 111 -1,
          111 117 113 -1,
          114 120 115 -1,
          121 120 122 -1,
          122 120 114 -1,
          115 120 117 -1,
          119 123 124 -1,
          124 123 125 -1,
          117 123 119 -1,
          120 123 117 -1,
          120 126 123 -1,
          127 126 128 -1,
          128 126 121 -1,
          121 126 120 -1,
          125 129 130 -1,
          130 129 131 -1,
          126 129 123 -1,
          123 129 125 -1,
          127 132 126 -1,
          126 132 129 -1,
          133 132 134 -1,
          134 132 127 -1,
          129 135 131 -1,
          131 135 136 -1,
          136 135 137 -1,
          132 138 129 -1,
          133 138 132 -1,
          139 138 140 -1,
          140 138 133 -1,
          129 138 135 -1,
          137 141 142 -1,
          142 141 143 -1,
          138 141 135 -1,
          135 141 137 -1,
          138 144 141 -1,
          145 144 146 -1,
          146 144 139 -1,
          139 144 138 -1,
          141 147 143 -1,
          143 147 148 -1,
          148 147 149 -1,
          141 150 147 -1,
          151 150 152 -1,
          152 150 145 -1,
          144 150 141 -1,
          145 150 144 -1,
          149 153 154 -1,
          154 153 155 -1,
          147 153 149 -1,
          156 157 158 -1,
          158 157 151 -1,
          147 157 153 -1,
          151 157 150 -1,
          150 157 147 -1,
          155 159 160 -1,
          160 159 161 -1,
          153 159 155 -1,
          157 159 153 -1,
          156 162 157 -1,
          157 162 159 -1,
          163 162 164 -1,
          164 162 156 -1,
          161 165 166 -1,
          166 165 167 -1,
          159 165 161 -1,
          163 168 162 -1,
          159 168 165 -1,
          169 168 170 -1,
          170 168 163 -1,
          162 168 159 -1,
          167 171 172 -1,
          172 171 173 -1,
          165 171 167 -1,
          168 174 165 -1,
          169 174 168 -1,
          175 174 176 -1,
          176 174 169 -1,
          165 174 171 -1,
          173 177 178 -1,
          178 177 179 -1,
          171 177 173 -1,
          171 180 177 -1,
          174 180 171 -1,
          175 180 174 -1,
          181 180 182 -1,
          182 180 175 -1,
          177 183 179 -1,
          180 183 177 -1,
          179 183 184 -1,
          184 183 185 -1,
          185 183 186 -1,
          180 187 183 -1,
          181 187 180 -1,
          183 187 186 -1,
          186 187 188 -1,
          188 187 189 -1,
          189 187 190 -1,
          190 187 181 -1,
        ]
      }
    }
    Shape {
      appearance Appearance {
        material Material {
          diffuseColor 0.200 0.200 0.200
          specularColor 0.050 0.050 0.050
          shininess 0.15
        }
      }
      geometry IndexedFaceSet {
        creaseAngle 0.785398
        solid TRUE
        coord Coordinate { point [
          6.5750 0.1750 -0.0000,
          6.5761 0.1750 -0.0454,
          6.5750 6.5000 -0.0000,
          6.5761 6.5000 -0.0461,
          6.5795 0.1750 -0.0907,
          6.5796 6.5000 -0.0921,
          6.5850 0.1750 -0.1357,
          6.5853 6.5000 -0.1379,
          6.5928 0.1750 -0.1805,
          6.5933 6.5000 -0.1833,
          6.6027 0.1750 -0.2248,
          6.6036 6.5000 -0.2283,
          6.6148 0.1750 -0.2685,
          6.6161 6.5000 -0.2726,
          6.6291 0.1750 -0.3116,
          6.6308 6.5000 -0.3164,
          6.6454 0.1750 -0.3540,
          6.6476 6.5000 -0.3593,
          6.6638 0.1750 -0.3955,
          6.6666 6.5000 -0.4013,
          6.6842 0.1750 -0.4360,
          6.6876 6.5000 -0.4424,
          6.7066 0.1750 -0.4755,
          6.7107 6.5000 -0.4823,
          6.7309 0.1750 -0.5139,
          6.7357 6.5000 -0.5211,
          6.7570 0.1750 -0.5510,
          6.7627 6.5000 -0.5585,
          6.7850 0.1750 -0.5868,
          6.7914 6.5000 -0.5946,
          6.8146 0.1750 -0.6212,
          6.8219 6.5000 -0.6292,
          6.8459 0.1750 -0.6541,
          6.8541 6.5000 -0.6622,
          6.8788 0.1750 -0.6854,
          6.8879 6.5000 -0.6935,
          6.9132 0.1750 -0.7150,
          6.9233 6.5000 -0.7232,
          6.9490 0.1750 -0.7430,
          6.9600 6.5000 -0.7510,
          6.9861 0.1750 -0.7691,
          6.9981 6.5000 -0.7770,
          7.0245 0.1750 -0.7934,
          7.0375 6.5000 -0.8011,
          7.0640 0.1750 -0.8158,
          7.0780 6.5000 -0.8231,
          7.1045 0.1750 -0.8362,
          7.1196 6.5000 -0.8431,
          7.1460 0.1750 -0.8546,
          7.1621 6.5000 -0.8611,
          7.1884 0.1750 -0.8709,
          7.2054 6.5000 -0.8768,
          7.2315 0.1750 -0.8852,
          7.2495 6.5000 -0.8904,
          7.2752 0.1750 -0.8973,
          7.2942 6.5000 -0.9018,
          7.3195 0.1750 -0.9072,
          7.3394 6.5000 -0.9109,
          7.3643 0.1750 -0.9150,
          7.3850 6.5000 -0.9178,
          7.4093 0.1750 -0.9205,
          7.4309 6.5000 -0.9224,
          7.4546 0.1750 -0.9239,
          7.4769 6.5000 -0.9247,
          7.5000 0.1750 -0.9250,
          7.5231 6.5000 -0.9247,
          7.5454 0.1750 -0.9239,
          7.5691 6.5000 -0.9224,
          7.5907 0.1750 -0.9205,
          7.6150 6.5000 -0.9178,
          7.6357 0.1750 -0.9150,
          7.6606 6.5000 -0.9109,
          7.6805 0.1750 -0.9072,
          7.7058 6.5000 -0.9018,
          7.7248 0.1750 -0.8973,
          7.7505 6.5000 -0.8904,
          7.7685 0.1750 -0.8852,
          7.7946 6.5000 -0.8768,
          7.8116 0.1750 -0.8709,
          7.8379 6.5000 -0.8611,
          7.8540 0.1750 -0.8546,
          7.8804 6.5000 -0.8431,
          7.8955 0.1750 -0.8362,
          7.9220 6.5000 -0.8231,
          7.9360 0.1750 -0.8158,
          7.9625 6.5000 -0.8011,
          7.9755 0.1750 -0.7934,
          8.0019 6.5000 -0.7770,
          8.0139 0.1750 -0.7691,
          8.0400 6.5000 -0.7510,
          8.0510 0.1750 -0.7430,
          8.0767 6.5000 -0.7232,
          8.0868 0.1750 -0.7150,
          8.1121 6.5000 -0.6935,
          8.1212 0.1750 -0.6854,
          8.1459 6.5000 -0.6622,
          8.1541 0.1750 -0.6541,
          8.1781 6.5000 -0.6292,
          8.1854 0.1750 -0.6212,
          8.2086 6.5000 -0.5946,
          8.2150 0.1750 -0.5868,
          8.2373 6.5000 -0.5585,
          8.2430 0.1750 -0.5510,
          8.2643 6.5000 -0.5211,
          8.2691 0.1750 -0.5139,
          8.2893 6.5000 -0.4823,
          8.2934 0.1750 -0.4755,
          8.3124 6.5000 -0.4424,
          8.3158 0.1750 -0.4360,
          8.3334 6.5000 -0.4013,
          8.3362 0.1750 -0.3955,
          8.3524 6.5000 -0.3593,
          8.3546 0.1750 -0.3540,
          8.3692 6.5000 -0.3164,
          8.3709 0.1750 -0.3116,
          8.3839 6.5000 -0.2726,
          8.3852 0.1750 -0.2685,
          8.3964 6.5000 -0.2283,
          8.3973 0.1750 -0.2248,
          8.4067 6.5000 -0.1833,
          8.4072 0.1750 -0.1805,
          8.4147 6.5000 -0.1379,
          8.4150 0.1750 -0.1357,
          8.4204 6.5000 -0.0921,
          8.4205 0.1750 -0.0907,
          8.4239 6.5000 -0.0461,
          8.4239 0.1750 -0.0454,
          8.4250 6.5000 -0.0000,
          8.4250 0.1750 -0.0000,
        ] }
        coordIndex [
          0 1 2 -1,
          2 1 3 -1,
          1 4 3 -1,
          3 4 5 -1,
          4 6 5 -1,
          5 6 7 -1,
          6 8 7 -1,
          7 8 9 -1,
          8 10 9 -1,
          9 10 11 -1,
          10 12 11 -1,
          11 12 13 -1,
          12 14 13 -1,
          13 14 15 -1,
          14 16 15 -1,
          15 16 17 -1,
          16 18 17 -1,
          17 18 19 -1,
          18 20 19 -1,
          19 20 21 -1,
          21 22 23 -1,
          20 22 21 -1,
          23 24 25 -1,
          22 24 23 -1,
          25 26 27 -1,
          24 26 25 -1,
          27 28 29 -1,
          26 28 27 -1,
          29 30 31 -1,
          28 30 29 -1,
          31 32 33 -1,
          30 32 31 -1,
          33 34 35 -1,
          32 34 33 -1,
          34 36 35 -1,
          35 36 37 -1,
          36 38 37 -1,
          37 38 39 -1,
          38 40 39 -1,
          39 40 41 -1,
          40 42 41 -1,
          41 42 43 -1,
          42 44 43 -1,
          43 44 45 -1,
          44 46 45 -1,
          45 46 47 -1,
          46 48 47 -1,
          47 48 49 -1,
          48 50 49 -1,
          49 50 51 -1,
          50 52 51 -1,
          51 52 53 -1,
          52 54 53 -1,
          53 54 55 -1,
          54 56 55 -1,
          55 56 57 -1,
          56 58 57 -1,
          57 58 59 -1,
          58 60 59 -1,
          59 60 61 -1,
          60 62 61 -1,
          61 62 63 -1,
          62 64 63 -1,
          63 64 65 -1,
          64 66 65 -1,
          65 66 67 -1,
          66 68 67 -1,
          67 68 69 -1,
          69 70 71 -1,
          68 70 69 -1,
          71 72 73 -1,
          70 72 71 -1,
          73 74 75 -1,
          72 74 73 -1,
          75 76 77 -1,
          74 76 75 -1,
          77 78 79 -1,
          76 78 77 -1,
          79 80 81 -1,
          78 80 79 -1,
          81 82 83 -1,
          80 82 81 -1,
          83 84 85 -1,
          82 84 83 -1,
          84 86 85 -1,
          85 86 87 -1,
          86 88 87 -1,
          87 88 89 -1,
          89 90 91 -1,
          88 90 89 -1,
          91 92 93 -1,
          90 92 91 -1,
          93 94 95 -1,
          92 94 93 -1,
          95 96 97 -1,
          94 96 95 -1,
          97 98 99 -1,
          96 98 97 -1,
          99 100 101 -1,
          98 100 99 -1,
          101 102 103 -1,
          100 102 101 -1,
          103 104 105 -1,
          102 104 103 -1,
          105 106 107 -1,
          104 106 105 -1,
          107 108 109 -1,
          106 108 107 -1,
          109 110 111 -1,
          108 110 109 -1,
          111 112 113 -1,
          110 112 111 -1,
          113 114 115 -1,
          112 114 113 -1,
          115 116 117 -1,
          114 116 115 -1,
          117 118 119 -1,
          116 118 117 -1,
          119 120 121 -1,
          118 120 119 -1,
          121 122 123 -1,
          120 122 121 -1,
          123 124 125 -1,
          122 124 123 -1,
          125 126 127 -1,
          124 126 125 -1,
          126 128 127 -1,
        ]
      }
    }
    Shape {
      appearance Appearance {
        material Material {
          diffuseColor 0.200 0.200 0.200
          specularColor 0.050 0.050 0.050
          shininess 0.15
        }
      }
      geometry IndexedFaceSet {
        creaseAngle 0.785398
        solid TRUE
        coord Coordinate { point [
          -8.4250 0.1750 -0.0000,
          -8.4239 0.1750 -0.0454,
          -8.4250 6.5000 -0.0000,
          -8.4239 6.5000 -0.0461,
          -8.4205 0.1750 -0.0907,
          -8.4204 6.5000 -0.0921,
          -8.4150 0.1750 -0.1357,
          -8.4147 6.5000 -0.1379,
          -8.4072 0.1750 -0.1805,
          -8.4067 6.5000 -0.1833,
          -8.3973 0.1750 -0.2248,
          -8.3964 6.5000 -0.2283,
          -8.3852 0.1750 -0.2685,
          -8.3839 6.5000 -0.2726,
          -8.3709 0.1750 -0.3116,
          -8.3692 6.5000 -0.3164,
          -8.3546 0.1750 -0.3540,
          -8.3524 6.5000 -0.3593,
          -8.3362 0.1750 -0.3955,
          -8.3334 6.5000 -0.4013,
          -8.3158 0.1750 -0.4360,
          -8.3124 6.5000 -0.4424,
          -8.2934 0.1750 -0.4755,
          -8.2893 6.5000 -0.4823,
          -8.2691 0.1750 -0.5139,
          -8.2643 6.5000 -0.5211,
          -8.2430 0.1750 -0.5510,
          -8.2373 6.5000 -0.5585,
          -8.2150 0.1750 -0.5868,
          -8.2086 6.5000 -0.5946,
          -8.1854 0.1750 -0.6212,
          -8.1781 6.5000 -0.6292,
          -8.1541 0.1750 -0.6541,
          -8.1459 6.5000 -0.6622,
          -8.1212 0.1750 -0.6854,
          -8.1121 6.5000 -0.6935,
          -8.0868 0.1750 -0.7150,
          -8.0767 6.5000 -0.7232,
          -8.0510 0.1750 -0.7430,
          -8.0400 6.5000 -0.7510,
          -8.0139 0.1750 -0.7691,
          -8.0019 6.5000 -0.7770,
          -7.9755 0.1750 -0.7934,
          -7.9625 6.5000 -0.8011,
          -7.9360 0.1750 -0.8158,
          -7.9220 6.5000 -0.8231,
          -7.8955 0.1750 -0.8362,
          -7.8804 6.5000 -0.8431,
          -7.8540 0.1750 -0.8546,
          -7.8379 6.5000 -0.8611,
          -7.8116 0.1750 -0.8709,
          -7.7946 6.5000 -0.8768,
          -7.7685 0.1750 -0.8852,
          -7.7505 6.5000 -0.8904,
          -7.7248 0.1750 -0.8973,
          -7.7058 6.5000 -0.9018,
          -7.6805 0.1750 -0.9072,
          -7.6606 6.5000 -0.9109,
          -7.6357 0.1750 -0.9150,
          -7.6150 6.5000 -0.9178,
          -7.5907 0.1750 -0.9205,
          -7.5691 6.5000 -0.9224,
          -7.5454 0.1750 -0.9239,
          -7.5231 6.5000 -0.9247,
          -7.5000 0.1750 -0.9250,
          -7.4769 6.5000 -0.9247,
          -7.4546 0.1750 -0.9239,
          -7.4309 6.5000 -0.9224,
          -7.4093 0.1750 -0.9205,
          -7.3850 6.5000 -0.9178,
          -7.3643 0.1750 -0.9150,
          -7.3394 6.5000 -0.9109,
          -7.3195 0.1750 -0.9072,
          -7.2942 6.5000 -0.9018,
          -7.2752 0.1750 -0.8973,
          -7.2495 6.5000 -0.8904,
          -7.2315 0.1750 -0.8852,
          -7.2054 6.5000 -0.8768,
          -7.1884 0.1750 -0.8709,
          -7.1621 6.5000 -0.8611,
          -7.1460 0.1750 -0.8546,
          -7.1196 6.5000 -0.8431,
          -7.1045 0.1750 -0.8362,
          -7.0780 6.5000 -0.8231,
          -7.0640 0.1750 -0.8158,
          -7.0375 6.5000 -0.8011,
          -7.0245 0.1750 -0.7934,
          -6.9981 6.5000 -0.7770,
          -6.9861 0.1750 -0.7691,
          -6.9600 6.5000 -0.7510,
          -6.9490 0.1750 -0.7430,
          -6.9233 6.5000 -0.7232,
          -6.9132 0.1750 -0.7150,
          -6.8879 6.5000 -0.6935,
          -6.8788 0.1750 -0.6854,
          -6.8541 6.5000 -0.6622,
          -6.8459 0.1750 -0.6541,
          -6.8219 6.5000 -0.6292,
          -6.8146 0.1750 -0.6212,
          -6.7914 6.5000 -0.5946,
          -6.7850 0.1750 -0.5868,
          -6.7627 6.5000 -0.5585,
          -6.7570 0.1750 -0.5510,
          -6.7357 6.5000 -0.5211,
          -6.7309 0.1750 -0.5139,
          -6.7107 6.5000 -0.4823,
          -6.7066 0.1750 -0.4755,
          -6.6876 6.5000 -0.4424,
          -6.6842 0.1750 -0.4360,
          -6.6666 6.5000 -0.4013,
          -6.6638 0.1750 -0.3955,
          -6.6476 6.5000 -0.3593,
          -6.6454 0.1750 -0.3540,
          -6.6308 6.5000 -0.3164,
          -6.6291 0.1750 -0.3116,
          -6.6161 6.5000 -0.2726,
          -6.6148 0.1750 -0.2685,
          -6.6036 6.5000 -0.2283,
          -6.6027 0.1750 -0.2248,
          -6.5933 6.5000 -0.1833,
          -6.5928 0.1750 -0.1805,
          -6.5853 6.5000 -0.1379,
          -6.5850 0.1750 -0.1357,
          -6.5796 6.5000 -0.0921,
          -6.5795 0.1750 -0.0907,
          -6.5761 6.5000 -0.0461,
          -6.5761 0.1750 -0.0454,
          -6.5750 6.5000 -0.0000,
          -6.5750 0.1750 -0.0000,
        ] }
        coordIndex [
          0 1 2 -1,
          2 1 3 -1,
          1 4 3 -1,
          3 4 5 -1,
          4 6 5 -1,
          5 6 7 -1,
          6 8 7 -1,
          7 8 9 -1,
          8 10 9 -1,
          9 10 11 -1,
          10 12 11 -1,
          11 12 13 -1,
          12 14 13 -1,
          13 14 15 -1,
          14 16 15 -1,
          15 16 17 -1,
          16 18 17 -1,
          17 18 19 -1,
          18 20 19 -1,
          19 20 21 -1,
          21 22 23 -1,
          20 22 21 -1,
          23 24 25 -1,
          22 24 23 -1,
          25 26 27 -1,
          24 26 25 -1,
          27 28 29 -1,
          26 28 27 -1,
          29 30 31 -1,
          28 30 29 -1,
          31 32 33 -1,
          30 32 31 -1,
          33 34 35 -1,
          32 34 33 -1,
          34 36 35 -1,
          35 36 37 -1,
          36 38 37 -1,
          37 38 39 -1,
          38 40 39 -1,
          39 40 41 -1,
          40 42 41 -1,
          41 42 43 -1,
          42 44 43 -1,
          43 44 45 -1,
          44 46 45 -1,
          45 46 47 -1,
          46 48 47 -1,
          47 48 49 -1,
          48 50 49 -1,
          49 50 51 -1,
          50 52 51 -1,
          51 52 53 -1,
          52 54 53 -1,
          53 54 55 -1,
          54 56 55 -1,
          55 56 57 -1,
          56 58 57 -1,
          57 58 59 -1,
          58 60 59 -1,
          59 60 61 -1,
          60 62 61 -1,
          61 62 63 -1,
          62 64 63 -1,
          63 64 65 -1,
          64 66 65 -1,
          65 66 67 -1,
          66 68 67 -1,
          67 68 69 -1,
          69 70 71 -1,
          68 70 69 -1,
          71 72 73 -1,
          70 72 71 -1,
          73 74 75 -1,
          72 74 73 -1,
          75 76 77 -1,
          74 76 75 -1,
          77 78 79 -1,
          76 78 77 -1,
          79 80 81 -1,
          78 80 79 -1,
          81 82 83 -1,
          80 82 81 -1,
          83 84 85 -1,
          82 84 83 -1,
          84 86 85 -1,
          85 86 87 -1,
          86 88 87 -1,
          87 88 89 -1,
          89 90 91 -1,
          88 90 89 -1,
          91 92 93 -1,
          90 92 91 -1,
          93 94 95 -1,
          92 94 93 -1,
          95 96 97 -1,
          94 96 95 -1,
          97 98 99 -1,
          96 98 97 -1,
          99 100 101 -1,
          98 100 99 -1,
          101 102 103 -1,
          100 102 101 -1,
          103 104 105 -1,
          102 104 103 -1,
          105 106 107 -1,
          104 106 105 -1,
          107 108 109 -1,
          106 108 107 -1,
          109 110 111 -1,
          108 110 109 -1,
          111 112 113 -1,
          110 112 111 -1,
          113 114 115 -1,
          112 114 113 -1,
          115 116 117 -1,
          114 116 115 -1,
          117 118 119 -1,
          116 118 117 -1,
          119 120 121 -1,
          118 120 119 -1,
          121 122 123 -1,
          120 122 121 -1,
          123 124 125 -1,
          122 124 123 -1,
          125 126 127 -1,
          124 126 125 -1,
          126 128 127 -1,
        ]
      }
    }
    Shape {
      appearance Appearance {
        material Material {
          diffuseColor 0.200 0.200 0.200
          specularColor 0.050 0.050 0.050
          shininess 0.15
        }
      }
      geometry IndexedFaceSet {
        creaseAngle 0.785398
        solid TRUE
        coord Coordinate { point [
          -0.8750 15.8348 7.5000,
          -0.8750 15.8348 0.7000,
          -1.1599 15.7849 0.7000,
          -1.1599 15.7849 7.5000,
          -1.4421 15.7211 0.7000,
          -1.4421 15.7211 7.5000,
          -1.7207 15.6435 0.7000,
          -1.7207 15.6435 7.5000,
          -1.9953 15.5524 0.7000,
          -1.9953 15.5524 7.5000,
          -2.2650 15.4479 0.7000,
          -2.2650 15.4479 7.5000,
          -2.5293 15.3303 0.7000,
          -2.5293 15.3303 7.5000,
          -2.7875 15.2000 0.7000,
          -2.7875 15.2000 7.5000,
          -3.0390 15.0571 0.7000,
          -3.0390 15.0571 7.5000,
          -3.2832 14.9021 0.7000,
          -3.2832 14.9021 7.5000,
          -3.5196 14.7353 0.7000,
          -3.5196 14.7353 7.5000,
          -3.7474 14.5571 0.7000,
          -3.7474 14.5571 7.5000,
          -3.9663 14.3679 0.7000,
          -3.9663 14.3679 7.5000,
          -4.1756 14.1683 0.7000,
          -4.1756 14.1683 7.5000,
          -4.3749 13.9586 0.7000,
          -4.3749 13.9586 7.5000,
          -4.5636 13.7394 0.7000,
          -4.5636 13.7394 7.5000,
          -4.7414 13.5112 0.7000,
          -4.7414 13.5112 7.5000,
          -4.9078 13.2746 0.7000,
          -4.9078 13.2746 7.5000,
          -5.0624 13.0301 0.7000,
          -5.0624 13.0301 7.5000,
          -5.2049 12.7784 0.7000,
          -5.2049 12.7784 7.5000,
          -5.3348 12.5199 0.7000,
          -5.3348 12.5199 7.5000,
          -5.4519 12.2554 0.7000,
          -5.4519 12.2554 7.5000,
          -5.5559 11.9855 0.7000,
          -5.5559 11.9855 7.5000,
          -5.6465 11.7108 0.7000,
          -5.6465 11.7108 7.5000,
          -5.7236 11.4320 0.7000,
          -5.7236 11.4320 7.5000,
          -5.7869 11.1498 0.7000,
          -5.7869 11.1498 7.5000,
          -5.8363 10.8647 0.7000,
          -5.8363 10.8647 7.5000,
          -5.8717 10.5777 0.7000,
          -5.8717 10.5777 7.5000,
          -5.8929 10.2892 0.7000,
          -5.8929 10.2892 7.5000,
          -5.9000 10.0000 0.7000,
          -5.9000 10.0000 7.5000,
        ] }
        coordIndex [
          0 1 2 -1,
          3 2 4 -1,
          3 0 2 -1,
          5 4 6 -1,
          5 3 4 -1,
          7 6 8 -1,
          7 5 6 -1,
          9 8 10 -1,
          9 7 8 -1,
          11 10 12 -1,
          11 9 10 -1,
          13 12 14 -1,
          13 11 12 -1,
          15 14 16 -1,
          15 13 14 -1,
          17 16 18 -1,
          17 15 16 -1,
          19 17 18 -1,
          19 18 20 -1,
          21 19 20 -1,
          21 20 22 -1,
          23 21 22 -1,
          23 22 24 -1,
          25 24 26 -1,
          25 23 24 -1,
          27 26 28 -1,
          27 25 26 -1,
          29 28 30 -1,
          29 27 28 -1,
          31 30 32 -1,
          31 29 30 -1,
          33 32 34 -1,
          33 31 32 -1,
          35 34 36 -1,
          35 33 34 -1,
          37 36 38 -1,
          37 35 36 -1,
          39 38 40 -1,
          39 37 38 -1,
          41 40 42 -1,
          41 39 40 -1,
          43 42 44 -1,
          43 41 42 -1,
          45 44 46 -1,
          45 43 44 -1,
          47 46 48 -1,
          47 45 46 -1,
          49 48 50 -1,
          49 47 48 -1,
          51 50 52 -1,
          51 49 50 -1,
          53 52 54 -1,
          53 51 52 -1,
          55 54 56 -1,
          55 53 54 -1,
          57 56 58 -1,
          57 55 56 -1,
          59 57 58 -1,
        ]
      }
    }
    Shape {
      appearance Appearance {
        material Material {
          diffuseColor 0.200 0.200 0.200
          specularColor 0.050 0.050 0.050
          shininess 0.15
        }
      }
      geometry IndexedFaceSet {
        creaseAngle 0.785398
        solid TRUE
        coord Coordinate { point [
          -5.8927 9.7059 7.5000,
          -5.9000 10.0000 7.5000,
          -5.9000 10.0000 0.7000,
          -5.8927 9.7059 0.7000,
          -5.8707 9.4125 7.5000,
          -5.8707 9.4125 0.7000,
          -5.8341 9.1207 7.5000,
          -5.8341 9.1207 0.7000,
          -5.7830 8.8309 7.5000,
          -5.7830 8.8309 0.7000,
          -5.7176 8.5441 7.5000,
          -5.7176 8.5441 0.7000,
          -5.6379 8.2609 7.5000,
          -5.6379 8.2609 0.7000,
          -5.5442 7.9821 7.5000,
          -5.5442 7.9821 0.7000,
          -5.4367 7.7082 7.5000,
          -5.4367 7.7082 0.7000,
          -5.3157 7.4401 7.5000,
          -5.3157 7.4401 0.7000,
          -5.1815 7.1783 7.5000,
          -5.1815 7.1783 0.7000,
          -5.0344 6.9235 7.5000,
          -5.0344 6.9235 0.7000,
          -4.8748 6.6764 7.5000,
          -4.8748 6.6764 0.7000,
          -4.7031 6.4376 7.5000,
          -4.7031 6.4376 0.7000,
          -4.5197 6.2076 7.5000,
          -4.5197 6.2076 0.7000,
          -4.3250 5.9870 7.5000,
          -4.3250 5.9870 0.7000,
          -4.1196 5.7764 7.5000,
          -4.1196 5.7764 0.7000,
          -3.9039 5.5763 0.7000,
          -3.9039 5.5763 7.5000,
          -3.6786 5.3872 7.5000,
          -3.6786 5.3872 0.7000,
          -3.4441 5.2096 0.7000,
          -3.4441 5.2096 7.5000,
          -3.2010 5.0438 0.7000,
          -3.2010 5.0438 7.5000,
          -2.9500 4.8905 0.7000,
          -2.9500 4.8905 7.5000,
          -2.6916 4.7498 7.5000,
          -2.6916 4.7498 0.7000,
          -2.4266 4.6221 7.5000,
          -2.4266 4.6221 0.7000,
          -2.1555 4.5078 0.7000,
          -2.1555 4.5078 7.5000,
          -1.8791 4.4072 0.7000,
          -1.8791 4.4072 7.5000,
          -1.5980 4.3205 7.5000,
          -1.5980 4.3205 0.7000,
          -1.3129 4.2479 0.7000,
          -1.3129 4.2479 7.5000,
          -1.0245 4.1896 7.5000,
          -1.0245 4.1896 0.7000,
          -0.7336 4.1458 0.7000,
          -0.7336 4.1458 7.5000,
          -0.4409 4.1165 7.5000,
          -0.4409 4.1165 0.7000,
          -0.1471 4.1018 7.5000,
          -0.1471 4.1018 0.7000,
          0.1471 4.1018 0.7000,
          0.1471 4.1018 7.5000,
          0.4409 4.1165 0.7000,
          0.4409 4.1165 7.5000,
          0.7336 4.1458 7.5000,
          0.7336 4.1458 0.7000,
          1.0245 4.1896 7.5000,
          1.0245 4.1896 0.7000,
          1.3129 4.2479 0.7000,
          1.3129 4.2479 7.5000,
          1.5980 4.3205 7.5000,
          1.5980 4.3205 0.7000,
          1.8791 4.4072 7.5000,
          1.8791 4.4072 0.7000,
          2.1555 4.5078 0.7000,
          2.1555 4.5078 7.5000,
          2.4266 4.6221 0.7000,
          2.4266 4.6221 7.5000,
          2.6916 4.7498 7.5000,
          2.6916 4.7498 0.7000,
          2.9500 4.8905 7.5000,
          2.9500 4.8905 0.7000,
          3.2010 5.0438 7.5000,
          3.2010 5.0438 0.7000,
          3.4441 5.2096 0.7000,
          3.4441 5.2096 7.5000,
          3.6786 5.3872 7.5000,
          3.6786 5.3872 0.7000,
          3.9039 5.5763 7.5000,
          3.9039 5.5763 0.7000,
          4.1196 5.7764 0.7000,
          4.1196 5.7764 7.5000,
          4.3250 5.9870 0.7000,
          4.3250 5.9870 7.5000,
          4.5197 6.2076 7.5000,
          4.5197 6.2076 0.7000,
          4.7031 6.4376 7.5000,
          4.7031 6.4376 0.7000,
          4.8748 6.6764 7.5000,
          4.8748 6.6764 0.7000,
          5.0344 6.9235 7.5000,
          5.0344 6.9235 0.7000,
          5.1815 7.1783 0.7000,
          5.1815 7.1783 7.5000,
          5.3157 7.4401 7.5000,
          5.3157 7.4401 0.7000,
          5.4367 7.7082 7.5000,
          5.4367 7.7082 0.7000,
          5.5442 7.9821 7.5000,
          5.5442 7.9821 0.7000,
          5.6379 8.2609 0.7000,
          5.6379 8.2609 7.5000,
          5.7176 8.5441 0.7000,
          5.7176 8.5441 7.5000,
          5.7830 8.8309 7.5000,
          5.7830 8.8309 0.7000,
          5.8341 9.1207 7.5000,
          5.8341 9.1207 0.7000,
          5.8707 9.4125 7.5000,
          5.8707 9.4125 0.7000,
          5.8927 9.7059 7.5000,
          5.8927 9.7059 0.7000,
          5.9000 10.0000 7.5000,
          5.9000 10.0000 0.7000,
        ] }
        coordIndex [
          0 1 2 -1,
          0 2 3 -1,
          4 3 5 -1,
          4 0 3 -1,
          6 5 7 -1,
          6 4 5 -1,
          8 7 9 -1,
          8 6 7 -1,
          10 9 11 -1,
          10 8 9 -1,
          12 11 13 -1,
          12 10 11 -1,
          14 13 15 -1,
          14 12 13 -1,
          16 15 17 -1,
          16 14 15 -1,
          18 17 19 -1,
          18 16 17 -1,
          20 19 21 -1,
          20 18 19 -1,
          22 21 23 -1,
          22 20 21 -1,
          24 23 25 -1,
          24 22 23 -1,
          26 25 27 -1,
          26 24 25 -1,
          28 27 29 -1,
          28 26 27 -1,
          30 29 31 -1,
          30 28 29 -1,
          32 31 33 -1,
          32 33 34 -1,
          32 30 31 -1,
          35 32 34 -1,
          36 35 34 -1,
          36 34 37 -1,
          36 37 38 -1,
          39 36 38 -1,
          39 38 40 -1,
          41 39 40 -1,
          41 40 42 -1,
          43 41 42 -1,
          44 43 42 -1,
          44 42 45 -1,
          46 45 47 -1,
          46 44 45 -1,
          46 47 48 -1,
          49 48 50 -1,
          49 46 48 -1,
          51 49 50 -1,
          52 50 53 -1,
          52 53 54 -1,
          52 51 50 -1,
          55 52 54 -1,
          56 54 57 -1,
          56 57 58 -1,
          56 55 54 -1,
          59 56 58 -1,
          60 58 61 -1,
          60 59 58 -1,
          62 61 63 -1,
          62 63 64 -1,
          62 60 61 -1,
          65 64 66 -1,
          65 62 64 -1,
          67 65 66 -1,
          68 66 69 -1,
          68 67 66 -1,
          70 69 71 -1,
          70 71 72 -1,
          70 68 69 -1,
          73 70 72 -1,
          74 72 75 -1,
          74 73 72 -1,
          76 75 77 -1,
          76 77 78 -1,
          76 74 75 -1,
          79 78 80 -1,
          79 76 78 -1,
          81 79 80 -1,
          82 80 83 -1,
          82 81 80 -1,
          84 83 85 -1,
          84 82 83 -1,
          86 84 85 -1,
          86 85 87 -1,
          86 87 88 -1,
          89 86 88 -1,
          90 89 88 -1,
          90 88 91 -1,
          92 90 91 -1,
          92 91 93 -1,
          92 93 94 -1,
          95 92 94 -1,
          95 94 96 -1,
          97 95 96 -1,
          98 97 96 -1,
          98 96 99 -1,
          100 98 99 -1,
          100 99 101 -1,
          102 100 101 -1,
          102 101 103 -1,
          104 102 103 -1,
          104 103 105 -1,
          104 105 106 -1,
          107 104 106 -1,
          108 107 106 -1,
          108 106 109 -1,
          110 108 109 -1,
          110 109 111 -1,
          112 110 111 -1,
          112 111 113 -1,
          112 113 114 -1,
          115 114 116 -1,
          115 112 114 -1,
          117 115 116 -1,
          118 116 119 -1,
          118 117 116 -1,
          120 119 121 -1,
          120 118 119 -1,
          122 121 123 -1,
          122 120 121 -1,
          124 123 125 -1,
          124 122 123 -1,
          126 125 127 -1,
          126 124 125 -1,
        ]
      }
    }
    Shape {
      appearance Appearance {
        material Material {
          diffuseColor 0.200 0.200 0.200
          specularColor 0.050 0.050 0.050
          shininess 0.15
        }
      }
      geometry IndexedFaceSet {
        creaseAngle 0.785398
        solid TRUE
        coord Coordinate { point [
          7.9901 10.3988 5.7000,
          8.0000 10.0000 -5.0000,
          7.9901 10.3988 -5.0000,
          8.0000 10.0000 5.7000,
          7.9602 10.7965 5.7000,
          7.9602 10.7965 -5.0000,
          7.9106 11.1923 5.7000,
          7.9106 11.1923 -5.0000,
          7.8414 11.5852 5.7000,
          7.8414 11.5852 -5.0000,
          7.7526 11.9741 5.7000,
          7.7526 11.9741 -5.0000,
          7.6446 12.3580 5.7000,
          7.6446 12.3580 -5.0000,
          7.5175 12.7362 5.7000,
          7.5175 12.7362 -5.0000,
          7.3718 13.1075 5.7000,
          7.3718 13.1075 -5.0000,
          7.2078 13.4711 5.7000,
          7.2078 13.4711 -5.0000,
          7.0258 13.8260 5.7000,
          7.0258 13.8260 -5.0000,
          6.8263 14.1715 5.7000,
          6.8263 14.1715 -5.0000,
          6.6099 14.5066 5.7000,
          6.6099 14.5066 -5.0000,
          6.3771 14.8304 5.7000,
          6.3771 14.8304 -5.0000,
          6.1284 15.1423 5.7000,
          6.1284 15.1423 -5.0000,
          5.8644 15.4414 5.7000,
          5.8644 15.4414 -5.0000,
          5.5859 15.7269 5.7000,
          5.5859 15.7269 -5.0000,
          5.2935 15.9982 5.7000,
          5.2935 15.9982 -5.0000,
          4.9879 16.2547 5.7000,
          4.9879 16.2547 -5.0000,
          4.6699 16.4955 5.7000,
          4.6699 16.4955 -5.0000,
          4.3404 16.7202 5.7000,
          4.3404 16.7202 -5.0000,
          4.0000 16.9282 5.7000,
          4.0000 16.9282 -5.0000,
          3.6497 17.1190 5.7000,
          3.6497 17.1190 -5.0000,
          3.2903 17.2920 5.7000,
          3.2903 17.2920 -5.0000,
          2.9227 17.4470 5.7000,
          2.9227 17.4470 -5.0000,
          2.5479 17.5834 5.7000,
          2.5479 17.5834 -5.0000,
          2.1667 17.7010 5.7000,
          2.1667 17.7010 -5.0000,
          1.7802 17.7994 5.7000,
          1.7802 17.7994 -5.0000,
          1.3892 17.8785 5.7000,
          1.3892 17.8785 -5.0000,
          0.9947 17.9379 5.7000,
          0.9947 17.9379 -5.0000,
          0.5978 17.9776 5.7000,
          0.5978 17.9776 -5.0000,
          0.1994 17.9975 5.7000,
          0.1994 17.9975 -5.0000,
          -0.1994 17.9975 5.7000,
          -0.1994 17.9975 -5.0000,
          -0.5978 17.9776 5.7000,
          -0.5978 17.9776 -5.0000,
          -0.9947 17.9379 5.7000,
          -0.9947 17.9379 -5.0000,
          -1.3892 17.8785 5.7000,
          -1.3892 17.8785 -5.0000,
          -1.7802 17.7994 5.7000,
          -1.7802 17.7994 -5.0000,
          -2.1667 17.7010 5.7000,
          -2.1667 17.7010 -5.0000,
          -2.5479 17.5834 5.7000,
          -2.5479 17.5834 -5.0000,
          -2.9227 17.4470 5.7000,
          -2.9227 17.4470 -5.0000,
          -3.2903 17.2920 5.7000,
          -3.2903 17.2920 -5.0000,
          -3.6497 17.1190 5.7000,
          -3.6497 17.1190 -5.0000,
          -4.0000 16.9282 5.7000,
          -4.0000 16.9282 -5.0000,
          -4.3404 16.7202 5.7000,
          -4.3404 16.7202 -5.0000,
          -4.6699 16.4955 5.7000,
          -4.6699 16.4955 -5.0000,
          -4.9879 16.2547 5.7000,
          -4.9879 16.2547 -5.0000,
          -5.2935 15.9982 5.7000,
          -5.2935 15.9982 -5.0000,
          -5.5859 15.7269 5.7000,
          -5.5859 15.7269 -5.0000,
          -5.8644 15.4414 5.7000,
          -5.8644 15.4414 -5.0000,
          -6.1284 15.1423 5.7000,
          -6.1284 15.1423 -5.0000,
          -6.3771 14.8304 5.7000,
          -6.3771 14.8304 -5.0000,
          -6.6099 14.5066 -5.0000,
          -6.6099 14.5066 5.7000,
          -6.8263 14.1715 5.7000,
          -6.8263 14.1715 -5.0000,
          -7.0258 13.8260 5.7000,
          -7.0258 13.8260 -5.0000,
          -7.2078 13.4711 5.7000,
          -7.2078 13.4711 -5.0000,
          -7.3718 13.1075 5.7000,
          -7.3718 13.1075 -5.0000,
          -7.5175 12.7362 5.7000,
          -7.5175 12.7362 -5.0000,
          -7.6446 12.3580 5.7000,
          -7.6446 12.3580 -5.0000,
          -7.7526 11.9741 5.7000,
          -7.7526 11.9741 -5.0000,
          -7.8414 11.5852 5.7000,
          -7.8414 11.5852 -5.0000,
          -7.9106 11.1923 -5.0000,
          -7.9106 11.1923 5.7000,
          -7.9602 10.7965 5.7000,
          -7.9602 10.7965 -5.0000,
          -7.9901 10.3988 5.7000,
          -7.9901 10.3988 -5.0000,
          -8.0000 10.0000 5.7000,
          -8.0000 10.0000 -5.0000,
        ] }
        coordIndex [
          0 1 2 -1,
          0 3 1 -1,
          4 2 5 -1,
          4 0 2 -1,
          6 5 7 -1,
          6 4 5 -1,
          8 7 9 -1,
          8 6 7 -1,
          10 9 11 -1,
          10 8 9 -1,
          12 11 13 -1,
          12 10 11 -1,
          14 13 15 -1,
          14 12 13 -1,
          16 15 17 -1,
          16 14 15 -1,
          18 17 19 -1,
          18 16 17 -1,
          20 19 21 -1,
          20 18 19 -1,
          22 21 23 -1,
          22 20 21 -1,
          24 23 25 -1,
          24 22 23 -1,
          26 25 27 -1,
          26 24 25 -1,
          28 27 29 -1,
          28 26 27 -1,
          30 29 31 -1,
          30 28 29 -1,
          32 31 33 -1,
          32 30 31 -1,
          34 33 35 -1,
          34 32 33 -1,
          36 35 37 -1,
          36 34 35 -1,
          38 36 37 -1,
          38 37 39 -1,
          40 38 39 -1,
          40 39 41 -1,
          42 40 41 -1,
          42 41 43 -1,
          44 42 43 -1,
          44 43 45 -1,
          46 45 47 -1,
          46 44 45 -1,
          48 47 49 -1,
          48 46 47 -1,
          50 49 51 -1,
          50 48 49 -1,
          52 51 53 -1,
          52 50 51 -1,
          54 53 55 -1,
          54 52 53 -1,
          56 55 57 -1,
          56 54 55 -1,
          58 57 59 -1,
          58 56 57 -1,
          60 59 61 -1,
          60 58 59 -1,
          62 61 63 -1,
          62 60 61 -1,
          64 63 65 -1,
          64 62 63 -1,
          66 65 67 -1,
          66 64 65 -1,
          68 67 69 -1,
          68 66 67 -1,
          70 69 71 -1,
          70 68 69 -1,
          72 71 73 -1,
          72 70 71 -1,
          74 73 75 -1,
          74 72 73 -1,
          76 75 77 -1,
          76 74 75 -1,
          78 77 79 -1,
          78 76 77 -1,
          80 79 81 -1,
          80 78 79 -1,
          82 81 83 -1,
          82 80 81 -1,
          84 83 85 -1,
          84 82 83 -1,
          86 84 85 -1,
          86 85 87 -1,
          88 86 87 -1,
          88 87 89 -1,
          90 88 89 -1,
          90 89 91 -1,
          92 90 91 -1,
          92 91 93 -1,
          94 92 93 -1,
          94 93 95 -1,
          96 94 95 -1,
          96 95 97 -1,
          98 96 97 -1,
          98 97 99 -1,
          100 98 99 -1,
          100 99 101 -1,
          100 101 102 -1,
          103 100 102 -1,
          104 103 102 -1,
          104 102 105 -1,
          106 104 105 -1,
          106 105 107 -1,
          108 106 107 -1,
          108 107 109 -1,
          110 108 109 -1,
          110 109 111 -1,
          112 111 113 -1,
          112 110 111 -1,
          114 113 115 -1,
          114 112 113 -1,
          116 115 117 -1,
          116 114 115 -1,
          118 117 119 -1,
          118 119 120 -1,
          118 116 117 -1,
          121 118 120 -1,
          122 120 123 -1,
          122 121 120 -1,
          124 123 125 -1,
          124 122 123 -1,
          126 125 127 -1,
          126 124 125 -1,
        ]
      }
    }
    Shape {
      appearance Appearance {
        material Material {
          diffuseColor 0.200 0.200 0.200
          specularColor 0.050 0.050 0.050
          shininess 0.15
        }
      }
      geometry IndexedFaceSet {
        creaseAngle 0.785398
        solid TRUE
        coord Coordinate { point [
          7.5517 7.3597 5.7000,
          7.4162 7.0000 -5.0000,
          7.5517 7.3597 -5.0000,
          7.4162 7.0000 5.7000,
          7.6698 7.7254 5.7000,
          7.6698 7.7254 -5.0000,
          7.7702 8.0965 5.7000,
          7.7702 8.0965 -5.0000,
          7.8527 8.4719 5.7000,
          7.8527 8.4719 -5.0000,
          7.9170 8.8508 5.7000,
          7.9170 8.8508 -5.0000,
          7.9631 9.2324 5.7000,
          7.9631 9.2324 -5.0000,
          7.9908 9.6158 5.7000,
          7.9908 9.6158 -5.0000,
          8.0000 10.0000 5.7000,
          8.0000 10.0000 -5.0000,
        ] }
        coordIndex [
          0 1 2 -1,
          0 3 1 -1,
          4 2 5 -1,
          4 0 2 -1,
          6 5 7 -1,
          6 4 5 -1,
          8 7 9 -1,
          8 6 7 -1,
          10 9 11 -1,
          10 8 9 -1,
          12 11 13 -1,
          12 10 11 -1,
          14 13 15 -1,
          14 12 13 -1,
          16 15 17 -1,
          16 14 15 -1,
        ]
      }
    }
    Shape {
      appearance Appearance {
        material Material {
          diffuseColor 0.200 0.200 0.200
          specularColor 0.050 0.050 0.050
          shininess 0.15
        }
      }
      geometry IndexedFaceSet {
        creaseAngle 0.785398
        solid TRUE
        coord Coordinate { point [
          -0.9000 0.4000 4.9000,
          -3.2000 1.5000 4.9000,
          -3.2000 -0.0000 4.9000,
          -0.9000 -0.0000 4.9000,
          -1.0000 1.5000 4.9000,
          -0.6679 3.0319 4.9000,
          -1.0000 3.0718 4.9000,
          1.0000 1.5000 4.9000,
          0.9000 0.4000 4.9000,
          -0.3344 3.0080 4.9000,
          -0.0000 3.0000 4.9000,
          3.2000 0.0000 4.9000,
          0.9000 0.0000 4.9000,
          0.3344 3.0080 4.9000,
          0.6679 3.0319 4.9000,
          1.0000 3.0718 4.9000,
          3.2000 1.5000 4.9000,
        ] }
        coordIndex [
          0 1 2 -1,
          0 2 3 -1,
          4 1 0 -1,
          5 6 4 -1,
          7 0 8 -1,
          7 4 0 -1,
          9 5 4 -1,
          10 4 7 -1,
          10 9 4 -1,
          11 8 12 -1,
          13 10 7 -1,
          14 13 7 -1,
          15 14 7 -1,
          16 8 11 -1,
          16 7 8 -1,
        ]
      }
    }
    Shape {
      appearance Appearance {
        material Material {
          diffuseColor 0.200 0.200 0.200
          specularColor 0.050 0.050 0.050
          shininess 0.15
        }
      }
      geometry IndexedFaceSet {
        creaseAngle 0.785398
        solid TRUE
        coord Coordinate { point [
          3.2000 1.5000 7.5000,
          3.2000 1.5000 4.9000,
          3.2000 0.0000 4.9000,
          3.2000 0.0000 7.5000,
        ] }
        coordIndex [
          0 1 2 -1,
          0 2 3 -1,
        ]
      }
    }
    Shape {
      appearance Appearance {
        material Material {
          diffuseColor 0.200 0.200 0.200
          specularColor 0.050 0.050 0.050
          shininess 0.15
        }
      }
      geometry IndexedFaceSet {
        creaseAngle 0.785398
        solid TRUE
        coord Coordinate { point [
          -3.2000 1.5000 4.9000,
          -3.2000 1.5000 7.5000,
          -3.2000 -0.0000 4.9000,
          -3.2000 -0.0000 7.5000,
        ] }
        coordIndex [
          0 1 2 -1,
          2 1 3 -1,
        ]
      }
    }
    Shape {
      appearance Appearance {
        material Material {
          diffuseColor 0.200 0.200 0.200
          specularColor 0.050 0.050 0.050
          shininess 0.15
        }
      }
      geometry IndexedFaceSet {
        creaseAngle 0.785398
        solid TRUE
        coord Coordinate { point [
          -7.8804 6.5000 -0.8431,
          -7.9625 6.5000 -0.8011,
          -7.9220 6.5000 -0.8231,
          -8.4204 6.5000 0.0921,
          -8.4239 6.5000 0.0461,
          -8.4250 6.5000 -0.0000,
          -8.4067 6.5000 0.1833,
          -8.4147 6.5000 0.1379,
          -8.3524 6.5000 0.3593,
          -8.3692 6.5000 0.3164,
          -8.3839 6.5000 0.2726,
          -7.1196 6.5000 -0.8431,
          -7.2054 6.5000 -0.8768,
          -7.1621 6.5000 -0.8611,
          -7.0780 6.5000 -0.8231,
          -7.2495 6.5000 -0.8904,
          -6.9981 6.5000 -0.7770,
          -7.0375 6.5000 -0.8011,
          -8.2643 6.5000 0.5211,
          -8.2893 6.5000 0.4823,
          -8.3124 6.5000 0.4424,
          -8.3334 6.5000 0.4013,
          -6.9600 6.5000 -0.7510,
          -6.9233 6.5000 -0.7232,
          -8.2086 6.5000 0.5946,
          -8.2373 6.5000 0.5585,
          -6.8541 6.5000 -0.6622,
          -6.8879 6.5000 -0.6935,
          -6.8219 6.5000 -0.6292,
          -7.4769 6.5000 -0.9247,
          -7.4309 6.5000 -0.9224,
          -7.3850 6.5000 -0.9178,
          -7.3394 6.5000 -0.9109,
          -7.2942 6.5000 -0.9018,
          -8.0767 6.5000 0.7232,
          -8.1121 6.5000 0.6935,
          -8.1459 6.5000 0.6622,
          -8.1781 6.5000 0.6292,
          -6.7627 6.5000 -0.5585,
          -6.7914 6.5000 -0.5946,
          -6.7357 6.5000 -0.5211,
          -7.9625 6.5000 0.8011,
          -8.0019 6.5000 0.7770,
          -8.0400 6.5000 0.7510,
          -6.6876 6.5000 -0.4424,
          -6.7107 6.5000 -0.4823,
          -7.8804 6.5000 0.8431,
          -7.9220 6.5000 0.8231,
          -6.6476 6.5000 -0.3593,
          -6.6666 6.5000 -0.4013,
          -7.7946 6.5000 0.8768,
          -7.8379 6.5000 0.8611,
          -6.5933 6.5000 -0.1833,
          -6.6308 6.5000 -0.3164,
          -6.6161 6.5000 -0.2726,
          -6.6036 6.5000 -0.2283,
          -7.6606 6.5000 0.9109,
          -7.7058 6.5000 0.9018,
          -7.7505 6.5000 0.8904,
          -6.5853 6.5000 -0.1379,
          -7.6150 6.5000 0.9178,
          -6.5796 6.5000 -0.0921,
          -7.5231 6.5000 0.9247,
          -7.5691 6.5000 0.9224,
          -6.5761 6.5000 0.0461,
          -6.5761 6.5000 -0.0461,
          -6.5750 6.5000 -0.0000,
          -6.5796 6.5000 0.0921,
          -7.2942 6.5000 0.9018,
          -7.3394 6.5000 0.9109,
          -7.3850 6.5000 0.9178,
          -7.4309 6.5000 0.9224,
          -7.4769 6.5000 0.9247,
          -6.6036 6.5000 0.2283,
          -6.5853 6.5000 0.1379,
          -6.5933 6.5000 0.1833,
          -7.2495 6.5000 0.8904,
          -6.6161 6.5000 0.2726,
          -7.1621 6.5000 0.8611,
          -7.2054 6.5000 0.8768,
          -6.6476 6.5000 0.3593,
          -6.6308 6.5000 0.3164,
          -7.0780 6.5000 0.8231,
          -7.1196 6.5000 0.8431,
          -6.6876 6.5000 0.4424,
          -6.6666 6.5000 0.4013,
          -6.9981 6.5000 0.7770,
          -7.0375 6.5000 0.8011,
          -6.7357 6.5000 0.5211,
          -6.7107 6.5000 0.4823,
          -6.9600 6.5000 0.7510,
          -6.7914 6.5000 0.5946,
          -6.7627 6.5000 0.5585,
          -6.8541 6.5000 0.6622,
          -6.8219 6.5000 0.6292,
          -6.8879 6.5000 0.6935,
          -6.9233 6.5000 0.7232,
          -8.3964 6.5000 0.2283,
          -8.4239 6.5000 -0.0461,
          -8.4204 6.5000 -0.0921,
          -8.4147 6.5000 -0.1379,
          -8.4067 6.5000 -0.1833,
          -8.3964 6.5000 -0.2283,
          -8.3839 6.5000 -0.2726,
          -8.3692 6.5000 -0.3164,
          -8.3524 6.5000 -0.3593,
          -8.3334 6.5000 -0.4013,
          -8.3124 6.5000 -0.4424,
          -8.2893 6.5000 -0.4823,
          -8.2643 6.5000 -0.5211,
          -8.2373 6.5000 -0.5585,
          -8.2086 6.5000 -0.5946,
          -8.1781 6.5000 -0.6292,
          -8.1459 6.5000 -0.6622,
          -8.1121 6.5000 -0.6935,
          -8.0767 6.5000 -0.7232,
          -8.0400 6.5000 -0.7510,
          -8.0019 6.5000 -0.7770,
          -7.8379 6.5000 -0.8611,
          -7.7946 6.5000 -0.8768,
          -7.7505 6.5000 -0.8904,
          -7.7058 6.5000 -0.9018,
          -7.6606 6.5000 -0.9109,
          -7.6150 6.5000 -0.9178,
          -7.5691 6.5000 -0.9224,
          -7.5231 6.5000 -0.9247,
        ] }
        coordIndex [
          0 1 2 -1,
          3 4 5 -1,
          6 7 3 -1,
          8 9 10 -1,
          11 12 13 -1,
          14 15 12 -1,
          14 12 11 -1,
          16 14 17 -1,
          18 19 20 -1,
          18 20 21 -1,
          22 14 16 -1,
          23 14 22 -1,
          24 25 18 -1,
          24 18 21 -1,
          26 23 27 -1,
          28 23 26 -1,
          28 14 23 -1,
          28 15 14 -1,
          28 29 30 -1,
          28 30 31 -1,
          28 31 32 -1,
          28 32 33 -1,
          28 33 15 -1,
          34 35 36 -1,
          34 36 37 -1,
          34 37 24 -1,
          38 28 39 -1,
          40 28 38 -1,
          41 42 43 -1,
          44 40 45 -1,
          46 47 41 -1,
          46 43 34 -1,
          46 41 43 -1,
          48 40 44 -1,
          48 44 49 -1,
          50 51 46 -1,
          52 53 54 -1,
          52 54 55 -1,
          56 57 58 -1,
          56 58 50 -1,
          56 50 46 -1,
          59 53 52 -1,
          60 56 46 -1,
          61 48 53 -1,
          61 53 59 -1,
          62 63 60 -1,
          64 65 66 -1,
          67 61 65 -1,
          67 65 64 -1,
          68 69 70 -1,
          68 70 71 -1,
          68 71 72 -1,
          73 74 75 -1,
          76 68 72 -1,
          76 72 62 -1,
          77 67 74 -1,
          77 74 73 -1,
          78 79 76 -1,
          80 77 81 -1,
          82 83 78 -1,
          82 78 76 -1,
          84 80 85 -1,
          86 87 82 -1,
          88 84 89 -1,
          90 86 82 -1,
          91 88 92 -1,
          93 77 80 -1,
          93 8 10 -1,
          93 6 3 -1,
          93 91 94 -1,
          93 95 96 -1,
          93 96 90 -1,
          93 88 91 -1,
          93 84 88 -1,
          93 24 21 -1,
          93 80 84 -1,
          93 62 60 -1,
          93 90 82 -1,
          93 28 40 -1,
          93 29 28 -1,
          93 21 8 -1,
          93 82 76 -1,
          93 46 34 -1,
          93 10 97 -1,
          93 1 0 -1,
          93 97 6 -1,
          93 40 48 -1,
          93 5 98 -1,
          93 98 99 -1,
          93 99 100 -1,
          93 100 101 -1,
          93 101 102 -1,
          93 102 103 -1,
          93 67 77 -1,
          93 103 104 -1,
          93 104 105 -1,
          93 105 106 -1,
          93 106 107 -1,
          93 107 108 -1,
          93 108 109 -1,
          93 60 46 -1,
          93 109 110 -1,
          93 110 111 -1,
          93 111 112 -1,
          93 112 113 -1,
          93 113 114 -1,
          93 114 115 -1,
          93 115 116 -1,
          93 116 117 -1,
          93 117 1 -1,
          93 34 24 -1,
          93 0 118 -1,
          93 76 62 -1,
          93 61 67 -1,
          93 118 119 -1,
          93 119 120 -1,
          93 3 5 -1,
          93 120 121 -1,
          93 121 122 -1,
          93 122 123 -1,
          93 123 124 -1,
          93 124 125 -1,
          93 125 29 -1,
          93 48 61 -1,
        ]
      }
    }
    Shape {
      appearance Appearance {
        material Material {
          diffuseColor 0.200 0.200 0.200
          specularColor 0.050 0.050 0.050
          shininess 0.15
        }
      }
      geometry IndexedFaceSet {
        creaseAngle 0.785398
        solid TRUE
        coord Coordinate { point [
          7.3850 6.5000 -0.9178,
          7.2942 6.5000 -0.9018,
          7.3394 6.5000 -0.9109,
          8.3839 6.5000 0.2726,
          8.3692 6.5000 0.3164,
          8.3964 6.5000 0.2283,
          8.3524 6.5000 0.3593,
          7.2054 6.5000 -0.8768,
          7.1196 6.5000 -0.8431,
          7.1621 6.5000 -0.8611,
          7.2495 6.5000 -0.8904,
          7.0780 6.5000 -0.8231,
          8.3334 6.5000 0.4013,
          8.2893 6.5000 0.4823,
          8.3124 6.5000 0.4424,
          6.9981 6.5000 -0.7770,
          7.0375 6.5000 -0.8011,
          6.9600 6.5000 -0.7510,
          6.9233 6.5000 -0.7232,
          8.2373 6.5000 0.5585,
          8.1781 6.5000 0.6292,
          8.2643 6.5000 0.5211,
          8.2086 6.5000 0.5946,
          6.8541 6.5000 -0.6622,
          6.8879 6.5000 -0.6935,
          8.1459 6.5000 0.6622,
          8.4067 6.5000 0.1833,
          8.1121 6.5000 0.6935,
          8.0767 6.5000 0.7232,
          6.8219 6.5000 -0.6292,
          6.7627 6.5000 -0.5585,
          6.7914 6.5000 -0.5946,
          8.0400 6.5000 0.7510,
          6.7357 6.5000 -0.5211,
          6.6876 6.5000 -0.4424,
          6.7107 6.5000 -0.4823,
          7.4309 6.5000 -0.9224,
          7.4769 6.5000 -0.9247,
          7.5231 6.5000 -0.9247,
          7.5691 6.5000 -0.9224,
          7.6150 6.5000 -0.9178,
          7.6606 6.5000 -0.9109,
          7.7058 6.5000 -0.9018,
          7.9625 6.5000 0.8011,
          7.9220 6.5000 0.8231,
          8.0019 6.5000 0.7770,
          6.6476 6.5000 -0.3593,
          6.6666 6.5000 -0.4013,
          7.8804 6.5000 0.8431,
          7.8379 6.5000 0.8611,
          6.6161 6.5000 -0.2726,
          6.5933 6.5000 -0.1833,
          6.6036 6.5000 -0.2283,
          6.6308 6.5000 -0.3164,
          7.7505 6.5000 0.8904,
          7.6606 6.5000 0.9109,
          7.7946 6.5000 0.8768,
          7.7058 6.5000 0.9018,
          6.5796 6.5000 -0.0921,
          6.5853 6.5000 -0.1379,
          6.5761 6.5000 -0.0461,
          7.5231 6.5000 0.9247,
          8.3524 6.5000 -0.3593,
          8.3334 6.5000 -0.4013,
          8.3692 6.5000 -0.3164,
          8.3839 6.5000 -0.2726,
          8.3964 6.5000 -0.2283,
          8.4067 6.5000 -0.1833,
          8.4147 6.5000 -0.1379,
          8.4204 6.5000 -0.0921,
          8.4239 6.5000 -0.0461,
          8.4250 6.5000 -0.0000,
          8.4239 6.5000 0.0461,
          8.4204 6.5000 0.0921,
          8.4147 6.5000 0.1379,
          7.6150 6.5000 0.9178,
          7.5691 6.5000 0.9224,
          6.5750 6.5000 -0.0000,
          7.4769 6.5000 0.9247,
          7.3850 6.5000 0.9178,
          7.4309 6.5000 0.9224,
          6.5761 6.5000 0.0461,
          6.5853 6.5000 0.1379,
          6.5796 6.5000 0.0921,
          6.5933 6.5000 0.1833,
          7.3394 6.5000 0.9109,
          7.2495 6.5000 0.8904,
          7.2942 6.5000 0.9018,
          6.6161 6.5000 0.2726,
          6.6036 6.5000 0.2283,
          6.6308 6.5000 0.3164,
          7.1621 6.5000 0.8611,
          7.1196 6.5000 0.8431,
          7.2054 6.5000 0.8768,
          7.0780 6.5000 0.8231,
          7.0375 6.5000 0.8011,
          6.7107 6.5000 0.4823,
          6.6666 6.5000 0.4013,
          6.6876 6.5000 0.4424,
          6.6476 6.5000 0.3593,
          6.9981 6.5000 0.7770,
          6.9600 6.5000 0.7510,
          6.8541 6.5000 0.6622,
          6.9233 6.5000 0.7232,
          6.8879 6.5000 0.6935,
          6.7914 6.5000 0.5946,
          6.8219 6.5000 0.6292,
          6.7627 6.5000 0.5585,
          6.7357 6.5000 0.5211,
          7.7505 6.5000 -0.8904,
          7.7946 6.5000 -0.8768,
          7.8379 6.5000 -0.8611,
          7.8804 6.5000 -0.8431,
          7.9220 6.5000 -0.8231,
          7.9625 6.5000 -0.8011,
          8.0019 6.5000 -0.7770,
          8.0400 6.5000 -0.7510,
          8.0767 6.5000 -0.7232,
          8.1121 6.5000 -0.6935,
          8.1459 6.5000 -0.6622,
          8.1781 6.5000 -0.6292,
          8.2086 6.5000 -0.5946,
          8.2373 6.5000 -0.5585,
          8.2643 6.5000 -0.5211,
          8.2893 6.5000 -0.4823,
          8.3124 6.5000 -0.4424,
        ] }
        coordIndex [
          0 1 2 -1,
          3 4 5 -1,
          4 6 5 -1,
          7 8 9 -1,
          10 8 7 -1,
          10 11 8 -1,
          1 11 10 -1,
          12 13 6 -1,
          14 13 12 -1,
          11 15 16 -1,
          11 17 15 -1,
          11 18 17 -1,
          19 20 21 -1,
          22 20 19 -1,
          18 23 24 -1,
          11 23 18 -1,
          13 25 6 -1,
          6 25 5 -1,
          20 25 21 -1,
          5 25 26 -1,
          21 25 13 -1,
          27 28 25 -1,
          29 30 31 -1,
          23 30 29 -1,
          28 32 25 -1,
          23 33 30 -1,
          0 34 1 -1,
          33 34 35 -1,
          36 34 0 -1,
          37 34 36 -1,
          38 34 37 -1,
          39 34 38 -1,
          40 34 39 -1,
          41 34 40 -1,
          42 34 41 -1,
          11 34 23 -1,
          23 34 33 -1,
          1 34 11 -1,
          43 44 45 -1,
          34 46 47 -1,
          48 49 44 -1,
          50 51 52 -1,
          53 51 50 -1,
          46 51 53 -1,
          54 55 56 -1,
          57 55 54 -1,
          51 58 59 -1,
          51 60 58 -1,
          55 61 56 -1,
          62 61 63 -1,
          25 61 26 -1,
          64 61 62 -1,
          65 61 64 -1,
          32 61 25 -1,
          66 61 65 -1,
          67 61 66 -1,
          68 61 67 -1,
          69 61 68 -1,
          70 61 69 -1,
          71 61 70 -1,
          72 61 71 -1,
          73 61 72 -1,
          74 61 73 -1,
          26 61 74 -1,
          44 61 45 -1,
          45 61 32 -1,
          49 61 44 -1,
          56 61 49 -1,
          75 61 55 -1,
          76 61 75 -1,
          51 77 60 -1,
          46 77 51 -1,
          78 79 61 -1,
          80 79 78 -1,
          81 82 83 -1,
          77 82 81 -1,
          77 84 82 -1,
          85 86 79 -1,
          87 86 85 -1,
          84 88 89 -1,
          84 90 88 -1,
          91 92 93 -1,
          94 95 92 -1,
          84 96 90 -1,
          97 96 98 -1,
          99 96 97 -1,
          90 96 99 -1,
          100 101 95 -1,
          93 102 86 -1,
          103 102 101 -1,
          104 102 103 -1,
          105 102 106 -1,
          107 102 105 -1,
          108 102 107 -1,
          96 102 108 -1,
          92 102 93 -1,
          79 102 61 -1,
          46 102 77 -1,
          109 102 42 -1,
          110 102 109 -1,
          111 102 110 -1,
          112 102 111 -1,
          113 102 112 -1,
          114 102 113 -1,
          115 102 114 -1,
          116 102 115 -1,
          117 102 116 -1,
          118 102 117 -1,
          119 102 118 -1,
          120 102 119 -1,
          121 102 120 -1,
          84 102 96 -1,
          122 102 121 -1,
          123 102 122 -1,
          124 102 123 -1,
          125 102 124 -1,
          63 102 125 -1,
          101 102 95 -1,
          42 102 34 -1,
          61 102 63 -1,
          77 102 84 -1,
          95 102 92 -1,
          34 102 46 -1,
          86 102 79 -1,
        ]
      }
    }
    Shape {
      appearance Appearance {
        material Material {
          diffuseColor 0.200 0.200 0.200
          specularColor 0.050 0.050 0.050
          shininess 0.15
        }
      }
      geometry IndexedFaceSet {
        creaseAngle 0.785398
        solid TRUE
        coord Coordinate { point [
          -9.3430 5.3050 7.5000,
          -10.0000 -0.0000 7.5000,
          -9.3082 5.2693 7.5000,
          -9.2716 5.2353 7.5000,
          -9.3760 5.3423 7.5000,
          -9.2334 5.2033 7.5000,
          -9.4071 5.3813 7.5000,
          -9.1937 5.1732 7.5000,
          -9.4362 5.4218 7.5000,
          -9.1525 5.1451 7.5000,
          -9.4632 5.4637 7.5000,
          -9.1099 5.1191 7.5000,
          -9.4881 5.5069 7.5000,
          -9.0661 5.0953 7.5000,
          -9.5109 5.5512 7.5000,
          -9.0212 5.0736 7.5000,
          -9.5314 5.5967 7.5000,
          -8.9753 5.0543 7.5000,
          -9.5496 5.6431 7.5000,
          -8.9284 5.0372 7.5000,
          -9.5655 5.6904 7.5000,
          -8.8808 5.0225 7.5000,
          -9.5790 5.7384 7.5000,
          -8.8324 5.0102 7.5000,
          -9.5901 5.7870 7.5000,
          -8.7836 5.0003 7.5000,
          -9.5988 5.8361 7.5000,
          -8.7343 4.9929 7.5000,
          -9.6050 5.8856 7.5000,
          -8.6847 4.9879 7.5000,
          -9.6087 5.9353 7.5000,
          -8.6349 4.9854 7.5000,
          -8.5850 4.9854 7.5000,
          -8.5352 4.9879 7.5000,
          -8.4856 4.9929 7.5000,
          -8.4363 5.0003 7.5000,
          -8.3874 5.0102 7.5000,
          -8.3391 5.0225 7.5000,
          -8.2914 5.0372 7.5000,
          -8.2446 5.0543 7.5000,
          -3.2000 1.5000 7.5000,
          -8.1986 5.0736 7.5000,
          -3.2000 -0.0000 7.5000,
          -4.9390 5.0396 7.5000,
          -7.9117 5.2693 7.5000,
          -7.9482 5.2353 7.5000,
          -7.9864 5.2033 7.5000,
          -8.0262 5.1732 7.5000,
          -5.1771 5.2886 7.5000,
          -7.8128 5.3813 7.5000,
          -7.8439 5.3423 7.5000,
          -7.8769 5.3050 7.5000,
          -4.6890 4.8026 7.5000,
          -8.0674 5.1451 7.5000,
          -8.1099 5.1191 7.5000,
          -8.1537 5.0953 7.5000,
          -5.4027 5.5490 7.5000,
          -7.7317 5.5069 7.5000,
          -7.7566 5.4637 7.5000,
          -7.7837 5.4218 7.5000,
          -4.4276 4.5782 7.5000,
          -5.6151 5.8202 7.5000,
          -7.6544 5.6904 7.5000,
          -7.6702 5.6431 7.5000,
          -7.6884 5.5967 7.5000,
          -7.7090 5.5512 7.5000,
          -4.1555 4.3669 7.5000,
          -5.8140 6.1016 7.5000,
          -7.6149 5.8856 7.5000,
          -7.6211 5.8361 7.5000,
          -7.6298 5.7870 7.5000,
          -7.6408 5.7384 7.5000,
          -3.8733 4.1692 7.5000,
          -5.9988 6.3924 7.5000,
          -7.6149 6.0847 7.5000,
          -7.6112 6.0350 7.5000,
          -7.6099 5.9851 7.5000,
          -7.6112 5.9353 7.5000,
          -3.5817 3.9857 7.5000,
          -6.1690 6.6919 7.5000,
          -7.6544 6.2799 7.5000,
          -7.6408 6.2319 7.5000,
          -7.6298 6.1833 7.5000,
          -7.6211 6.1342 7.5000,
          -3.2814 3.8168 7.5000,
          -6.3243 6.9994 7.5000,
          -7.7317 6.4634 7.5000,
          -7.7090 6.4190 7.5000,
          -7.6884 6.3736 7.5000,
          -7.6702 6.3271 7.5000,
          -2.9732 3.6628 7.5000,
          -6.4643 7.3142 7.5000,
          -7.8769 6.6653 7.5000,
          -7.8439 6.6279 7.5000,
          -7.8128 6.5889 7.5000,
          -7.7837 6.5484 7.5000,
          -7.7566 6.5066 7.5000,
          -2.6578 3.5242 7.5000,
          -6.5886 7.6355 7.5000,
          -8.0262 6.7971 7.5000,
          -7.9864 6.7670 7.5000,
          -7.9482 6.7349 7.5000,
          -7.9117 6.7010 7.5000,
          -2.3360 3.4013 7.5000,
          -6.6969 7.9626 7.5000,
          -8.1986 6.8966 7.5000,
          -8.1537 6.8750 7.5000,
          -8.1099 6.8512 7.5000,
          -8.0674 6.8252 7.5000,
          -2.0085 3.2943 7.5000,
          -6.7891 8.2946 7.5000,
          -8.3874 6.9601 7.5000,
          -8.3391 6.9478 7.5000,
          -8.2914 6.9331 7.5000,
          -8.2446 6.9160 7.5000,
          -1.6761 3.2036 7.5000,
          -1.0000 1.5000 7.5000,
          -6.8648 8.6307 7.5000,
          -8.5352 6.9823 7.5000,
          -8.4856 6.9774 7.5000,
          -8.4363 6.9699 7.5000,
          -1.3397 3.1294 7.5000,
          -6.9238 8.9701 7.5000,
          -8.6847 6.9823 7.5000,
          -8.6349 6.9848 7.5000,
          -8.5850 6.9848 7.5000,
          -1.0000 3.0718 7.5000,
          -6.9661 9.3120 7.5000,
          -8.8324 6.9601 7.5000,
          -8.7836 6.9699 7.5000,
          -8.7343 6.9774 7.5000,
          -6.9915 9.6556 7.5000,
          -8.9753 6.9160 7.5000,
          -8.9284 6.9331 7.5000,
          -8.8808 6.9478 7.5000,
          -7.0000 10.0000 7.5000,
          -9.0661 6.8750 7.5000,
          -9.0212 6.8966 7.5000,
          -6.9913 10.3489 7.5000,
          -9.1525 6.8252 7.5000,
          -9.1099 6.8512 7.5000,
          -6.9652 10.6970 7.5000,
          -9.2334 6.7670 7.5000,
          -9.1937 6.7971 7.5000,
          -6.9218 11.0433 7.5000,
          -9.3082 6.7010 7.5000,
          -9.2716 6.7349 7.5000,
          1.3397 3.1294 7.5000,
          1.0000 3.0718 7.5000,
          1.0000 1.5000 7.5000,
          -6.8612 11.3870 7.5000,
          -9.3430 6.6653 7.5000,
          1.6761 3.2036 7.5000,
          3.2000 1.5000 7.5000,
          2.0085 3.2943 7.5000,
          2.3360 3.4013 7.5000,
          2.6578 3.5242 7.5000,
          2.9732 3.6628 7.5000,
          3.2814 3.8168 7.5000,
          3.5817 3.9857 7.5000,
          3.8733 4.1692 7.5000,
          4.1555 4.3669 7.5000,
          4.4276 4.5782 7.5000,
          10.0000 0.0000 7.5000,
          3.2000 0.0000 7.5000,
          -10.0000 21.1000 7.5000,
          -6.7835 11.7273 7.5000,
          -6.6890 12.0633 7.5000,
          -6.5778 12.3941 7.5000,
          -6.4503 12.7190 7.5000,
          -9.5901 6.1833 7.5000,
          -9.5790 6.2319 7.5000,
          -6.3068 13.0372 7.5000,
          -9.5655 6.2799 7.5000,
          -6.1476 13.3478 7.5000,
          -9.5496 6.3271 7.5000,
          -5.9730 13.6500 7.5000,
          -9.5314 6.3736 7.5000,
          -5.7837 13.9432 7.5000,
          -9.5109 6.4190 7.5000,
          -5.5799 14.2266 7.5000,
          -9.4881 6.4634 7.5000,
          -5.3623 14.4995 7.5000,
          -9.4632 6.5066 7.5000,
          -5.1314 14.7612 7.5000,
          -9.4362 6.5484 7.5000,
          -4.8877 15.0111 7.5000,
          -9.4071 6.5889 7.5000,
          -4.6318 15.2485 7.5000,
          -9.3760 6.6279 7.5000,
          -4.3644 15.4728 7.5000,
          -4.0862 15.6836 7.5000,
          -3.7978 15.8802 7.5000,
          -3.5000 16.0622 7.5000,
          -3.1935 16.2291 7.5000,
          7.9117 5.2693 7.5000,
          5.1771 5.2886 7.5000,
          4.9390 5.0396 7.5000,
          7.8769 5.3050 7.5000,
          7.9482 5.2353 7.5000,
          7.8439 5.3423 7.5000,
          7.9864 5.2033 7.5000,
          7.8128 5.3813 7.5000,
          5.4027 5.5490 7.5000,
          8.0262 5.1732 7.5000,
          4.6890 4.8026 7.5000,
          7.7837 5.4218 7.5000,
          8.0674 5.1451 7.5000,
          7.7566 5.4637 7.5000,
          8.1099 5.1191 7.5000,
          7.7317 5.5069 7.5000,
          5.6151 5.8202 7.5000,
          8.1537 5.0953 7.5000,
          7.7090 5.5512 7.5000,
          8.1986 5.0736 7.5000,
          7.6884 5.5967 7.5000,
          8.2446 5.0543 7.5000,
          7.6702 5.6431 7.5000,
          8.2914 5.0372 7.5000,
          7.6544 5.6904 7.5000,
          5.8140 6.1016 7.5000,
          8.3391 5.0225 7.5000,
          7.6408 5.7384 7.5000,
          8.3874 5.0102 7.5000,
          7.6298 5.7870 7.5000,
          8.4363 5.0003 7.5000,
          7.6211 5.8361 7.5000,
          8.4856 4.9929 7.5000,
          7.6149 5.8856 7.5000,
          5.9988 6.3924 7.5000,
          8.5352 4.9879 7.5000,
          7.6112 5.9353 7.5000,
          8.5850 4.9854 7.5000,
          7.6099 5.9851 7.5000,
          8.6349 4.9854 7.5000,
          7.6112 6.0350 7.5000,
          8.6847 4.9879 7.5000,
          7.6149 6.0847 7.5000,
          6.1690 6.6919 7.5000,
          8.7343 4.9929 7.5000,
          7.6211 6.1342 7.5000,
          8.7836 5.0003 7.5000,
          7.6298 6.1833 7.5000,
          8.8324 5.0102 7.5000,
          7.6408 6.2319 7.5000,
          8.8808 5.0225 7.5000,
          7.6544 6.2799 7.5000,
          6.3243 6.9994 7.5000,
          8.9284 5.0372 7.5000,
          7.6702 6.3271 7.5000,
          8.9753 5.0543 7.5000,
          7.6884 6.3736 7.5000,
          9.0212 5.0736 7.5000,
          7.7090 6.4190 7.5000,
          9.0661 5.0953 7.5000,
          7.7317 6.4634 7.5000,
          6.4643 7.3142 7.5000,
          9.1099 5.1191 7.5000,
          7.7566 6.5066 7.5000,
          9.1525 5.1451 7.5000,
          7.7837 6.5484 7.5000,
          9.1937 5.1732 7.5000,
          7.8128 6.5889 7.5000,
          9.2334 5.2033 7.5000,
          7.8439 6.6279 7.5000,
          9.2716 5.2353 7.5000,
          7.8769 6.6653 7.5000,
          6.5886 7.6355 7.5000,
          9.3082 5.2693 7.5000,
          7.9117 6.7010 7.5000,
          9.3430 5.3050 7.5000,
          7.9482 6.7349 7.5000,
          9.3760 5.3423 7.5000,
          7.9864 6.7670 7.5000,
          9.4071 5.3813 7.5000,
          8.0262 6.7971 7.5000,
          6.6969 7.9626 7.5000,
          9.4362 5.4218 7.5000,
          8.0674 6.8252 7.5000,
          9.4632 5.4637 7.5000,
          8.1099 6.8512 7.5000,
          9.4881 5.5069 7.5000,
          8.1537 6.8750 7.5000,
          9.5109 5.5512 7.5000,
          8.1986 6.8966 7.5000,
          6.7891 8.2946 7.5000,
          9.5314 5.5967 7.5000,
          8.2446 6.9160 7.5000,
          9.5496 5.6431 7.5000,
          8.2914 6.9331 7.5000,
          9.5655 5.6904 7.5000,
          8.3391 6.9478 7.5000,
          9.5790 5.7384 7.5000,
          8.3874 6.9601 7.5000,
          9.5901 5.7870 7.5000,
          9.5988 5.8361 7.5000,
          9.6050 5.8856 7.5000,
          6.8648 8.6307 7.5000,
          8.4363 6.9699 7.5000,
          8.4856 6.9774 7.5000,
          8.5352 6.9823 7.5000,
          9.6087 5.9353 7.5000,
          6.9238 8.9701 7.5000,
          8.5850 6.9848 7.5000,
          8.6349 6.9848 7.5000,
          8.6847 6.9823 7.5000,
          6.9661 9.3120 7.5000,
          8.7343 6.9774 7.5000,
          8.7836 6.9699 7.5000,
          8.8324 6.9601 7.5000,
          6.9915 9.6556 7.5000,
          8.8808 6.9478 7.5000,
          8.9284 6.9331 7.5000,
          8.9753 6.9160 7.5000,
          7.0000 10.0000 7.5000,
          9.0212 6.8966 7.5000,
          9.0661 6.8750 7.5000,
          6.9913 10.3489 7.5000,
          9.1099 6.8512 7.5000,
          9.1525 6.8252 7.5000,
          6.9652 10.6970 7.5000,
          9.1937 6.7971 7.5000,
          9.2334 6.7670 7.5000,
          6.9218 11.0433 7.5000,
          9.2716 6.7349 7.5000,
          9.3082 6.7010 7.5000,
          -0.7331 18.8198 7.5000,
          -1.2155 16.8937 7.5000,
          -0.6982 18.7841 7.5000,
          -1.5576 16.8245 7.5000,
          -0.6617 18.7502 7.5000,
          -0.7660 18.8572 7.5000,
          -0.6235 18.7182 7.5000,
          -0.7971 18.8962 7.5000,
          -0.5837 18.6881 7.5000,
          -0.8704 16.9457 7.5000,
          -0.8262 18.9367 7.5000,
          -0.5425 18.6600 7.5000,
          -0.8533 18.9786 7.5000,
          -1.8959 16.7384 7.5000,
          -0.5000 18.6340 7.5000,
          -0.8782 19.0217 7.5000,
          -0.4562 18.6101 7.5000,
          -0.9010 19.0661 7.5000,
          -0.4113 18.5885 7.5000,
          -0.5231 16.9804 7.5000,
          -0.9215 19.1116 7.5000,
          -2.2294 16.6355 7.5000,
          -0.3653 18.5691 7.5000,
          -0.9397 19.1580 7.5000,
          -0.3185 18.5521 7.5000,
          6.8612 11.3870 7.5000,
          9.3430 6.6653 7.5000,
          -0.9556 19.2052 7.5000,
          -0.2708 18.5374 7.5000,
          -0.9691 19.2532 7.5000,
          -2.5574 16.5161 7.5000,
          -0.2225 18.5251 7.5000,
          -0.1745 16.9978 7.5000,
          -0.9802 19.3019 7.5000,
          -0.1736 18.5152 7.5000,
          -0.9888 19.3510 7.5000,
          -0.1243 18.5078 7.5000,
          -0.9950 19.4004 7.5000,
          -2.8790 16.3805 7.5000,
          -0.0747 18.5028 7.5000,
          -0.9988 19.4502 7.5000,
          -0.0249 18.5003 7.5000,
          -1.0000 19.5000 7.5000,
          0.0249 18.5003 7.5000,
          0.1745 16.9978 7.5000,
          -0.9988 19.5498 7.5000,
          0.0747 18.5028 7.5000,
          -0.9950 19.5996 7.5000,
          0.1243 18.5078 7.5000,
          -0.9888 19.6490 7.5000,
          0.1736 18.5152 7.5000,
          -0.9802 19.6981 7.5000,
          0.2225 18.5251 7.5000,
          0.5231 16.9804 7.5000,
          -0.9691 19.7468 7.5000,
          0.2708 18.5374 7.5000,
          -0.9556 19.7948 7.5000,
          0.3185 18.5521 7.5000,
          -0.9397 19.8420 7.5000,
          0.3653 18.5691 7.5000,
          -0.9215 19.8884 7.5000,
          0.4113 18.5885 7.5000,
          0.8704 16.9457 7.5000,
          -0.9010 19.9339 7.5000,
          0.4562 18.6101 7.5000,
          -0.8782 19.9783 7.5000,
          0.5000 18.6340 7.5000,
          -0.8533 20.0214 7.5000,
          0.5425 18.6600 7.5000,
          -0.8262 20.0633 7.5000,
          0.5837 18.6881 7.5000,
          1.2155 16.8937 7.5000,
          -0.7971 20.1038 7.5000,
          0.6235 18.7182 7.5000,
          -0.7660 20.1428 7.5000,
          0.6617 18.7502 7.5000,
          -0.7331 20.1802 7.5000,
          0.6982 18.7841 7.5000,
          -0.6982 20.2159 7.5000,
          0.7331 18.8198 7.5000,
          1.5576 16.8245 7.5000,
          -0.6617 20.2498 7.5000,
          0.7660 18.8572 7.5000,
          -0.6235 20.2818 7.5000,
          0.7971 18.8962 7.5000,
          -0.5837 20.3119 7.5000,
          0.8262 18.9367 7.5000,
          -0.5425 20.3400 7.5000,
          0.8533 18.9786 7.5000,
          1.8959 16.7384 7.5000,
          -0.5000 20.3660 7.5000,
          0.8782 19.0217 7.5000,
          -0.4562 20.3899 7.5000,
          0.9010 19.0661 7.5000,
          -0.4113 20.4115 7.5000,
          0.9215 19.1116 7.5000,
          2.2294 16.6355 7.5000,
          -0.3653 20.4309 7.5000,
          0.9397 19.1580 7.5000,
          0.9556 19.2052 7.5000,
          0.9691 19.2532 7.5000,
          2.5574 16.5161 7.5000,
          0.9802 19.3019 7.5000,
          0.9888 19.3510 7.5000,
          0.9950 19.4004 7.5000,
          2.8790 16.3805 7.5000,
          0.9988 19.4502 7.5000,
          1.0000 19.5000 7.5000,
          3.1935 16.2291 7.5000,
          0.9988 19.5498 7.5000,
          0.9950 19.5996 7.5000,
          10.0000 21.1000 7.5000,
          0.3653 20.4309 7.5000,
          0.4113 20.4115 7.5000,
          0.4562 20.3899 7.5000,
          0.5000 20.3660 7.5000,
          0.5425 20.3400 7.5000,
          0.5837 20.3119 7.5000,
          0.6235 20.2818 7.5000,
          0.6617 20.2498 7.5000,
          0.6982 20.2159 7.5000,
          0.7331 20.1802 7.5000,
          0.7660 20.1428 7.5000,
          0.7971 20.1038 7.5000,
          0.8262 20.0633 7.5000,
          0.8533 20.0214 7.5000,
          0.8782 19.9783 7.5000,
          0.9010 19.9339 7.5000,
          0.9215 19.8884 7.5000,
          0.9397 19.8420 7.5000,
          0.9556 19.7948 7.5000,
          0.9691 19.7468 7.5000,
          0.9802 19.6981 7.5000,
          0.9888 19.6490 7.5000,
          9.3760 6.6279 7.5000,
          9.4071 6.5889 7.5000,
          9.4362 6.5484 7.5000,
          9.4632 6.5066 7.5000,
          9.4881 6.4634 7.5000,
          9.5109 6.4190 7.5000,
          9.5314 6.3736 7.5000,
          9.5496 6.3271 7.5000,
          9.5655 6.2799 7.5000,
          9.5790 6.2319 7.5000,
          9.5901 6.1833 7.5000,
          3.5000 16.0622 7.5000,
          3.7978 15.8802 7.5000,
          4.0862 15.6836 7.5000,
          4.3644 15.4728 7.5000,
          4.6318 15.2485 7.5000,
          4.8877 15.0111 7.5000,
          5.1314 14.7612 7.5000,
          5.3623 14.4995 7.5000,
          5.5799 14.2266 7.5000,
          5.7837 13.9432 7.5000,
          5.9730 13.6500 7.5000,
          6.1476 13.3478 7.5000,
          6.3068 13.0372 7.5000,
          6.4503 12.7190 7.5000,
          6.5778 12.3941 7.5000,
          6.6890 12.0633 7.5000,
          6.7835 11.7273 7.5000,
          9.6099 5.9851 7.5000,
          9.6087 6.0350 7.5000,
          9.6050 6.0847 7.5000,
          9.5988 6.1342 7.5000,
          -0.0249 20.4997 7.5000,
          -0.0747 20.4972 7.5000,
          -0.1243 20.4922 7.5000,
          -0.1736 20.4848 7.5000,
          -0.2225 20.4749 7.5000,
          -0.2708 20.4626 7.5000,
          -0.3185 20.4479 7.5000,
          0.0249 20.4997 7.5000,
          0.0747 20.4972 7.5000,
          0.1243 20.4922 7.5000,
          0.1736 20.4848 7.5000,
          0.2225 20.4749 7.5000,
          0.2708 20.4626 7.5000,
          0.3185 20.4479 7.5000,
          -9.6099 5.9851 7.5000,
          -9.6087 6.0350 7.5000,
          -9.6050 6.0847 7.5000,
          -9.5988 6.1342 7.5000,
        ] }
        coordIndex [
          0 1 2 -1,
          3 2 1 -1,
          4 1 0 -1,
          5 3 1 -1,
          6 1 4 -1,
          7 5 1 -1,
          8 1 6 -1,
          9 7 1 -1,
          10 1 8 -1,
          11 9 1 -1,
          12 1 10 -1,
          13 11 1 -1,
          14 1 12 -1,
          15 13 1 -1,
          16 1 14 -1,
          17 15 1 -1,
          18 1 16 -1,
          19 17 1 -1,
          20 1 18 -1,
          21 19 1 -1,
          22 1 20 -1,
          23 21 1 -1,
          24 1 22 -1,
          25 23 1 -1,
          26 1 24 -1,
          27 25 1 -1,
          28 1 26 -1,
          29 27 1 -1,
          30 1 28 -1,
          31 29 1 -1,
          32 31 1 -1,
          33 32 1 -1,
          34 33 1 -1,
          35 34 1 -1,
          36 35 1 -1,
          37 36 1 -1,
          38 37 1 -1,
          39 38 1 -1,
          40 41 39 -1,
          40 1 42 -1,
          40 39 1 -1,
          43 44 45 -1,
          43 45 46 -1,
          43 46 47 -1,
          48 44 43 -1,
          48 49 50 -1,
          48 50 51 -1,
          48 51 44 -1,
          52 47 53 -1,
          52 53 54 -1,
          52 54 55 -1,
          52 43 47 -1,
          56 57 58 -1,
          56 58 59 -1,
          56 59 49 -1,
          56 49 48 -1,
          60 55 41 -1,
          60 52 55 -1,
          60 41 40 -1,
          61 57 56 -1,
          61 62 63 -1,
          61 63 64 -1,
          61 64 65 -1,
          61 65 57 -1,
          66 60 40 -1,
          67 62 61 -1,
          67 68 69 -1,
          67 69 70 -1,
          67 70 71 -1,
          67 71 62 -1,
          72 66 40 -1,
          73 74 75 -1,
          73 75 76 -1,
          73 68 67 -1,
          73 76 77 -1,
          73 77 68 -1,
          78 72 40 -1,
          79 80 81 -1,
          79 81 82 -1,
          79 82 83 -1,
          79 83 74 -1,
          79 74 73 -1,
          84 78 40 -1,
          85 80 79 -1,
          85 86 87 -1,
          85 87 88 -1,
          85 88 89 -1,
          85 89 80 -1,
          90 84 40 -1,
          91 86 85 -1,
          91 92 93 -1,
          91 93 94 -1,
          91 94 95 -1,
          91 95 96 -1,
          91 96 86 -1,
          97 90 40 -1,
          98 92 91 -1,
          98 99 100 -1,
          98 100 101 -1,
          98 101 102 -1,
          98 102 92 -1,
          103 97 40 -1,
          104 105 106 -1,
          104 106 107 -1,
          104 107 108 -1,
          104 108 99 -1,
          104 99 98 -1,
          109 103 40 -1,
          110 111 112 -1,
          110 112 113 -1,
          110 113 114 -1,
          110 114 105 -1,
          110 105 104 -1,
          115 109 40 -1,
          115 40 116 -1,
          117 111 110 -1,
          117 118 119 -1,
          117 119 120 -1,
          117 120 111 -1,
          121 115 116 -1,
          122 118 117 -1,
          122 123 124 -1,
          122 124 125 -1,
          122 125 118 -1,
          126 121 116 -1,
          127 123 122 -1,
          127 128 129 -1,
          127 129 130 -1,
          127 130 123 -1,
          131 128 127 -1,
          131 132 133 -1,
          131 133 134 -1,
          131 134 128 -1,
          135 132 131 -1,
          135 136 137 -1,
          135 137 132 -1,
          138 136 135 -1,
          138 139 140 -1,
          138 140 136 -1,
          141 139 138 -1,
          141 142 143 -1,
          141 143 139 -1,
          144 142 141 -1,
          144 145 146 -1,
          144 146 142 -1,
          147 148 149 -1,
          150 145 144 -1,
          150 151 145 -1,
          152 149 153 -1,
          152 147 149 -1,
          154 152 153 -1,
          155 154 153 -1,
          156 155 153 -1,
          157 156 153 -1,
          158 157 153 -1,
          159 158 153 -1,
          160 159 153 -1,
          161 160 153 -1,
          162 161 153 -1,
          163 153 164 -1,
          165 150 166 -1,
          165 151 150 -1,
          165 166 167 -1,
          165 167 168 -1,
          165 168 169 -1,
          165 170 171 -1,
          165 169 172 -1,
          165 171 173 -1,
          165 172 174 -1,
          165 173 175 -1,
          165 174 176 -1,
          165 175 177 -1,
          165 176 178 -1,
          165 177 179 -1,
          165 178 180 -1,
          165 179 181 -1,
          165 180 182 -1,
          165 181 183 -1,
          165 182 184 -1,
          165 183 185 -1,
          165 184 186 -1,
          165 185 187 -1,
          165 186 188 -1,
          165 187 189 -1,
          165 189 151 -1,
          190 165 188 -1,
          191 165 190 -1,
          192 165 191 -1,
          193 165 192 -1,
          194 165 193 -1,
          195 196 197 -1,
          198 196 195 -1,
          199 195 197 -1,
          200 196 198 -1,
          201 199 197 -1,
          202 203 196 -1,
          202 196 200 -1,
          204 197 205 -1,
          204 201 197 -1,
          206 203 202 -1,
          207 204 205 -1,
          208 203 206 -1,
          209 207 205 -1,
          210 211 203 -1,
          210 203 208 -1,
          212 205 162 -1,
          212 209 205 -1,
          213 211 210 -1,
          214 212 162 -1,
          214 162 153 -1,
          215 211 213 -1,
          216 214 153 -1,
          216 153 163 -1,
          217 211 215 -1,
          218 216 163 -1,
          219 220 211 -1,
          219 211 217 -1,
          221 218 163 -1,
          222 220 219 -1,
          223 221 163 -1,
          224 220 222 -1,
          225 223 163 -1,
          226 220 224 -1,
          227 225 163 -1,
          228 229 220 -1,
          228 220 226 -1,
          230 227 163 -1,
          231 229 228 -1,
          232 230 163 -1,
          233 229 231 -1,
          234 232 163 -1,
          235 229 233 -1,
          236 234 163 -1,
          237 238 229 -1,
          237 229 235 -1,
          239 236 163 -1,
          240 238 237 -1,
          241 239 163 -1,
          242 238 240 -1,
          243 241 163 -1,
          244 238 242 -1,
          245 243 163 -1,
          246 247 238 -1,
          246 238 244 -1,
          248 245 163 -1,
          249 247 246 -1,
          250 248 163 -1,
          251 247 249 -1,
          252 250 163 -1,
          253 247 251 -1,
          254 252 163 -1,
          255 256 247 -1,
          255 247 253 -1,
          257 254 163 -1,
          258 256 255 -1,
          259 257 163 -1,
          260 256 258 -1,
          261 259 163 -1,
          262 256 260 -1,
          263 261 163 -1,
          264 256 262 -1,
          265 263 163 -1,
          266 267 256 -1,
          266 256 264 -1,
          268 265 163 -1,
          269 267 266 -1,
          270 268 163 -1,
          271 267 269 -1,
          272 270 163 -1,
          273 267 271 -1,
          274 272 163 -1,
          275 276 267 -1,
          275 267 273 -1,
          277 274 163 -1,
          278 276 275 -1,
          279 277 163 -1,
          280 276 278 -1,
          281 279 163 -1,
          282 276 280 -1,
          283 281 163 -1,
          284 285 276 -1,
          284 276 282 -1,
          286 283 163 -1,
          287 285 284 -1,
          288 286 163 -1,
          289 285 287 -1,
          290 288 163 -1,
          291 285 289 -1,
          292 290 163 -1,
          293 285 291 -1,
          294 292 163 -1,
          295 294 163 -1,
          296 295 163 -1,
          297 293 298 -1,
          297 298 299 -1,
          297 285 293 -1,
          300 297 299 -1,
          301 296 163 -1,
          302 297 300 -1,
          302 300 303 -1,
          302 303 304 -1,
          302 304 305 -1,
          306 302 305 -1,
          306 305 307 -1,
          306 307 308 -1,
          306 308 309 -1,
          310 309 311 -1,
          310 311 312 -1,
          310 312 313 -1,
          310 306 309 -1,
          314 310 313 -1,
          314 313 315 -1,
          314 315 316 -1,
          317 314 316 -1,
          317 316 318 -1,
          317 318 319 -1,
          320 319 321 -1,
          320 321 322 -1,
          320 317 319 -1,
          323 322 324 -1,
          323 324 325 -1,
          323 320 322 -1,
          326 327 328 -1,
          326 329 327 -1,
          330 328 327 -1,
          331 329 326 -1,
          332 330 327 -1,
          333 329 331 -1,
          334 332 327 -1,
          334 327 335 -1,
          336 329 333 -1,
          337 334 335 -1,
          338 329 336 -1,
          338 339 329 -1,
          340 337 335 -1,
          341 339 338 -1,
          342 340 335 -1,
          343 339 341 -1,
          344 342 335 -1,
          344 335 345 -1,
          346 339 343 -1,
          346 347 339 -1,
          348 344 345 -1,
          349 347 346 -1,
          350 348 345 -1,
          351 323 325 -1,
          351 325 352 -1,
          353 347 349 -1,
          354 350 345 -1,
          355 347 353 -1,
          355 356 347 -1,
          357 354 345 -1,
          357 345 358 -1,
          359 356 355 -1,
          360 357 358 -1,
          361 356 359 -1,
          362 360 358 -1,
          363 356 361 -1,
          363 364 356 -1,
          365 362 358 -1,
          366 364 363 -1,
          367 365 358 -1,
          368 364 366 -1,
          368 194 364 -1,
          369 358 370 -1,
          369 367 358 -1,
          371 194 368 -1,
          372 369 370 -1,
          373 194 371 -1,
          373 165 194 -1,
          374 372 370 -1,
          375 165 373 -1,
          376 374 370 -1,
          377 165 375 -1,
          378 370 379 -1,
          378 376 370 -1,
          380 165 377 -1,
          381 378 379 -1,
          382 165 380 -1,
          383 381 379 -1,
          384 165 382 -1,
          385 383 379 -1,
          386 165 384 -1,
          387 385 379 -1,
          387 379 388 -1,
          389 165 386 -1,
          390 387 388 -1,
          391 165 389 -1,
          392 390 388 -1,
          393 165 391 -1,
          394 392 388 -1,
          395 165 393 -1,
          396 394 388 -1,
          396 388 397 -1,
          398 165 395 -1,
          399 396 397 -1,
          400 165 398 -1,
          401 399 397 -1,
          402 165 400 -1,
          403 401 397 -1,
          404 165 402 -1,
          405 403 397 -1,
          405 397 406 -1,
          407 165 404 -1,
          408 405 406 -1,
          409 165 407 -1,
          410 408 406 -1,
          411 165 409 -1,
          412 410 406 -1,
          413 165 411 -1,
          414 406 415 -1,
          414 412 406 -1,
          416 165 413 -1,
          417 414 415 -1,
          418 165 416 -1,
          419 417 415 -1,
          420 165 418 -1,
          421 419 415 -1,
          421 415 422 -1,
          423 165 420 -1,
          424 421 422 -1,
          425 424 422 -1,
          426 425 422 -1,
          426 422 427 -1,
          428 426 427 -1,
          429 428 427 -1,
          430 429 427 -1,
          430 427 431 -1,
          432 430 431 -1,
          433 432 431 -1,
          433 431 434 -1,
          435 433 434 -1,
          436 435 434 -1,
          437 351 352 -1,
          437 438 439 -1,
          437 439 440 -1,
          437 440 441 -1,
          437 441 442 -1,
          437 442 443 -1,
          437 443 444 -1,
          437 444 445 -1,
          437 445 446 -1,
          437 446 447 -1,
          437 447 448 -1,
          437 448 449 -1,
          437 449 450 -1,
          437 450 451 -1,
          437 451 452 -1,
          437 452 453 -1,
          437 453 454 -1,
          437 454 455 -1,
          437 455 456 -1,
          437 456 457 -1,
          437 457 458 -1,
          437 458 459 -1,
          437 459 436 -1,
          437 436 434 -1,
          437 352 460 -1,
          437 460 461 -1,
          437 461 462 -1,
          437 462 463 -1,
          437 463 464 -1,
          437 464 465 -1,
          437 465 466 -1,
          437 466 467 -1,
          437 467 468 -1,
          437 468 469 -1,
          437 469 470 -1,
          437 434 471 -1,
          437 471 472 -1,
          437 472 473 -1,
          437 473 474 -1,
          437 474 475 -1,
          437 475 476 -1,
          437 476 477 -1,
          437 477 478 -1,
          437 478 479 -1,
          437 479 480 -1,
          437 480 481 -1,
          437 481 482 -1,
          437 482 483 -1,
          437 483 484 -1,
          437 484 485 -1,
          437 485 486 -1,
          437 486 487 -1,
          437 487 351 -1,
          163 437 488 -1,
          488 437 489 -1,
          489 437 490 -1,
          490 437 491 -1,
          491 437 470 -1,
          163 488 301 -1,
          437 165 492 -1,
          492 165 493 -1,
          493 165 494 -1,
          494 165 495 -1,
          495 165 496 -1,
          496 165 497 -1,
          497 165 498 -1,
          498 165 423 -1,
          437 492 499 -1,
          437 499 500 -1,
          437 500 501 -1,
          437 501 502 -1,
          437 502 503 -1,
          437 503 504 -1,
          437 504 505 -1,
          437 505 438 -1,
          165 1 506 -1,
          506 1 30 -1,
          165 506 507 -1,
          165 507 508 -1,
          165 508 509 -1,
          165 509 170 -1,
        ]
      }
    }
    Shape {
      appearance Appearance {
        material Material {
          diffuseColor 0.200 0.200 0.200
          specularColor 0.050 0.050 0.050
          shininess 0.15
        }
      }
      geometry IndexedFaceSet {
        creaseAngle 0.785398
        solid TRUE
        coord Coordinate { point [
          3.2000 1.5000 7.5000,
          1.0000 1.5000 4.9000,
          3.2000 1.5000 4.9000,
          1.0000 1.5000 7.5000,
        ] }
        coordIndex [
          0 1 2 -1,
          0 3 1 -1,
        ]
      }
    }
    Shape {
      appearance Appearance {
        material Material {
          diffuseColor 0.200 0.200 0.200
          specularColor 0.050 0.050 0.050
          shininess 0.15
        }
      }
      geometry IndexedFaceSet {
        creaseAngle 0.785398
        solid TRUE
        coord Coordinate { point [
          1.0000 3.0718 7.5000,
          1.0000 1.5000 4.9000,
          1.0000 1.5000 7.5000,
          1.0000 3.0718 4.9000,
        ] }
        coordIndex [
          0 1 2 -1,
          0 3 1 -1,
        ]
      }
    }
    Shape {
      appearance Appearance {
        material Material {
          diffuseColor 0.200 0.200 0.200
          specularColor 0.050 0.050 0.050
          shininess 0.15
        }
      }
      geometry IndexedFaceSet {
        creaseAngle 0.785398
        solid TRUE
        coord Coordinate { point [
          7.0000 10.0000 7.5000,
          6.9913 10.3489 7.5000,
          7.0000 10.0000 0.7000,
          6.9913 10.3489 0.7000,
          6.9652 10.6970 7.5000,
          6.9652 10.6970 0.7000,
          6.9218 11.0433 7.5000,
          6.9218 11.0433 0.7000,
          6.8612 11.3870 7.5000,
          6.8612 11.3870 0.7000,
          6.7835 11.7273 7.5000,
          6.7835 11.7273 0.7000,
          6.6890 12.0633 7.5000,
          6.6890 12.0633 0.7000,
          6.5778 12.3941 7.5000,
          6.5778 12.3941 0.7000,
          6.4503 12.7190 7.5000,
          6.4503 12.7190 0.7000,
          6.3068 13.0372 7.5000,
          6.3068 13.0372 0.7000,
          6.1476 13.3478 7.5000,
          6.1476 13.3478 0.7000,
          5.9730 13.6500 7.5000,
          5.9730 13.6500 0.7000,
          5.7837 13.9432 7.5000,
          5.7837 13.9432 0.7000,
          5.5799 14.2266 7.5000,
          5.5799 14.2266 0.7000,
          5.3623 14.4995 7.5000,
          5.3623 14.4995 0.7000,
          5.1314 14.7612 7.5000,
          5.1314 14.7612 0.7000,
          4.8877 15.0111 7.5000,
          4.8877 15.0111 0.7000,
          4.6318 15.2485 7.5000,
          4.6318 15.2485 0.7000,
          4.3644 15.4728 7.5000,
          4.3644 15.4728 0.7000,
          4.0862 15.6836 7.5000,
          4.0862 15.6836 0.7000,
          3.7978 15.8802 7.5000,
          3.7978 15.8802 0.7000,
          3.5000 16.0622 7.5000,
          3.5000 16.0622 0.7000,
          3.1935 16.2291 7.5000,
          3.1935 16.2291 0.7000,
          2.8790 16.3805 7.5000,
          2.8790 16.3805 0.7000,
          2.5574 16.5161 7.5000,
          2.5574 16.5161 0.7000,
          2.2294 16.6355 7.5000,
          2.2294 16.6355 0.7000,
          1.8959 16.7384 7.5000,
          1.8959 16.7384 0.7000,
          1.5576 16.8245 7.5000,
          1.5576 16.8245 0.7000,
          1.2155 16.8937 7.5000,
          1.2155 16.8937 0.7000,
          0.8704 16.9457 7.5000,
          0.8704 16.9457 0.7000,
          0.5231 16.9804 7.5000,
          0.5231 16.9804 0.7000,
          0.1745 16.9978 7.5000,
          0.1745 16.9978 0.7000,
          -0.1745 16.9978 7.5000,
          -0.1745 16.9978 0.7000,
          -0.5231 16.9804 7.5000,
          -0.5231 16.9804 0.7000,
          -0.8704 16.9457 7.5000,
          -0.8704 16.9457 0.7000,
          -1.2155 16.8937 7.5000,
          -1.2155 16.8937 0.7000,
          -1.5576 16.8245 7.5000,
          -1.5576 16.8245 0.7000,
          -1.8959 16.7384 7.5000,
          -1.8959 16.7384 0.7000,
          -2.2294 16.6355 7.5000,
          -2.2294 16.6355 0.7000,
          -2.5574 16.5161 7.5000,
          -2.5574 16.5161 0.7000,
          -2.8790 16.3805 7.5000,
          -2.8790 16.3805 0.7000,
          -3.1935 16.2291 7.5000,
          -3.1935 16.2291 0.7000,
          -3.5000 16.0622 7.5000,
          -3.5000 16.0622 0.7000,
          -3.7978 15.8802 7.5000,
          -3.7978 15.8802 0.7000,
          -4.0862 15.6836 7.5000,
          -4.0862 15.6836 0.7000,
          -4.3644 15.4728 7.5000,
          -4.3644 15.4728 0.7000,
          -4.6318 15.2485 7.5000,
          -4.6318 15.2485 0.7000,
          -4.8877 15.0111 7.5000,
          -4.8877 15.0111 0.7000,
          -5.1314 14.7612 7.5000,
          -5.1314 14.7612 0.7000,
          -5.3623 14.4995 7.5000,
          -5.3623 14.4995 0.7000,
          -5.5799 14.2266 7.5000,
          -5.5799 14.2266 0.7000,
          -5.7837 13.9432 7.5000,
          -5.7837 13.9432 0.7000,
          -5.9730 13.6500 7.5000,
          -5.9730 13.6500 0.7000,
          -6.1476 13.3478 7.5000,
          -6.1476 13.3478 0.7000,
          -6.3068 13.0372 7.5000,
          -6.3068 13.0372 0.7000,
          -6.4503 12.7190 7.5000,
          -6.4503 12.7190 0.7000,
          -6.5778 12.3941 7.5000,
          -6.5778 12.3941 0.7000,
          -6.6890 12.0633 7.5000,
          -6.6890 12.0633 0.7000,
          -6.7835 11.7273 7.5000,
          -6.7835 11.7273 0.7000,
          -6.8612 11.3870 7.5000,
          -6.8612 11.3870 0.7000,
          -6.9218 11.0433 7.5000,
          -6.9218 11.0433 0.7000,
          -6.9652 10.6970 7.5000,
          -6.9652 10.6970 0.7000,
          -6.9913 10.3489 7.5000,
          -6.9913 10.3489 0.7000,
          -7.0000 10.0000 7.5000,
          -7.0000 10.0000 0.7000,
        ] }
        coordIndex [
          0 1 2 -1,
          2 1 3 -1,
          1 4 3 -1,
          3 4 5 -1,
          4 6 5 -1,
          5 6 7 -1,
          6 8 7 -1,
          7 8 9 -1,
          8 10 9 -1,
          9 10 11 -1,
          10 12 11 -1,
          11 12 13 -1,
          12 14 13 -1,
          13 14 15 -1,
          14 16 15 -1,
          15 16 17 -1,
          16 18 17 -1,
          17 18 19 -1,
          19 20 21 -1,
          18 20 19 -1,
          21 22 23 -1,
          20 22 21 -1,
          23 24 25 -1,
          22 24 23 -1,
          25 26 27 -1,
          24 26 25 -1,
          27 28 29 -1,
          26 28 27 -1,
          29 30 31 -1,
          28 30 29 -1,
          31 32 33 -1,
          30 32 31 -1,
          33 34 35 -1,
          32 34 33 -1,
          34 36 35 -1,
          35 36 37 -1,
          36 38 37 -1,
          37 38 39 -1,
          38 40 39 -1,
          39 40 41 -1,
          40 42 41 -1,
          41 42 43 -1,
          42 44 43 -1,
          43 44 45 -1,
          44 46 45 -1,
          45 46 47 -1,
          46 48 47 -1,
          47 48 49 -1,
          48 50 49 -1,
          49 50 51 -1,
          50 52 51 -1,
          51 52 53 -1,
          52 54 53 -1,
          53 54 55 -1,
          54 56 55 -1,
          55 56 57 -1,
          56 58 57 -1,
          57 58 59 -1,
          58 60 59 -1,
          59 60 61 -1,
          60 62 61 -1,
          61 62 63 -1,
          62 64 63 -1,
          63 64 65 -1,
          64 66 65 -1,
          65 66 67 -1,
          66 68 67 -1,
          67 68 69 -1,
          68 70 69 -1,
          69 70 71 -1,
          70 72 71 -1,
          71 72 73 -1,
          73 74 75 -1,
          72 74 73 -1,
          75 76 77 -1,
          74 76 75 -1,
          77 78 79 -1,
          76 78 77 -1,
          79 80 81 -1,
          78 80 79 -1,
          81 82 83 -1,
          80 82 81 -1,
          83 84 85 -1,
          82 84 83 -1,
          84 86 85 -1,
          85 86 87 -1,
          86 88 87 -1,
          87 88 89 -1,
          89 90 91 -1,
          88 90 89 -1,
          91 92 93 -1,
          90 92 91 -1,
          93 94 95 -1,
          92 94 93 -1,
          95 96 97 -1,
          94 96 95 -1,
          97 98 99 -1,
          96 98 97 -1,
          99 100 101 -1,
          98 100 99 -1,
          101 102 103 -1,
          100 102 101 -1,
          103 104 105 -1,
          102 104 103 -1,
          105 106 107 -1,
          104 106 105 -1,
          107 108 109 -1,
          106 108 107 -1,
          109 110 111 -1,
          108 110 109 -1,
          111 112 113 -1,
          110 112 111 -1,
          113 114 115 -1,
          112 114 113 -1,
          115 116 117 -1,
          114 116 115 -1,
          117 118 119 -1,
          116 118 117 -1,
          119 120 121 -1,
          118 120 119 -1,
          121 122 123 -1,
          120 122 121 -1,
          123 124 125 -1,
          122 124 123 -1,
          124 126 125 -1,
          125 126 127 -1,
        ]
      }
    }
    Shape {
      appearance Appearance {
        material Material {
          diffuseColor 0.200 0.200 0.200
          specularColor 0.050 0.050 0.050
          shininess 0.15
        }
      }
      geometry IndexedFaceSet {
        creaseAngle 0.785398
        solid TRUE
        coord Coordinate { point [
          -1.0000 3.0718 4.9000,
          -1.0000 3.0718 7.5000,
          -1.0000 1.5000 4.9000,
          -1.0000 1.5000 7.5000,
        ] }
        coordIndex [
          0 1 2 -1,
          2 1 3 -1,
        ]
      }
    }
    Shape {
      appearance Appearance {
        material Material {
          diffuseColor 0.200 0.200 0.200
          specularColor 0.050 0.050 0.050
          shininess 0.15
        }
      }
      geometry IndexedFaceSet {
        creaseAngle 0.785398
        solid TRUE
        coord Coordinate { point [
          -1.0000 1.5000 7.5000,
          -3.2000 1.5000 7.5000,
          -1.0000 1.5000 4.9000,
          -3.2000 1.5000 4.9000,
        ] }
        coordIndex [
          0 1 2 -1,
          2 1 3 -1,
        ]
      }
    }
    Shape {
      appearance Appearance {
        material Material {
          diffuseColor 0.200 0.200 0.200
          specularColor 0.050 0.050 0.050
          shininess 0.15
        }
      }
      geometry IndexedFaceSet {
        creaseAngle 0.785398
        solid TRUE
        coord Coordinate { point [
          -8.2482 -0.0000 -0.8064,
          -8.2875 -0.0000 -0.7681,
          -10.0000 -0.0000 -3.2000,
          -8.3248 -0.0000 -0.7279,
          -8.2071 -0.0000 -0.8426,
          -8.3600 -0.0000 -0.6858,
          -8.1642 -0.0000 -0.8768,
          -8.3931 -0.0000 -0.6421,
          -8.1197 -0.0000 -0.9089,
          -8.4240 -0.0000 -0.5968,
          -8.0736 -0.0000 -0.9386,
          -8.4526 -0.0000 -0.5500,
          -8.0261 -0.0000 -0.9660,
          -8.4789 -0.0000 -0.5018,
          -7.9773 -0.0000 -0.9911,
          -8.5027 -0.0000 -0.4524,
          -7.9273 -0.0000 -1.0136,
          -8.5240 -0.0000 -0.4019,
          -7.8762 -0.0000 -1.0337,
          -8.5427 -0.0000 -0.3503,
          -7.8242 -0.0000 -1.0511,
          -8.5589 -0.0000 -0.2979,
          -7.7714 -0.0000 -1.0660,
          -8.5724 -0.0000 -0.2448,
          -7.7180 -0.0000 -1.0782,
          -8.5833 -0.0000 -0.1910,
          -7.6639 -0.0000 -1.0877,
          -8.5915 -0.0000 -0.1368,
          -7.6095 -0.0000 -1.0945,
          -8.5969 -0.0000 -0.0822,
          -7.5548 -0.0000 -1.0986,
          -8.5997 -0.0000 -0.0274,
          -7.5000 -0.0000 -1.1000,
          -8.5997 -0.0000 0.0274,
          -7.4452 -0.0000 -1.0986,
          -8.5969 -0.0000 0.0822,
          -7.3905 -0.0000 -1.0945,
          -8.5915 -0.0000 0.1368,
          -7.3361 -0.0000 -1.0877,
          -8.5833 -0.0000 0.1910,
          -7.2820 -0.0000 -1.0782,
          -8.5724 -0.0000 0.2448,
          -7.2286 -0.0000 -1.0660,
          -7.1758 -0.0000 -1.0511,
          -0.9000 -0.0000 -3.2000,
          -6.4003 -0.0000 0.0274,
          -6.4003 -0.0000 -0.0274,
          -6.4031 -0.0000 -0.0822,
          -6.4085 -0.0000 -0.1368,
          -6.4167 -0.0000 -0.1910,
          -6.4276 -0.0000 -0.2448,
          -6.4411 -0.0000 -0.2979,
          -6.4573 -0.0000 -0.3503,
          -6.4760 -0.0000 -0.4019,
          -6.4973 -0.0000 -0.4524,
          -6.5211 -0.0000 -0.5018,
          -6.5474 -0.0000 -0.5500,
          -6.5760 -0.0000 -0.5968,
          -6.6069 -0.0000 -0.6421,
          -6.6400 -0.0000 -0.6858,
          -6.6752 -0.0000 -0.7279,
          -6.7125 -0.0000 -0.7681,
          -6.7518 -0.0000 -0.8064,
          -6.7929 -0.0000 -0.8426,
          -6.8358 -0.0000 -0.8768,
          -6.8803 -0.0000 -0.9089,
          -6.9264 -0.0000 -0.9386,
          -6.9739 -0.0000 -0.9660,
          -7.0227 -0.0000 -0.9911,
          -7.0727 -0.0000 -1.0136,
          -7.1238 -0.0000 -1.0337,
          -6.4167 -0.0000 0.1910,
          -6.4085 -0.0000 0.1368,
          -6.4031 -0.0000 0.0822,
          -10.0000 -0.0000 7.5000,
          -8.5589 -0.0000 0.2979,
          -8.5427 -0.0000 0.3503,
          -8.5240 -0.0000 0.4019,
          -8.5027 -0.0000 0.4524,
          -8.4789 -0.0000 0.5018,
          -8.4526 -0.0000 0.5500,
          -8.4240 -0.0000 0.5968,
          -8.3931 -0.0000 0.6421,
          -8.3600 -0.0000 0.6858,
          -8.3248 -0.0000 0.7279,
          -8.2875 -0.0000 0.7681,
          -8.2482 -0.0000 0.8064,
          -8.2071 -0.0000 0.8426,
          -8.1642 -0.0000 0.8768,
          -8.1197 -0.0000 0.9089,
          -8.0736 -0.0000 0.9386,
          -8.0261 -0.0000 0.9660,
          -7.9773 -0.0000 0.9911,
          -7.9273 -0.0000 1.0136,
          -7.8762 -0.0000 1.0337,
          -7.8242 -0.0000 1.0511,
          -7.7714 -0.0000 1.0660,
          -7.7180 -0.0000 1.0782,
          -7.6639 -0.0000 1.0877,
          -7.6095 -0.0000 1.0945,
          -7.5548 -0.0000 1.0986,
          -7.5000 -0.0000 1.1000,
          -7.4452 -0.0000 1.0986,
          -7.3905 -0.0000 1.0945,
          -3.2000 -0.0000 4.9000,
          -7.3361 -0.0000 1.0877,
          -7.2820 -0.0000 1.0782,
          -7.2286 -0.0000 1.0660,
          -7.1758 -0.0000 1.0511,
          -7.1238 -0.0000 1.0337,
          -7.0727 -0.0000 1.0136,
          -7.0227 -0.0000 0.9911,
          -6.9739 -0.0000 0.9660,
          -6.9264 -0.0000 0.9386,
          -6.8803 -0.0000 0.9089,
          -6.8358 -0.0000 0.8768,
          -6.7929 -0.0000 0.8426,
          -6.7518 -0.0000 0.8064,
          -6.7125 -0.0000 0.7681,
          -6.6752 -0.0000 0.7279,
          -6.6400 -0.0000 0.6858,
          -6.6069 -0.0000 0.6421,
          -6.5760 -0.0000 0.5968,
          -6.5474 -0.0000 0.5500,
          -6.5211 -0.0000 0.5018,
          -6.4973 -0.0000 0.4524,
          -6.4760 -0.0000 0.4019,
          -6.4573 -0.0000 0.3503,
          -6.4411 -0.0000 0.2979,
          -6.4276 -0.0000 0.2448,
          -0.9000 -0.0000 4.9000,
          -3.2000 -0.0000 7.5000,
        ] }
        coordIndex [
          0 1 2 -1,
          3 2 1 -1,
          4 0 2 -1,
          5 2 3 -1,
          6 4 2 -1,
          7 2 5 -1,
          8 6 2 -1,
          9 2 7 -1,
          10 8 2 -1,
          11 2 9 -1,
          12 10 2 -1,
          13 2 11 -1,
          14 12 2 -1,
          15 2 13 -1,
          16 14 2 -1,
          17 2 15 -1,
          18 16 2 -1,
          19 2 17 -1,
          20 18 2 -1,
          21 2 19 -1,
          22 20 2 -1,
          23 2 21 -1,
          24 22 2 -1,
          25 2 23 -1,
          26 24 2 -1,
          27 2 25 -1,
          28 26 2 -1,
          29 2 27 -1,
          30 28 2 -1,
          31 2 29 -1,
          32 30 2 -1,
          33 2 31 -1,
          34 32 2 -1,
          35 2 33 -1,
          36 34 2 -1,
          37 2 35 -1,
          38 36 2 -1,
          39 2 37 -1,
          40 38 2 -1,
          41 2 39 -1,
          42 40 2 -1,
          43 42 2 -1,
          44 45 46 -1,
          44 46 47 -1,
          44 47 48 -1,
          44 48 49 -1,
          44 43 2 -1,
          44 49 50 -1,
          44 50 51 -1,
          44 51 52 -1,
          44 52 53 -1,
          44 53 54 -1,
          44 54 55 -1,
          44 55 56 -1,
          44 56 57 -1,
          44 57 58 -1,
          44 58 59 -1,
          44 59 60 -1,
          44 60 61 -1,
          44 61 62 -1,
          44 62 63 -1,
          44 63 64 -1,
          44 64 65 -1,
          44 65 66 -1,
          44 66 67 -1,
          44 67 68 -1,
          44 68 69 -1,
          44 69 70 -1,
          44 70 43 -1,
          44 71 72 -1,
          44 72 73 -1,
          44 73 45 -1,
          74 2 41 -1,
          74 41 75 -1,
          74 75 76 -1,
          74 76 77 -1,
          74 77 78 -1,
          74 78 79 -1,
          74 79 80 -1,
          74 80 81 -1,
          74 81 82 -1,
          74 82 83 -1,
          74 83 84 -1,
          74 84 85 -1,
          74 85 86 -1,
          74 86 87 -1,
          74 87 88 -1,
          74 88 89 -1,
          74 89 90 -1,
          74 90 91 -1,
          74 91 92 -1,
          74 92 93 -1,
          74 93 94 -1,
          74 94 95 -1,
          74 95 96 -1,
          74 96 97 -1,
          74 97 98 -1,
          74 98 99 -1,
          74 99 100 -1,
          74 100 101 -1,
          74 101 102 -1,
          74 102 103 -1,
          104 71 44 -1,
          104 74 103 -1,
          104 103 105 -1,
          104 105 106 -1,
          104 106 107 -1,
          104 107 108 -1,
          104 108 109 -1,
          104 109 110 -1,
          104 110 111 -1,
          104 111 112 -1,
          104 112 113 -1,
          104 113 114 -1,
          104 114 115 -1,
          104 115 116 -1,
          104 116 117 -1,
          104 117 118 -1,
          104 118 119 -1,
          104 119 120 -1,
          104 120 121 -1,
          104 121 122 -1,
          104 122 123 -1,
          104 123 124 -1,
          104 124 125 -1,
          104 125 126 -1,
          104 126 127 -1,
          104 127 128 -1,
          104 128 129 -1,
          104 129 71 -1,
          130 104 44 -1,
          131 74 104 -1,
        ]
      }
    }
    Shape {
      appearance Appearance {
        material Material {
          diffuseColor 0.200 0.200 0.200
          specularColor 0.050 0.050 0.050
          shininess 0.15
        }
      }
      geometry IndexedFaceSet {
        creaseAngle 0.785398
        solid TRUE
        coord Coordinate { point [
          -10.0000 0.8000 -3.2000,
          -10.0000 7.0000 -5.0000,
          -10.0000 0.8000 -5.0000,
          -10.0000 7.0000 5.7000,
          -10.0000 21.1000 7.5000,
          -10.0000 21.1000 5.7000,
          -10.0000 -0.0000 7.5000,
          -10.0000 -0.0000 -3.2000,
        ] }
        coordIndex [
          0 1 2 -1,
          3 4 5 -1,
          3 1 0 -1,
          6 0 7 -1,
          6 3 0 -1,
          6 4 3 -1,
        ]
      }
    }
    Shape {
      appearance Appearance {
        material Material {
          diffuseColor 0.200 0.200 0.200
          specularColor 0.050 0.050 0.050
          shininess 0.15
        }
      }
      geometry IndexedFaceSet {
        creaseAngle 0.785398
        solid TRUE
        coord Coordinate { point [
          10.0000 21.1000 7.5000,
          10.0000 21.1000 5.7000,
          -10.0000 21.1000 7.5000,
          -10.0000 21.1000 5.7000,
        ] }
        coordIndex [
          0 1 2 -1,
          2 1 3 -1,
        ]
      }
    }
    Shape {
      appearance Appearance {
        material Material {
          diffuseColor 0.200 0.200 0.200
          specularColor 0.050 0.050 0.050
          shininess 0.15
        }
      }
      geometry IndexedFaceSet {
        creaseAngle 0.785398
        solid TRUE
        coord Coordinate { point [
          10.0000 7.0000 -5.0000,
          10.0000 0.8000 -3.2000,
          10.0000 0.8000 -5.0000,
          10.0000 21.1000 7.5000,
          10.0000 7.0000 5.7000,
          10.0000 21.1000 5.7000,
          10.0000 0.0000 7.5000,
          10.0000 0.0000 -3.2000,
        ] }
        coordIndex [
          0 1 2 -1,
          3 4 5 -1,
          0 4 1 -1,
          1 6 7 -1,
          4 6 1 -1,
          3 6 4 -1,
        ]
      }
    }
    Shape {
      appearance Appearance {
        material Material {
          diffuseColor 0.200 0.200 0.200
          specularColor 0.050 0.050 0.050
          shininess 0.15
        }
      }
      geometry IndexedFaceSet {
        creaseAngle 0.785398
        solid TRUE
        coord Coordinate { point [
          6.7518 0.0000 -0.8064,
          6.7125 0.0000 -0.7681,
          0.9000 0.0000 -3.2000,
          6.6752 0.0000 -0.7279,
          6.7929 0.0000 -0.8426,
          6.6400 0.0000 -0.6858,
          6.8358 0.0000 -0.8768,
          6.6069 0.0000 -0.6421,
          6.8803 0.0000 -0.9089,
          6.5760 0.0000 -0.5968,
          6.9264 0.0000 -0.9386,
          6.5474 0.0000 -0.5500,
          6.9739 0.0000 -0.9660,
          6.5211 0.0000 -0.5018,
          7.0227 0.0000 -0.9911,
          6.4973 0.0000 -0.4524,
          7.0727 0.0000 -1.0136,
          6.4760 0.0000 -0.4019,
          7.1238 0.0000 -1.0337,
          6.4573 0.0000 -0.3503,
          7.1758 0.0000 -1.0511,
          6.4411 0.0000 -0.2979,
          6.4276 0.0000 -0.2448,
          6.4167 0.0000 -0.1910,
          6.4085 0.0000 -0.1368,
          6.4031 0.0000 -0.0822,
          6.4003 0.0000 -0.0274,
          6.4003 0.0000 0.0274,
          6.4031 0.0000 0.0822,
          6.4085 0.0000 0.1368,
          6.4167 0.0000 0.1910,
          10.0000 0.0000 -3.2000,
          7.5000 0.0000 -1.1000,
          7.4452 0.0000 -1.0986,
          7.3905 0.0000 -1.0945,
          7.3361 0.0000 -1.0877,
          7.2820 0.0000 -1.0782,
          7.2286 0.0000 -1.0660,
          7.8242 0.0000 -1.0511,
          7.7714 0.0000 -1.0660,
          7.7180 0.0000 -1.0782,
          7.6639 0.0000 -1.0877,
          7.6095 0.0000 -1.0945,
          7.5548 0.0000 -1.0986,
          7.8762 0.0000 -1.0337,
          7.9273 0.0000 -1.0136,
          7.9773 0.0000 -0.9911,
          8.0261 0.0000 -0.9660,
          8.0736 0.0000 -0.9386,
          8.1197 0.0000 -0.9089,
          8.1642 0.0000 -0.8768,
          8.2071 0.0000 -0.8426,
          8.2482 0.0000 -0.8064,
          8.2875 0.0000 -0.7681,
          8.3248 0.0000 -0.7279,
          8.3600 0.0000 -0.6858,
          8.3931 0.0000 -0.6421,
          8.4240 0.0000 -0.5968,
          8.4526 0.0000 -0.5500,
          8.4789 0.0000 -0.5018,
          8.5027 0.0000 -0.4524,
          3.2000 0.0000 4.9000,
          0.9000 0.0000 4.9000,
          6.4276 0.0000 0.2448,
          6.4411 0.0000 0.2979,
          6.4573 0.0000 0.3503,
          6.4760 0.0000 0.4019,
          6.4973 0.0000 0.4524,
          6.5211 0.0000 0.5018,
          6.5474 0.0000 0.5500,
          6.5760 0.0000 0.5968,
          6.6069 0.0000 0.6421,
          6.6400 0.0000 0.6858,
          6.6752 0.0000 0.7279,
          6.7125 0.0000 0.7681,
          6.7518 0.0000 0.8064,
          6.7929 0.0000 0.8426,
          6.8358 0.0000 0.8768,
          6.8803 0.0000 0.9089,
          6.9264 0.0000 0.9386,
          6.9739 0.0000 0.9660,
          7.0227 0.0000 0.9911,
          7.0727 0.0000 1.0136,
          8.5240 0.0000 -0.4019,
          7.1238 0.0000 1.0337,
          8.5427 0.0000 -0.3503,
          7.1758 0.0000 1.0511,
          8.5589 0.0000 -0.2979,
          7.2286 0.0000 1.0660,
          8.5724 0.0000 -0.2448,
          7.2820 0.0000 1.0782,
          8.5833 0.0000 -0.1910,
          7.3361 0.0000 1.0877,
          8.5915 0.0000 -0.1368,
          7.3905 0.0000 1.0945,
          8.5969 0.0000 -0.0822,
          8.5997 0.0000 -0.0274,
          8.5997 0.0000 0.0274,
          8.5969 0.0000 0.0822,
          8.5915 0.0000 0.1368,
          8.5833 0.0000 0.1910,
          8.5724 0.0000 0.2448,
          10.0000 0.0000 7.5000,
          3.2000 0.0000 7.5000,
          7.4452 0.0000 1.0986,
          7.5000 0.0000 1.1000,
          7.5548 0.0000 1.0986,
          7.6095 0.0000 1.0945,
          7.6639 0.0000 1.0877,
          7.7180 0.0000 1.0782,
          7.7714 0.0000 1.0660,
          7.8242 0.0000 1.0511,
          7.8762 0.0000 1.0337,
          7.9273 0.0000 1.0136,
          7.9773 0.0000 0.9911,
          8.0261 0.0000 0.9660,
          8.0736 0.0000 0.9386,
          8.1197 0.0000 0.9089,
          8.1642 0.0000 0.8768,
          8.2071 0.0000 0.8426,
          8.2482 0.0000 0.8064,
          8.2875 0.0000 0.7681,
          8.3248 0.0000 0.7279,
          8.3600 0.0000 0.6858,
          8.3931 0.0000 0.6421,
          8.4240 0.0000 0.5968,
          8.4526 0.0000 0.5500,
          8.4789 0.0000 0.5018,
          8.5027 0.0000 0.4524,
          8.5240 0.0000 0.4019,
          8.5427 0.0000 0.3503,
          8.5589 0.0000 0.2979,
        ] }
        coordIndex [
          0 1 2 -1,
          3 2 1 -1,
          4 0 2 -1,
          5 2 3 -1,
          6 4 2 -1,
          7 2 5 -1,
          8 6 2 -1,
          9 2 7 -1,
          10 8 2 -1,
          11 2 9 -1,
          12 10 2 -1,
          13 2 11 -1,
          14 12 2 -1,
          15 2 13 -1,
          16 14 2 -1,
          17 2 15 -1,
          18 16 2 -1,
          19 2 17 -1,
          20 18 2 -1,
          21 2 19 -1,
          22 2 21 -1,
          23 2 22 -1,
          24 2 23 -1,
          25 2 24 -1,
          26 2 25 -1,
          27 2 26 -1,
          28 2 27 -1,
          29 2 28 -1,
          30 2 29 -1,
          31 32 33 -1,
          31 33 34 -1,
          31 34 35 -1,
          31 35 36 -1,
          31 36 37 -1,
          31 37 20 -1,
          31 38 39 -1,
          31 39 40 -1,
          31 40 41 -1,
          31 41 42 -1,
          31 42 43 -1,
          31 43 32 -1,
          31 20 2 -1,
          44 38 31 -1,
          45 44 31 -1,
          46 45 31 -1,
          47 46 31 -1,
          48 47 31 -1,
          49 48 31 -1,
          50 49 31 -1,
          51 50 31 -1,
          52 51 31 -1,
          53 52 31 -1,
          54 53 31 -1,
          55 54 31 -1,
          56 55 31 -1,
          57 56 31 -1,
          58 57 31 -1,
          59 58 31 -1,
          60 59 31 -1,
          61 62 2 -1,
          61 2 30 -1,
          61 30 63 -1,
          61 63 64 -1,
          61 64 65 -1,
          61 65 66 -1,
          61 66 67 -1,
          61 67 68 -1,
          61 68 69 -1,
          61 69 70 -1,
          61 70 71 -1,
          61 71 72 -1,
          61 72 73 -1,
          61 73 74 -1,
          61 74 75 -1,
          61 75 76 -1,
          61 76 77 -1,
          61 77 78 -1,
          61 78 79 -1,
          61 79 80 -1,
          61 80 81 -1,
          61 81 82 -1,
          83 60 31 -1,
          84 61 82 -1,
          85 83 31 -1,
          86 61 84 -1,
          87 85 31 -1,
          88 61 86 -1,
          89 87 31 -1,
          90 61 88 -1,
          91 89 31 -1,
          92 61 90 -1,
          93 91 31 -1,
          94 61 92 -1,
          95 93 31 -1,
          96 95 31 -1,
          97 96 31 -1,
          98 97 31 -1,
          99 98 31 -1,
          100 99 31 -1,
          101 100 31 -1,
          102 103 61 -1,
          102 61 94 -1,
          102 101 31 -1,
          102 94 104 -1,
          102 104 105 -1,
          102 105 106 -1,
          102 106 107 -1,
          102 107 108 -1,
          102 108 109 -1,
          102 109 110 -1,
          102 110 111 -1,
          102 111 112 -1,
          102 112 113 -1,
          102 113 114 -1,
          102 114 115 -1,
          102 115 116 -1,
          102 116 117 -1,
          102 117 118 -1,
          102 118 119 -1,
          102 119 120 -1,
          102 120 121 -1,
          102 121 122 -1,
          102 122 123 -1,
          102 123 124 -1,
          102 124 125 -1,
          102 125 126 -1,
          102 126 127 -1,
          102 127 128 -1,
          102 128 129 -1,
          102 129 130 -1,
          102 130 131 -1,
          102 131 101 -1,
        ]
      }
    }
    Shape {
      appearance Appearance {
        material Material {
          diffuseColor 0.200 0.200 0.200
          specularColor 0.050 0.050 0.050
          shininess 0.15
        }
      }
      geometry IndexedFaceSet {
        creaseAngle 0.785398
        solid TRUE
        coord Coordinate { point [
          9.4099 5.9851 7.3000,
          9.4089 6.0250 7.3000,
          9.4099 5.9851 1.5000,
          9.4089 6.0250 1.5000,
          9.4059 6.0648 1.5000,
          9.4059 6.0648 7.3000,
          9.4010 6.1044 7.3000,
          9.4010 6.1044 1.5000,
          9.3941 6.1436 7.3000,
          9.3941 6.1436 1.5000,
          9.3852 6.1825 7.3000,
          9.3852 6.1825 1.5000,
          9.3744 6.2209 7.3000,
          9.3744 6.2209 1.5000,
          9.3617 6.2587 7.3000,
          9.3617 6.2587 1.5000,
          9.3471 6.2959 1.5000,
          9.3471 6.2959 7.3000,
          9.3307 6.3322 7.3000,
          9.3307 6.3322 1.5000,
          9.3125 6.3677 1.5000,
          9.3125 6.3677 7.3000,
          9.2926 6.4023 7.3000,
          9.2926 6.4023 1.5000,
          9.2709 6.4358 7.3000,
          9.2709 6.4358 1.5000,
          9.2476 6.4682 1.5000,
          9.2476 6.4682 7.3000,
          9.2228 6.4994 7.3000,
          9.2228 6.4994 1.5000,
          9.1964 6.5293 1.5000,
          9.1964 6.5293 7.3000,
          9.1685 6.5578 7.3000,
          9.1685 6.5578 1.5000,
          9.1393 6.5850 7.3000,
          9.1393 6.5850 1.5000,
          9.1087 6.6106 7.3000,
          9.1087 6.6106 1.5000,
          9.0769 6.6347 7.3000,
          9.0769 6.6347 1.5000,
          9.0440 6.6571 1.5000,
          9.0440 6.6571 7.3000,
          9.0099 6.6779 1.5000,
          9.0099 6.6779 7.3000,
          8.9749 6.6970 1.5000,
          8.9749 6.6970 7.3000,
          8.9390 6.7143 1.5000,
          8.9390 6.7143 7.3000,
          8.9022 6.7298 7.3000,
          8.9022 6.7298 1.5000,
          8.8647 6.7435 7.3000,
          8.8647 6.7435 1.5000,
          8.8266 6.7552 7.3000,
          8.8266 6.7552 1.5000,
          8.7879 6.7651 7.3000,
          8.7879 6.7651 1.5000,
          8.7488 6.7730 1.5000,
          8.7488 6.7730 7.3000,
          8.7094 6.7789 7.3000,
          8.7094 6.7789 1.5000,
          8.6697 6.7829 7.3000,
          8.6697 6.7829 1.5000,
          8.6299 6.7849 7.3000,
          8.6299 6.7849 1.5000,
          8.5900 6.7849 7.3000,
          8.5900 6.7849 1.5000,
          8.5501 6.7829 1.5000,
          8.5501 6.7829 7.3000,
          8.5104 6.7789 7.3000,
          8.5104 6.7789 1.5000,
          8.4710 6.7730 1.5000,
          8.4710 6.7730 7.3000,
          8.4319 6.7651 7.3000,
          8.4319 6.7651 1.5000,
          8.3933 6.7552 7.3000,
          8.3933 6.7552 1.5000,
          8.3551 6.7435 1.5000,
          8.3551 6.7435 7.3000,
          8.3177 6.7298 7.3000,
          8.3177 6.7298 1.5000,
          8.2809 6.7143 7.3000,
          8.2809 6.7143 1.5000,
          8.2450 6.6970 1.5000,
          8.2450 6.6970 7.3000,
          8.2099 6.6779 7.3000,
          8.2099 6.6779 1.5000,
          8.1759 6.6571 1.5000,
          8.1759 6.6571 7.3000,
          8.1429 6.6347 1.5000,
          8.1429 6.6347 7.3000,
          8.1111 6.6106 7.3000,
          8.1111 6.6106 1.5000,
          8.0806 6.5850 7.3000,
          8.0806 6.5850 1.5000,
          8.0513 6.5578 7.3000,
          8.0513 6.5578 1.5000,
          8.0235 6.5293 7.3000,
          8.0235 6.5293 1.5000,
          7.9971 6.4994 1.5000,
          7.9971 6.4994 7.3000,
          7.9722 6.4682 7.3000,
          7.9722 6.4682 1.5000,
          7.9489 6.4358 1.5000,
          7.9489 6.4358 7.3000,
          7.9273 6.4023 1.5000,
          7.9273 6.4023 7.3000,
          7.9073 6.3677 7.3000,
          7.9073 6.3677 1.5000,
          7.8891 6.3322 7.3000,
          7.8891 6.3322 1.5000,
          7.8727 6.2959 7.3000,
          7.8727 6.2959 1.5000,
          7.8582 6.2587 7.3000,
          7.8582 6.2587 1.5000,
          7.8455 6.2209 7.3000,
          7.8455 6.2209 1.5000,
          7.8347 6.1825 1.5000,
          7.8347 6.1825 7.3000,
          7.8258 6.1436 7.3000,
          7.8258 6.1436 1.5000,
          7.8189 6.1044 7.3000,
          7.8189 6.1044 1.5000,
          7.8139 6.0648 7.3000,
          7.8139 6.0648 1.5000,
          7.8109 6.0250 7.3000,
          7.8109 6.0250 1.5000,
          7.8099 5.9851 7.3000,
          7.8099 5.9851 1.5000,
        ] }
        coordIndex [
          0 1 2 -1,
          2 1 3 -1,
          3 1 4 -1,
          1 5 4 -1,
          5 6 4 -1,
          4 6 7 -1,
          6 8 7 -1,
          7 8 9 -1,
          8 10 9 -1,
          9 10 11 -1,
          10 12 11 -1,
          11 12 13 -1,
          12 14 13 -1,
          13 14 15 -1,
          15 14 16 -1,
          14 17 16 -1,
          17 18 16 -1,
          16 18 19 -1,
          19 18 20 -1,
          18 21 20 -1,
          21 22 20 -1,
          20 22 23 -1,
          23 24 25 -1,
          25 24 26 -1,
          22 24 23 -1,
          24 27 26 -1,
          26 28 29 -1,
          29 28 30 -1,
          27 28 26 -1,
          28 31 30 -1,
          30 32 33 -1,
          31 32 30 -1,
          33 34 35 -1,
          32 34 33 -1,
          34 36 35 -1,
          35 36 37 -1,
          36 38 37 -1,
          37 38 39 -1,
          39 38 40 -1,
          38 41 40 -1,
          40 41 42 -1,
          41 43 42 -1,
          42 43 44 -1,
          43 45 44 -1,
          44 45 46 -1,
          45 47 46 -1,
          47 48 46 -1,
          46 48 49 -1,
          48 50 49 -1,
          49 50 51 -1,
          50 52 51 -1,
          51 52 53 -1,
          52 54 53 -1,
          53 54 55 -1,
          55 54 56 -1,
          54 57 56 -1,
          57 58 56 -1,
          56 58 59 -1,
          58 60 59 -1,
          59 60 61 -1,
          60 62 61 -1,
          61 62 63 -1,
          62 64 63 -1,
          63 64 65 -1,
          65 64 66 -1,
          64 67 66 -1,
          67 68 66 -1,
          66 68 69 -1,
          69 68 70 -1,
          68 71 70 -1,
          71 72 70 -1,
          70 72 73 -1,
          73 74 75 -1,
          75 74 76 -1,
          72 74 73 -1,
          74 77 76 -1,
          76 78 79 -1,
          77 78 76 -1,
          79 80 81 -1,
          81 80 82 -1,
          78 80 79 -1,
          80 83 82 -1,
          82 84 85 -1,
          85 84 86 -1,
          83 84 82 -1,
          84 87 86 -1,
          86 87 88 -1,
          87 89 88 -1,
          88 90 91 -1,
          89 90 88 -1,
          91 92 93 -1,
          90 92 91 -1,
          93 94 95 -1,
          92 94 93 -1,
          95 96 97 -1,
          97 96 98 -1,
          94 96 95 -1,
          96 99 98 -1,
          98 100 101 -1,
          101 100 102 -1,
          99 100 98 -1,
          100 103 102 -1,
          102 103 104 -1,
          103 105 104 -1,
          104 106 107 -1,
          105 106 104 -1,
          107 108 109 -1,
          106 108 107 -1,
          109 110 111 -1,
          108 110 109 -1,
          111 112 113 -1,
          110 112 111 -1,
          113 114 115 -1,
          115 114 116 -1,
          112 114 113 -1,
          114 117 116 -1,
          116 118 119 -1,
          117 118 116 -1,
          119 120 121 -1,
          118 120 119 -1,
          121 122 123 -1,
          120 122 121 -1,
          123 124 125 -1,
          122 124 123 -1,
          125 126 127 -1,
          124 126 125 -1,
        ]
      }
    }
    Shape {
      appearance Appearance {
        material Material {
          diffuseColor 0.200 0.200 0.200
          specularColor 0.050 0.050 0.050
          shininess 0.15
        }
      }
      geometry IndexedFaceSet {
        creaseAngle 0.785398
        solid TRUE
        coord Coordinate { point [
          -7.8099 5.9851 7.3000,
          -7.8109 6.0250 7.3000,
          -7.8099 5.9851 1.5000,
          -7.8109 6.0250 1.5000,
          -7.8139 6.0648 7.3000,
          -7.8139 6.0648 1.5000,
          -7.8189 6.1044 7.3000,
          -7.8189 6.1044 1.5000,
          -7.8258 6.1436 7.3000,
          -7.8258 6.1436 1.5000,
          -7.8347 6.1825 7.3000,
          -7.8347 6.1825 1.5000,
          -7.8455 6.2209 7.3000,
          -7.8455 6.2209 1.5000,
          -7.8582 6.2587 7.3000,
          -7.8582 6.2587 1.5000,
          -7.8727 6.2959 7.3000,
          -7.8727 6.2959 1.5000,
          -7.8891 6.3322 7.3000,
          -7.8891 6.3322 1.5000,
          -7.9073 6.3677 7.3000,
          -7.9073 6.3677 1.5000,
          -7.9273 6.4023 7.3000,
          -7.9273 6.4023 1.5000,
          -7.9489 6.4358 7.3000,
          -7.9489 6.4358 1.5000,
          -7.9722 6.4682 1.5000,
          -7.9722 6.4682 7.3000,
          -7.9971 6.4994 7.3000,
          -7.9971 6.4994 1.5000,
          -8.0235 6.5293 7.3000,
          -8.0235 6.5293 1.5000,
          -8.0513 6.5578 7.3000,
          -8.0513 6.5578 1.5000,
          -8.0806 6.5850 7.3000,
          -8.0806 6.5850 1.5000,
          -8.1111 6.6106 7.3000,
          -8.1111 6.6106 1.5000,
          -8.1429 6.6347 7.3000,
          -8.1429 6.6347 1.5000,
          -8.1759 6.6571 1.5000,
          -8.1759 6.6571 7.3000,
          -8.2099 6.6779 1.5000,
          -8.2099 6.6779 7.3000,
          -8.2450 6.6970 1.5000,
          -8.2450 6.6970 7.3000,
          -8.2809 6.7143 7.3000,
          -8.2809 6.7143 1.5000,
          -8.3177 6.7298 7.3000,
          -8.3177 6.7298 1.5000,
          -8.3551 6.7435 7.3000,
          -8.3551 6.7435 1.5000,
          -8.3933 6.7552 7.3000,
          -8.3933 6.7552 1.5000,
          -8.4319 6.7651 7.3000,
          -8.4319 6.7651 1.5000,
          -8.4710 6.7730 1.5000,
          -8.4710 6.7730 7.3000,
          -8.5104 6.7789 7.3000,
          -8.5104 6.7789 1.5000,
          -8.5501 6.7829 7.3000,
          -8.5501 6.7829 1.5000,
          -8.5900 6.7849 1.5000,
          -8.5900 6.7849 7.3000,
          -8.6299 6.7849 7.3000,
          -8.6299 6.7849 1.5000,
          -8.6697 6.7829 7.3000,
          -8.6697 6.7829 1.5000,
          -8.7094 6.7789 1.5000,
          -8.7094 6.7789 7.3000,
          -8.7488 6.7730 1.5000,
          -8.7488 6.7730 7.3000,
          -8.7879 6.7651 7.3000,
          -8.7879 6.7651 1.5000,
          -8.8266 6.7552 7.3000,
          -8.8266 6.7552 1.5000,
          -8.8647 6.7435 1.5000,
          -8.8647 6.7435 7.3000,
          -8.9022 6.7298 7.3000,
          -8.9022 6.7298 1.5000,
          -8.9390 6.7143 7.3000,
          -8.9390 6.7143 1.5000,
          -8.9749 6.6970 1.5000,
          -8.9749 6.6970 7.3000,
          -9.0099 6.6779 7.3000,
          -9.0099 6.6779 1.5000,
          -9.0440 6.6571 1.5000,
          -9.0440 6.6571 7.3000,
          -9.0769 6.6347 1.5000,
          -9.0769 6.6347 7.3000,
          -9.1087 6.6106 7.3000,
          -9.1087 6.6106 1.5000,
          -9.1393 6.5850 7.3000,
          -9.1393 6.5850 1.5000,
          -9.1685 6.5578 7.3000,
          -9.1685 6.5578 1.5000,
          -9.1964 6.5293 7.3000,
          -9.1964 6.5293 1.5000,
          -9.2228 6.4994 1.5000,
          -9.2228 6.4994 7.3000,
          -9.2476 6.4682 7.3000,
          -9.2476 6.4682 1.5000,
          -9.2709 6.4358 1.5000,
          -9.2709 6.4358 7.3000,
          -9.2926 6.4023 7.3000,
          -9.2926 6.4023 1.5000,
          -9.3125 6.3677 7.3000,
          -9.3125 6.3677 1.5000,
          -9.3307 6.3322 1.5000,
          -9.3307 6.3322 7.3000,
          -9.3471 6.2959 7.3000,
          -9.3471 6.2959 1.5000,
          -9.3617 6.2587 7.3000,
          -9.3617 6.2587 1.5000,
          -9.3744 6.2209 7.3000,
          -9.3744 6.2209 1.5000,
          -9.3852 6.1825 7.3000,
          -9.3852 6.1825 1.5000,
          -9.3941 6.1436 1.5000,
          -9.3941 6.1436 7.3000,
          -9.4010 6.1044 7.3000,
          -9.4010 6.1044 1.5000,
          -9.4059 6.0648 7.3000,
          -9.4059 6.0648 1.5000,
          -9.4089 6.0250 7.3000,
          -9.4089 6.0250 1.5000,
          -9.4099 5.9851 7.3000,
          -9.4099 5.9851 1.5000,
        ] }
        coordIndex [
          0 1 2 -1,
          2 1 3 -1,
          1 4 3 -1,
          3 4 5 -1,
          4 6 5 -1,
          5 6 7 -1,
          6 8 7 -1,
          7 8 9 -1,
          8 10 9 -1,
          9 10 11 -1,
          10 12 11 -1,
          11 12 13 -1,
          12 14 13 -1,
          13 14 15 -1,
          14 16 15 -1,
          15 16 17 -1,
          16 18 17 -1,
          17 18 19 -1,
          19 20 21 -1,
          18 20 19 -1,
          21 22 23 -1,
          20 22 21 -1,
          23 24 25 -1,
          25 24 26 -1,
          22 24 23 -1,
          24 27 26 -1,
          26 28 29 -1,
          27 28 26 -1,
          29 30 31 -1,
          28 30 29 -1,
          31 32 33 -1,
          30 32 31 -1,
          33 34 35 -1,
          32 34 33 -1,
          34 36 35 -1,
          35 36 37 -1,
          36 38 37 -1,
          37 38 39 -1,
          39 38 40 -1,
          38 41 40 -1,
          40 41 42 -1,
          41 43 42 -1,
          42 43 44 -1,
          43 45 44 -1,
          45 46 44 -1,
          44 46 47 -1,
          46 48 47 -1,
          47 48 49 -1,
          48 50 49 -1,
          49 50 51 -1,
          50 52 51 -1,
          51 52 53 -1,
          52 54 53 -1,
          53 54 55 -1,
          55 54 56 -1,
          54 57 56 -1,
          57 58 56 -1,
          56 58 59 -1,
          58 60 59 -1,
          59 60 61 -1,
          61 60 62 -1,
          60 63 62 -1,
          63 64 62 -1,
          62 64 65 -1,
          64 66 65 -1,
          65 66 67 -1,
          67 66 68 -1,
          66 69 68 -1,
          68 69 70 -1,
          69 71 70 -1,
          71 72 70 -1,
          70 72 73 -1,
          73 74 75 -1,
          75 74 76 -1,
          72 74 73 -1,
          74 77 76 -1,
          76 78 79 -1,
          77 78 76 -1,
          79 80 81 -1,
          81 80 82 -1,
          78 80 79 -1,
          80 83 82 -1,
          82 84 85 -1,
          85 84 86 -1,
          83 84 82 -1,
          84 87 86 -1,
          86 87 88 -1,
          87 89 88 -1,
          88 90 91 -1,
          89 90 88 -1,
          91 92 93 -1,
          90 92 91 -1,
          93 94 95 -1,
          92 94 93 -1,
          95 96 97 -1,
          97 96 98 -1,
          94 96 95 -1,
          96 99 98 -1,
          98 100 101 -1,
          101 100 102 -1,
          99 100 98 -1,
          100 103 102 -1,
          102 104 105 -1,
          103 104 102 -1,
          105 106 107 -1,
          107 106 108 -1,
          104 106 105 -1,
          106 109 108 -1,
          108 110 111 -1,
          109 110 108 -1,
          111 112 113 -1,
          110 112 111 -1,
          113 114 115 -1,
          112 114 113 -1,
          115 116 117 -1,
          117 116 118 -1,
          114 116 115 -1,
          116 119 118 -1,
          118 120 121 -1,
          119 120 118 -1,
          121 122 123 -1,
          120 122 121 -1,
          123 124 125 -1,
          122 124 123 -1,
          125 126 127 -1,
          124 126 125 -1,
        ]
      }
    }
    Shape {
      appearance Appearance {
        material Material {
          diffuseColor 0.200 0.200 0.200
          specularColor 0.050 0.050 0.050
          shininess 0.15
        }
      }
      geometry IndexedFaceSet {
        creaseAngle 0.785398
        solid TRUE
        coord Coordinate { point [
          0.8000 19.5000 7.3000,
          0.7990 19.5399 7.3000,
          0.8000 19.5000 5.7000,
          0.7990 19.5399 5.7000,
          0.7960 19.5797 7.3000,
          0.7960 19.5797 5.7000,
          0.7911 19.6192 7.3000,
          0.7911 19.6192 5.7000,
          0.7841 19.6585 7.3000,
          0.7841 19.6585 5.7000,
          0.7753 19.6974 7.3000,
          0.7753 19.6974 5.7000,
          0.7645 19.7358 7.3000,
          0.7645 19.7358 5.7000,
          0.7518 19.7736 5.7000,
          0.7518 19.7736 7.3000,
          0.7372 19.8107 7.3000,
          0.7372 19.8107 5.7000,
          0.7208 19.8471 5.7000,
          0.7208 19.8471 7.3000,
          0.7026 19.8826 7.3000,
          0.7026 19.8826 5.7000,
          0.6826 19.9171 5.7000,
          0.6826 19.9171 7.3000,
          0.6610 19.9507 7.3000,
          0.6610 19.9507 5.7000,
          0.6377 19.9830 7.3000,
          0.6377 19.9830 5.7000,
          0.6128 20.0142 7.3000,
          0.6128 20.0142 5.7000,
          0.5864 20.0441 7.3000,
          0.5864 20.0441 5.7000,
          0.5586 20.0727 5.7000,
          0.5586 20.0727 7.3000,
          0.5293 20.0998 7.3000,
          0.5293 20.0998 5.7000,
          0.4988 20.1255 7.3000,
          0.4988 20.1255 5.7000,
          0.4670 20.1496 7.3000,
          0.4670 20.1496 5.7000,
          0.4340 20.1720 5.7000,
          0.4340 20.1720 7.3000,
          0.4000 20.1928 7.3000,
          0.4000 20.1928 5.7000,
          0.3650 20.2119 5.7000,
          0.3650 20.2119 7.3000,
          0.3290 20.2292 7.3000,
          0.3290 20.2292 5.7000,
          0.2923 20.2447 7.3000,
          0.2923 20.2447 5.7000,
          0.2548 20.2583 7.3000,
          0.2548 20.2583 5.7000,
          0.2167 20.2701 7.3000,
          0.2167 20.2701 5.7000,
          0.1780 20.2799 7.3000,
          0.1780 20.2799 5.7000,
          0.1389 20.2878 7.3000,
          0.1389 20.2878 5.7000,
          0.0995 20.2938 7.3000,
          0.0995 20.2938 5.7000,
          0.0598 20.2978 7.3000,
          0.0598 20.2978 5.7000,
          0.0199 20.2998 7.3000,
          0.0199 20.2998 5.7000,
          -0.0199 20.2998 7.3000,
          -0.0199 20.2998 5.7000,
          -0.0598 20.2978 5.7000,
          -0.0598 20.2978 7.3000,
          -0.0995 20.2938 7.3000,
          -0.0995 20.2938 5.7000,
          -0.1389 20.2878 5.7000,
          -0.1389 20.2878 7.3000,
          -0.1780 20.2799 7.3000,
          -0.1780 20.2799 5.7000,
          -0.2167 20.2701 7.3000,
          -0.2167 20.2701 5.7000,
          -0.2548 20.2583 7.3000,
          -0.2548 20.2583 5.7000,
          -0.2923 20.2447 5.7000,
          -0.2923 20.2447 7.3000,
          -0.3290 20.2292 7.3000,
          -0.3290 20.2292 5.7000,
          -0.3650 20.2119 7.3000,
          -0.3650 20.2119 5.7000,
          -0.4000 20.1928 5.7000,
          -0.4000 20.1928 7.3000,
          -0.4340 20.1720 7.3000,
          -0.4340 20.1720 5.7000,
          -0.4670 20.1496 7.3000,
          -0.4670 20.1496 5.7000,
          -0.4988 20.1255 7.3000,
          -0.4988 20.1255 5.7000,
          -0.5293 20.0998 7.3000,
          -0.5293 20.0998 5.7000,
          -0.5586 20.0727 7.3000,
          -0.5586 20.0727 5.7000,
          -0.5864 20.0441 5.7000,
          -0.5864 20.0441 7.3000,
          -0.6128 20.0142 5.7000,
          -0.6128 20.0142 7.3000,
          -0.6377 19.9830 5.7000,
          -0.6377 19.9830 7.3000,
          -0.6610 19.9507 7.3000,
          -0.6610 19.9507 5.7000,
          -0.6826 19.9171 7.3000,
          -0.6826 19.9171 5.7000,
          -0.7026 19.8826 7.3000,
          -0.7026 19.8826 5.7000,
          -0.7208 19.8471 5.7000,
          -0.7208 19.8471 7.3000,
          -0.7372 19.8107 7.3000,
          -0.7372 19.8107 5.7000,
          -0.7518 19.7736 7.3000,
          -0.7518 19.7736 5.7000,
          -0.7645 19.7358 7.3000,
          -0.7645 19.7358 5.7000,
          -0.7753 19.6974 7.3000,
          -0.7753 19.6974 5.7000,
          -0.7841 19.6585 7.3000,
          -0.7841 19.6585 5.7000,
          -0.7911 19.6192 7.3000,
          -0.7911 19.6192 5.7000,
          -0.7960 19.5797 7.3000,
          -0.7960 19.5797 5.7000,
          -0.7990 19.5399 7.3000,
          -0.7990 19.5399 5.7000,
          -0.8000 19.5000 7.3000,
          -0.8000 19.5000 5.7000,
        ] }
        coordIndex [
          0 1 2 -1,
          2 1 3 -1,
          1 4 3 -1,
          3 4 5 -1,
          4 6 5 -1,
          5 6 7 -1,
          6 8 7 -1,
          7 8 9 -1,
          8 10 9 -1,
          9 10 11 -1,
          10 12 11 -1,
          11 12 13 -1,
          13 12 14 -1,
          12 15 14 -1,
          15 16 14 -1,
          14 16 17 -1,
          17 16 18 -1,
          16 19 18 -1,
          19 20 18 -1,
          18 20 21 -1,
          21 20 22 -1,
          20 23 22 -1,
          22 24 25 -1,
          23 24 22 -1,
          25 26 27 -1,
          24 26 25 -1,
          27 28 29 -1,
          26 28 27 -1,
          29 30 31 -1,
          31 30 32 -1,
          28 30 29 -1,
          30 33 32 -1,
          33 34 32 -1,
          32 34 35 -1,
          34 36 35 -1,
          35 36 37 -1,
          36 38 37 -1,
          37 38 39 -1,
          39 38 40 -1,
          38 41 40 -1,
          41 42 40 -1,
          40 42 43 -1,
          43 42 44 -1,
          42 45 44 -1,
          45 46 44 -1,
          44 46 47 -1,
          46 48 47 -1,
          47 48 49 -1,
          48 50 49 -1,
          49 50 51 -1,
          50 52 51 -1,
          51 52 53 -1,
          52 54 53 -1,
          53 54 55 -1,
          54 56 55 -1,
          55 56 57 -1,
          56 58 57 -1,
          57 58 59 -1,
          58 60 59 -1,
          59 60 61 -1,
          60 62 61 -1,
          61 62 63 -1,
          62 64 63 -1,
          63 64 65 -1,
          65 64 66 -1,
          64 67 66 -1,
          67 68 66 -1,
          66 68 69 -1,
          69 68 70 -1,
          68 71 70 -1,
          71 72 70 -1,
          70 72 73 -1,
          73 74 75 -1,
          72 74 73 -1,
          75 76 77 -1,
          77 76 78 -1,
          74 76 75 -1,
          76 79 78 -1,
          78 80 81 -1,
          79 80 78 -1,
          81 82 83 -1,
          83 82 84 -1,
          80 82 81 -1,
          82 85 84 -1,
          85 86 84 -1,
          84 86 87 -1,
          86 88 87 -1,
          87 88 89 -1,
          89 90 91 -1,
          88 90 89 -1,
          91 92 93 -1,
          90 92 91 -1,
          93 94 95 -1,
          95 94 96 -1,
          92 94 93 -1,
          96 97 98 -1,
          94 97 96 -1,
          98 99 100 -1,
          97 99 98 -1,
          99 101 100 -1,
          100 102 103 -1,
          101 102 100 -1,
          103 104 105 -1,
          102 104 103 -1,
          105 106 107 -1,
          107 106 108 -1,
          104 106 105 -1,
          106 109 108 -1,
          108 110 111 -1,
          109 110 108 -1,
          111 112 113 -1,
          110 112 111 -1,
          113 114 115 -1,
          112 114 113 -1,
          115 116 117 -1,
          114 116 115 -1,
          117 118 119 -1,
          116 118 117 -1,
          119 120 121 -1,
          118 120 119 -1,
          121 122 123 -1,
          120 122 121 -1,
          123 124 125 -1,
          122 124 123 -1,
          125 126 127 -1,
          124 126 125 -1,
        ]
      }
    }
    Shape {
      appearance Appearance {
        material Material {
          diffuseColor 0.200 0.200 0.200
          specularColor 0.050 0.050 0.050
          shininess 0.15
        }
      }
      geometry IndexedFaceSet {
        creaseAngle 0.785398
        solid TRUE
        coord Coordinate { point [
          5.1314 5.2388 0.7000,
          4.3250 5.9870 0.7000,
          4.8877 4.9889 0.7000,
          4.1196 5.7764 0.7000,
          3.9039 5.5763 0.7000,
          4.6318 4.7515 0.7000,
          5.3623 5.5005 0.7000,
          4.5197 6.2076 0.7000,
          3.6786 5.3872 0.7000,
          4.3644 4.5272 0.7000,
          4.7031 6.4376 0.7000,
          5.5799 5.7734 0.7000,
          3.4441 5.2096 0.7000,
          4.0862 4.3164 0.7000,
          4.8748 6.6764 0.7000,
          5.7837 6.0568 0.7000,
          3.2010 5.0438 0.7000,
          3.7978 4.1198 0.7000,
          3.5000 3.9378 0.7000,
          5.9730 6.3500 0.7000,
          5.0344 6.9235 0.7000,
          6.1476 6.6522 0.7000,
          2.9500 4.8905 0.7000,
          5.1815 7.1783 0.7000,
          2.6916 4.7498 0.7000,
          3.1935 3.7709 0.7000,
          6.3068 6.9628 0.7000,
          5.3157 7.4401 0.7000,
          6.4503 7.2810 0.7000,
          2.4266 4.6221 0.7000,
          2.8790 3.6195 0.7000,
          2.5574 3.4839 0.7000,
          5.4367 7.7082 0.7000,
          2.1555 4.5078 0.7000,
          5.5442 7.9821 0.7000,
          6.5778 7.6059 0.7000,
          6.6890 7.9367 0.7000,
          1.8791 4.4072 0.7000,
          2.2294 3.3645 0.7000,
          1.8959 3.2616 0.7000,
          5.6379 8.2609 0.7000,
          1.5980 4.3205 0.7000,
          6.7835 8.2727 0.7000,
          5.7176 8.5441 0.7000,
          1.3129 4.2479 0.7000,
          1.5576 3.1755 0.7000,
          6.8612 8.6130 0.7000,
          5.7830 8.8309 0.7000,
          1.0245 4.1896 0.7000,
          1.2155 3.1063 0.7000,
          5.8341 9.1207 0.7000,
          6.9218 8.9567 0.7000,
          0.7336 4.1458 0.7000,
          0.8704 3.0543 0.7000,
          0.5231 3.0196 0.7000,
          6.9652 9.3030 0.7000,
          5.8707 9.4125 0.7000,
          0.4409 4.1165 0.7000,
          5.8927 9.7059 0.7000,
          6.9913 9.6511 0.7000,
          7.0000 10.0000 0.7000,
          0.1471 4.1018 0.7000,
          0.1745 3.0022 0.7000,
          5.9000 10.0000 0.7000,
          -0.1471 4.1018 0.7000,
          -0.1745 3.0022 0.7000,
          5.8929 10.2892 0.7000,
          6.9913 10.3489 0.7000,
          -0.5231 3.0196 0.7000,
          -0.4409 4.1165 0.7000,
          -0.8704 3.0543 0.7000,
          6.9652 10.6970 0.7000,
          5.8717 10.5777 0.7000,
          -0.7336 4.1458 0.7000,
          6.9218 11.0433 0.7000,
          5.8363 10.8647 0.7000,
          -1.0245 4.1896 0.7000,
          -1.2155 3.1063 0.7000,
          6.8612 11.3870 0.7000,
          5.7869 11.1498 0.7000,
          -1.3129 4.2479 0.7000,
          -1.5576 3.1755 0.7000,
          5.7236 11.4320 0.7000,
          6.7835 11.7273 0.7000,
          -1.5980 4.3205 0.7000,
          -1.8959 3.2616 0.7000,
          5.6465 11.7108 0.7000,
          6.6890 12.0633 0.7000,
          -1.8791 4.4072 0.7000,
          -2.2294 3.3645 0.7000,
          5.5559 11.9855 0.7000,
          6.5778 12.3941 0.7000,
          -2.1555 4.5078 0.7000,
          -2.5574 3.4839 0.7000,
          5.4519 12.2554 0.7000,
          6.4503 12.7190 0.7000,
          -2.8790 3.6195 0.7000,
          -2.4266 4.6221 0.7000,
          -3.1935 3.7709 0.7000,
          5.3348 12.5199 0.7000,
          6.3068 13.0372 0.7000,
          -2.6916 4.7498 0.7000,
          5.2049 12.7784 0.7000,
          6.1476 13.3478 0.7000,
          -2.9500 4.8905 0.7000,
          -3.5000 3.9378 0.7000,
          5.0624 13.0301 0.7000,
          5.9730 13.6500 0.7000,
          -3.2010 5.0438 0.7000,
          -3.7978 4.1198 0.7000,
          4.9078 13.2746 0.7000,
          5.7837 13.9432 0.7000,
          -3.4441 5.2096 0.7000,
          -4.0862 4.3164 0.7000,
          4.7414 13.5112 0.7000,
          5.5799 14.2266 0.7000,
          -3.6786 5.3872 0.7000,
          -4.3644 4.5272 0.7000,
          5.3623 14.4995 0.7000,
          4.5636 13.7394 0.7000,
          -3.9039 5.5763 0.7000,
          -4.6318 4.7515 0.7000,
          4.3749 13.9586 0.7000,
          5.1314 14.7612 0.7000,
          -4.1196 5.7764 0.7000,
          -4.8877 4.9889 0.7000,
          4.1756 14.1683 0.7000,
          4.8877 15.0111 0.7000,
          -4.3250 5.9870 0.7000,
          -5.1314 5.2388 0.7000,
          3.9663 14.3679 0.7000,
          4.6318 15.2485 0.7000,
          3.7474 14.5571 0.7000,
          -5.3623 5.5005 0.7000,
          -4.5197 6.2076 0.7000,
          4.3644 15.4728 0.7000,
          -4.7031 6.4376 0.7000,
          3.5196 14.7353 0.7000,
          -5.5799 5.7734 0.7000,
          -4.8748 6.6764 0.7000,
          4.0862 15.6836 0.7000,
          3.2832 14.9021 0.7000,
          -5.7837 6.0568 0.7000,
          3.7978 15.8802 0.7000,
          3.0390 15.0571 0.7000,
          -5.9730 6.3500 0.7000,
          -5.0344 6.9235 0.7000,
          3.5000 16.0622 0.7000,
          2.7875 15.2000 0.7000,
          -6.1476 6.6522 0.7000,
          -5.1815 7.1783 0.7000,
          3.1935 16.2291 0.7000,
          2.5293 15.3303 0.7000,
          -6.3068 6.9628 0.7000,
          -5.3157 7.4401 0.7000,
          2.8790 16.3805 0.7000,
          2.2650 15.4479 0.7000,
          -6.4503 7.2810 0.7000,
          -5.4367 7.7082 0.7000,
          2.5574 16.5161 0.7000,
          1.9953 15.5524 0.7000,
          -5.6379 8.2609 0.7000,
          -6.5778 7.6059 0.7000,
          -5.5442 7.9821 0.7000,
          2.2294 16.6355 0.7000,
          1.7207 15.6435 0.7000,
          -6.6890 7.9367 0.7000,
          1.8959 16.7384 0.7000,
          1.4421 15.7211 0.7000,
          -5.7830 8.8309 0.7000,
          -6.7835 8.2727 0.7000,
          -5.7176 8.5441 0.7000,
          1.5576 16.8245 0.7000,
          1.1599 15.7849 0.7000,
          -5.8341 9.1207 0.7000,
          -6.8612 8.6130 0.7000,
          1.2155 16.8937 0.7000,
          0.8750 15.8348 0.7000,
          -6.9218 8.9567 0.7000,
          0.8704 16.9457 0.7000,
          -5.8707 9.4125 0.7000,
          -6.9652 9.3030 0.7000,
          0.5231 16.9804 0.7000,
          -6.9913 9.6511 0.7000,
          -5.9000 10.0000 0.7000,
          -5.8927 9.7059 0.7000,
          -0.8750 15.8348 0.7000,
          0.8750 14.5500 0.7000,
          -0.8750 14.5500 0.7000,
          0.1745 16.9978 0.7000,
          -7.0000 10.0000 0.7000,
          -5.8929 10.2892 0.7000,
          -0.1745 16.9978 0.7000,
          -6.9913 10.3489 0.7000,
          -5.8717 10.5777 0.7000,
          -0.5231 16.9804 0.7000,
          -6.9652 10.6970 0.7000,
          -5.8363 10.8647 0.7000,
          -0.8704 16.9457 0.7000,
          -5.7869 11.1498 0.7000,
          -6.9218 11.0433 0.7000,
          -1.2155 16.8937 0.7000,
          -1.1599 15.7849 0.7000,
          -5.7236 11.4320 0.7000,
          -6.8612 11.3870 0.7000,
          -1.5576 16.8245 0.7000,
          -1.4421 15.7211 0.7000,
          -6.7835 11.7273 0.7000,
          -5.6465 11.7108 0.7000,
          -1.8959 16.7384 0.7000,
          -1.7207 15.6435 0.7000,
          -6.6890 12.0633 0.7000,
          -5.5559 11.9855 0.7000,
          -2.2294 16.6355 0.7000,
          -1.9953 15.5524 0.7000,
          -6.5778 12.3941 0.7000,
          -5.4519 12.2554 0.7000,
          -2.5574 16.5161 0.7000,
          -2.2650 15.4479 0.7000,
          -6.4503 12.7190 0.7000,
          -5.3348 12.5199 0.7000,
          -2.8790 16.3805 0.7000,
          -2.5293 15.3303 0.7000,
          -6.3068 13.0372 0.7000,
          -5.2049 12.7784 0.7000,
          -3.1935 16.2291 0.7000,
          -2.7875 15.2000 0.7000,
          -6.1476 13.3478 0.7000,
          -5.0624 13.0301 0.7000,
          -3.5000 16.0622 0.7000,
          -3.0390 15.0571 0.7000,
          -5.9730 13.6500 0.7000,
          -4.9078 13.2746 0.7000,
          -3.7978 15.8802 0.7000,
          -3.2832 14.9021 0.7000,
          -5.7837 13.9432 0.7000,
          -4.7414 13.5112 0.7000,
          -4.0862 15.6836 0.7000,
          -3.5196 14.7353 0.7000,
          -5.5799 14.2266 0.7000,
          -4.5636 13.7394 0.7000,
          -4.3644 15.4728 0.7000,
          -3.7474 14.5571 0.7000,
          -5.3623 14.4995 0.7000,
          -4.3749 13.9586 0.7000,
          -4.6318 15.2485 0.7000,
          -3.9663 14.3679 0.7000,
          -4.1756 14.1683 0.7000,
          -5.1314 14.7612 0.7000,
          -4.8877 15.0111 0.7000,
        ] }
        coordIndex [
          0 1 2 -1,
          2 1 3 -1,
          2 4 5 -1,
          3 4 2 -1,
          6 7 0 -1,
          0 7 1 -1,
          5 8 9 -1,
          4 8 5 -1,
          6 10 7 -1,
          11 10 6 -1,
          8 12 9 -1,
          9 12 13 -1,
          11 14 10 -1,
          15 14 11 -1,
          12 16 13 -1,
          17 16 18 -1,
          13 16 17 -1,
          19 20 15 -1,
          21 20 19 -1,
          15 20 14 -1,
          16 22 18 -1,
          21 23 20 -1,
          22 24 18 -1,
          18 24 25 -1,
          26 27 21 -1,
          28 27 26 -1,
          21 27 23 -1,
          24 29 25 -1,
          30 29 31 -1,
          25 29 30 -1,
          28 32 27 -1,
          29 33 31 -1,
          28 34 32 -1,
          35 34 28 -1,
          36 34 35 -1,
          33 37 31 -1,
          38 37 39 -1,
          31 37 38 -1,
          36 40 34 -1,
          37 41 39 -1,
          42 43 36 -1,
          36 43 40 -1,
          39 44 45 -1,
          41 44 39 -1,
          46 47 42 -1,
          42 47 43 -1,
          44 48 45 -1,
          45 48 49 -1,
          46 50 47 -1,
          51 50 46 -1,
          48 52 49 -1,
          53 52 54 -1,
          49 52 53 -1,
          55 56 51 -1,
          51 56 50 -1,
          52 57 54 -1,
          55 58 56 -1,
          59 58 55 -1,
          60 58 59 -1,
          54 61 62 -1,
          57 61 54 -1,
          60 63 58 -1,
          62 64 65 -1,
          61 64 62 -1,
          60 66 63 -1,
          67 66 60 -1,
          68 69 70 -1,
          65 69 68 -1,
          64 69 65 -1,
          71 72 67 -1,
          67 72 66 -1,
          69 73 70 -1,
          74 75 71 -1,
          71 75 72 -1,
          70 76 77 -1,
          73 76 70 -1,
          78 79 74 -1,
          74 79 75 -1,
          76 80 77 -1,
          77 80 81 -1,
          78 82 79 -1,
          83 82 78 -1,
          81 84 85 -1,
          80 84 81 -1,
          83 86 82 -1,
          87 86 83 -1,
          84 88 85 -1,
          85 88 89 -1,
          87 90 86 -1,
          91 90 87 -1,
          88 92 89 -1,
          89 92 93 -1,
          91 94 90 -1,
          95 94 91 -1,
          96 97 98 -1,
          93 97 96 -1,
          92 97 93 -1,
          95 99 94 -1,
          100 99 95 -1,
          97 101 98 -1,
          100 102 99 -1,
          103 102 100 -1,
          98 104 105 -1,
          101 104 98 -1,
          103 106 102 -1,
          107 106 103 -1,
          105 108 109 -1,
          104 108 105 -1,
          107 110 106 -1,
          111 110 107 -1,
          109 112 113 -1,
          108 112 109 -1,
          111 114 110 -1,
          115 114 111 -1,
          113 116 117 -1,
          112 116 113 -1,
          118 119 115 -1,
          115 119 114 -1,
          117 120 121 -1,
          116 120 117 -1,
          118 122 119 -1,
          118 123 122 -1,
          121 124 125 -1,
          120 124 121 -1,
          123 126 122 -1,
          123 127 126 -1,
          124 128 125 -1,
          128 129 125 -1,
          127 130 126 -1,
          127 131 130 -1,
          131 132 130 -1,
          128 133 129 -1,
          134 133 128 -1,
          131 135 132 -1,
          134 136 133 -1,
          135 137 132 -1,
          136 138 133 -1,
          136 139 138 -1,
          135 140 137 -1,
          140 141 137 -1,
          139 142 138 -1,
          140 143 141 -1,
          141 143 144 -1,
          139 145 142 -1,
          146 145 139 -1,
          144 147 148 -1,
          143 147 144 -1,
          146 149 145 -1,
          150 149 146 -1,
          148 151 152 -1,
          147 151 148 -1,
          150 153 149 -1,
          154 153 150 -1,
          152 155 156 -1,
          151 155 152 -1,
          154 157 153 -1,
          158 157 154 -1,
          156 159 160 -1,
          155 159 156 -1,
          161 162 163 -1,
          163 162 158 -1,
          158 162 157 -1,
          160 164 165 -1,
          159 164 160 -1,
          161 166 162 -1,
          165 167 168 -1,
          164 167 165 -1,
          169 170 171 -1,
          171 170 161 -1,
          161 170 166 -1,
          168 172 173 -1,
          167 172 168 -1,
          174 175 169 -1,
          169 175 170 -1,
          173 176 177 -1,
          172 176 173 -1,
          174 178 175 -1,
          176 179 177 -1,
          180 181 174 -1,
          174 181 178 -1,
          179 182 177 -1,
          180 183 181 -1,
          184 183 185 -1,
          185 183 180 -1,
          177 186 187 -1,
          187 186 188 -1,
          182 189 177 -1,
          184 190 183 -1,
          191 190 184 -1,
          177 192 186 -1,
          189 192 177 -1,
          191 193 190 -1,
          194 193 191 -1,
          192 195 186 -1,
          194 196 193 -1,
          197 196 194 -1,
          195 198 186 -1,
          199 200 197 -1,
          197 200 196 -1,
          186 201 202 -1,
          198 201 186 -1,
          203 204 199 -1,
          199 204 200 -1,
          202 205 206 -1,
          201 205 202 -1,
          203 207 204 -1,
          208 207 203 -1,
          206 209 210 -1,
          205 209 206 -1,
          208 211 207 -1,
          212 211 208 -1,
          210 213 214 -1,
          209 213 210 -1,
          212 215 211 -1,
          216 215 212 -1,
          214 217 218 -1,
          213 217 214 -1,
          216 219 215 -1,
          220 219 216 -1,
          217 221 218 -1,
          218 221 222 -1,
          220 223 219 -1,
          224 223 220 -1,
          222 225 226 -1,
          221 225 222 -1,
          224 227 223 -1,
          228 227 224 -1,
          226 229 230 -1,
          225 229 226 -1,
          228 231 227 -1,
          232 231 228 -1,
          230 233 234 -1,
          229 233 230 -1,
          232 235 231 -1,
          236 235 232 -1,
          234 237 238 -1,
          233 237 234 -1,
          236 239 235 -1,
          240 239 236 -1,
          238 241 242 -1,
          237 241 238 -1,
          240 243 239 -1,
          244 243 240 -1,
          242 245 246 -1,
          241 245 242 -1,
          247 248 244 -1,
          244 248 243 -1,
          246 249 247 -1,
          247 249 248 -1,
          245 249 246 -1,
        ]
      }
    }
    Shape {
      appearance Appearance {
        material Material {
          diffuseColor 0.200 0.200 0.200
          specularColor 0.050 0.050 0.050
          shininess 0.15
        }
      }
      geometry IndexedFaceSet {
        creaseAngle 0.785398
        solid TRUE
        coord Coordinate { point [
          -7.5000 0.1750 -0.9250,
          -7.4036 0.1167 -0.9786,
          -7.4546 0.1750 -0.9239,
          -7.4093 0.1750 -0.9205,
          -7.3643 0.1750 -0.9150,
          -7.3361 -0.0000 -1.0877,
          -7.3979 0.0583 -1.0367,
          -7.3905 -0.0000 -1.0945,
          -7.4452 -0.0000 -1.0986,
          -7.5000 -0.0000 -1.1000,
          -7.3082 0.1167 -0.9644,
          -7.3195 0.1750 -0.9072,
          -7.2752 0.1750 -0.8973,
          -7.2968 0.0583 -1.0217,
          -7.2286 -0.0000 -1.0660,
          -7.2820 -0.0000 -1.0782,
          -7.2146 0.1167 -0.9410,
          -7.2315 0.1750 -0.8852,
          -7.1884 0.1750 -0.8709,
          -7.1976 0.0583 -0.9968,
          -7.1238 -0.0000 -1.0337,
          -7.1758 -0.0000 -1.0511,
          -7.1237 0.1167 -0.9085,
          -7.1460 0.1750 -0.8546,
          -7.1045 0.1750 -0.8362,
          -7.1014 0.0583 -0.9624,
          -7.0227 -0.0000 -0.9911,
          -7.0727 -0.0000 -1.0136,
          -7.0365 0.1167 -0.8672,
          -7.0640 0.1750 -0.8158,
          -7.0245 0.1750 -0.7934,
          -7.0090 0.0583 -0.9187,
          -6.9264 -0.0000 -0.9386,
          -6.9739 -0.0000 -0.9660,
          -6.9537 0.1167 -0.8176,
          -6.9861 0.1750 -0.7691,
          -6.9490 0.1750 -0.7430,
          -6.9213 0.0583 -0.8661,
          -6.8358 -0.0000 -0.8768,
          -6.8803 -0.0000 -0.9089,
          -6.8762 0.1167 -0.7601,
          -6.9132 0.1750 -0.7150,
          -6.8788 0.1750 -0.6854,
          -6.8392 0.0583 -0.8052,
          -6.7518 -0.0000 -0.8064,
          -6.7929 -0.0000 -0.8426,
          -6.8047 0.1167 -0.6953,
          -6.8459 0.1750 -0.6541,
          -6.8146 0.1750 -0.6212,
          -6.7634 0.0583 -0.7366,
          -6.6752 -0.0000 -0.7279,
          -6.7125 -0.0000 -0.7681,
          -6.7399 0.1167 -0.6238,
          -6.7850 0.1750 -0.5868,
          -6.7570 0.1750 -0.5510,
          -6.6948 0.0583 -0.6608,
          -6.6069 -0.0000 -0.6421,
          -6.6400 -0.0000 -0.6858,
          -6.6824 0.1167 -0.5463,
          -6.7309 0.1750 -0.5139,
          -6.7066 0.1750 -0.4755,
          -6.6339 0.0583 -0.5787,
          -6.5474 -0.0000 -0.5500,
          -6.5760 -0.0000 -0.5968,
          -6.6328 0.1167 -0.4635,
          -6.6842 0.1750 -0.4360,
          -6.6638 0.1750 -0.3955,
          -6.4973 -0.0000 -0.4524,
          -6.5813 0.0583 -0.4910,
          -6.5211 -0.0000 -0.5018,
          -6.5915 0.1167 -0.3763,
          -6.6454 0.1750 -0.3540,
          -6.6291 0.1750 -0.3116,
          -6.4573 -0.0000 -0.3503,
          -6.5376 0.0583 -0.3986,
          -6.4760 -0.0000 -0.4019,
          -6.5590 0.1167 -0.2854,
          -6.6148 0.1750 -0.2685,
          -6.6027 0.1750 -0.2248,
          -6.5032 0.0583 -0.3024,
          -6.4276 -0.0000 -0.2448,
          -6.4411 -0.0000 -0.2979,
          -6.5356 0.1167 -0.1918,
          -6.5928 0.1750 -0.1805,
          -6.5850 0.1750 -0.1357,
          -6.4783 0.0583 -0.2032,
          -6.4085 -0.0000 -0.1368,
          -6.4167 -0.0000 -0.1910,
          -6.5214 0.1167 -0.0964,
          -6.5795 0.1750 -0.0907,
          -6.5761 0.1750 -0.0454,
          -6.4003 -0.0000 -0.0274,
          -6.4633 0.0583 -0.1021,
          -6.4031 -0.0000 -0.0822,
          -6.5167 0.1167 0.0000,
          -6.5750 0.1750 -0.0000,
          -6.5761 0.1750 0.0454,
          -6.4583 0.0583 0.0000,
          -6.4003 -0.0000 0.0274,
          -6.5214 0.1167 0.0964,
          -6.5795 0.1750 0.0907,
          -6.5850 0.1750 0.1357,
          -6.4085 -0.0000 0.1368,
          -6.4633 0.0583 0.1021,
          -6.4031 -0.0000 0.0822,
          -6.5928 0.1750 0.1805,
          -6.5356 0.1167 0.1918,
          -6.6027 0.1750 0.2248,
          -6.4276 -0.0000 0.2448,
          -6.4783 0.0583 0.2032,
          -6.4167 -0.0000 0.1910,
          -6.5590 0.1167 0.2854,
          -6.6148 0.1750 0.2685,
          -6.6291 0.1750 0.3116,
          -6.4573 -0.0000 0.3503,
          -6.5032 0.0583 0.3024,
          -6.4411 -0.0000 0.2979,
          -6.5915 0.1167 0.3763,
          -6.6454 0.1750 0.3540,
          -6.6638 0.1750 0.3955,
          -6.4973 -0.0000 0.4524,
          -6.5376 0.0583 0.3986,
          -6.4760 -0.0000 0.4019,
          -6.6328 0.1167 0.4635,
          -6.6842 0.1750 0.4360,
          -6.7066 0.1750 0.4755,
          -6.5813 0.0583 0.4910,
          -6.5474 -0.0000 0.5500,
          -6.5211 -0.0000 0.5018,
          -6.6824 0.1167 0.5463,
          -6.7309 0.1750 0.5139,
          -6.7570 0.1750 0.5510,
          -6.6069 -0.0000 0.6421,
          -6.6339 0.0583 0.5787,
          -6.5760 -0.0000 0.5968,
          -6.7399 0.1167 0.6238,
          -6.7850 0.1750 0.5868,
          -6.8146 0.1750 0.6212,
          -6.6948 0.0583 0.6608,
          -6.6752 -0.0000 0.7279,
          -6.6400 -0.0000 0.6858,
          -6.8047 0.1167 0.6953,
          -6.8459 0.1750 0.6541,
          -6.8788 0.1750 0.6854,
          -6.7518 -0.0000 0.8064,
          -6.7634 0.0583 0.7366,
          -6.7125 -0.0000 0.7681,
          -6.8762 0.1167 0.7601,
          -6.9132 0.1750 0.7150,
          -6.9490 0.1750 0.7430,
          -6.8358 -0.0000 0.8768,
          -6.8392 0.0583 0.8052,
          -6.7929 -0.0000 0.8426,
          -6.9537 0.1167 0.8176,
          -6.9861 0.1750 0.7691,
          -7.0245 0.1750 0.7934,
          -6.9213 0.0583 0.8661,
          -6.9264 -0.0000 0.9386,
          -6.8803 -0.0000 0.9089,
          -7.0365 0.1167 0.8672,
          -7.0640 0.1750 0.8158,
          -7.1045 0.1750 0.8362,
          -7.0090 0.0583 0.9187,
          -7.0227 -0.0000 0.9911,
          -6.9739 -0.0000 0.9660,
          -7.1237 0.1167 0.9085,
          -7.1460 0.1750 0.8546,
          -7.1884 0.1750 0.8709,
          -7.1238 -0.0000 1.0337,
          -7.1014 0.0583 0.9624,
          -7.0727 -0.0000 1.0136,
          -7.2146 0.1167 0.9410,
          -7.2315 0.1750 0.8852,
          -7.2752 0.1750 0.8973,
          -7.1976 0.0583 0.9968,
          -7.2286 -0.0000 1.0660,
          -7.1758 -0.0000 1.0511,
          -7.3082 0.1167 0.9644,
          -7.3195 0.1750 0.9072,
          -7.3643 0.1750 0.9150,
          -7.3361 -0.0000 1.0877,
          -7.2968 0.0583 1.0217,
          -7.2820 -0.0000 1.0782,
          -7.4036 0.1167 0.9786,
          -7.4093 0.1750 0.9205,
          -7.4546 0.1750 0.9239,
          -7.5000 0.1750 0.9250,
          -7.5000 -0.0000 1.1000,
          -7.3979 0.0583 1.0367,
          -7.4452 -0.0000 1.0986,
          -7.3905 -0.0000 1.0945,
        ] }
        coordIndex [
          0 1 2 -1,
          2 1 3 -1,
          3 1 4 -1,
          5 6 7 -1,
          7 6 8 -1,
          8 6 9 -1,
          9 6 0 -1,
          0 6 1 -1,
          1 10 4 -1,
          4 10 11 -1,
          11 10 12 -1,
          1 13 10 -1,
          6 13 1 -1,
          5 13 6 -1,
          14 13 15 -1,
          15 13 5 -1,
          12 16 17 -1,
          17 16 18 -1,
          10 16 12 -1,
          10 19 16 -1,
          20 19 21 -1,
          21 19 14 -1,
          14 19 13 -1,
          13 19 10 -1,
          16 22 18 -1,
          18 22 23 -1,
          23 22 24 -1,
          20 25 19 -1,
          19 25 16 -1,
          26 25 27 -1,
          27 25 20 -1,
          16 25 22 -1,
          22 28 24 -1,
          24 28 29 -1,
          29 28 30 -1,
          26 31 25 -1,
          25 31 22 -1,
          22 31 28 -1,
          32 31 33 -1,
          33 31 26 -1,
          28 34 30 -1,
          30 34 35 -1,
          35 34 36 -1,
          28 37 34 -1,
          38 37 39 -1,
          39 37 32 -1,
          31 37 28 -1,
          32 37 31 -1,
          34 40 36 -1,
          36 40 41 -1,
          41 40 42 -1,
          37 43 34 -1,
          38 43 37 -1,
          44 43 45 -1,
          45 43 38 -1,
          34 43 40 -1,
          40 46 42 -1,
          42 46 47 -1,
          47 46 48 -1,
          44 49 43 -1,
          43 49 40 -1,
          40 49 46 -1,
          50 49 51 -1,
          51 49 44 -1,
          46 52 48 -1,
          48 52 53 -1,
          53 52 54 -1,
          49 55 46 -1,
          50 55 49 -1,
          56 55 57 -1,
          57 55 50 -1,
          46 55 52 -1,
          52 58 54 -1,
          54 58 59 -1,
          59 58 60 -1,
          52 61 58 -1,
          62 61 63 -1,
          63 61 56 -1,
          55 61 52 -1,
          56 61 55 -1,
          58 64 60 -1,
          60 64 65 -1,
          65 64 66 -1,
          67 68 69 -1,
          69 68 62 -1,
          61 68 58 -1,
          58 68 64 -1,
          62 68 61 -1,
          66 70 71 -1,
          71 70 72 -1,
          64 70 66 -1,
          73 74 75 -1,
          75 74 67 -1,
          67 74 68 -1,
          68 74 64 -1,
          64 74 70 -1,
          72 76 77 -1,
          77 76 78 -1,
          70 76 72 -1,
          73 79 74 -1,
          70 79 76 -1,
          80 79 81 -1,
          81 79 73 -1,
          74 79 70 -1,
          76 82 78 -1,
          78 82 83 -1,
          83 82 84 -1,
          76 85 82 -1,
          86 85 87 -1,
          87 85 80 -1,
          79 85 76 -1,
          80 85 79 -1,
          82 88 84 -1,
          84 88 89 -1,
          89 88 90 -1,
          91 92 93 -1,
          93 92 86 -1,
          86 92 85 -1,
          85 92 82 -1,
          82 92 88 -1,
          92 94 88 -1,
          88 94 90 -1,
          90 94 95 -1,
          95 94 96 -1,
          91 97 92 -1,
          98 97 91 -1,
          92 97 94 -1,
          94 99 96 -1,
          96 99 100 -1,
          100 99 101 -1,
          102 103 104 -1,
          104 103 98 -1,
          97 103 94 -1,
          98 103 97 -1,
          94 103 99 -1,
          105 106 107 -1,
          99 106 101 -1,
          101 106 105 -1,
          108 109 110 -1,
          110 109 102 -1,
          99 109 106 -1,
          102 109 103 -1,
          103 109 99 -1,
          107 111 112 -1,
          112 111 113 -1,
          106 111 107 -1,
          114 115 116 -1,
          116 115 108 -1,
          108 115 109 -1,
          109 115 106 -1,
          106 115 111 -1,
          113 117 118 -1,
          118 117 119 -1,
          111 117 113 -1,
          120 121 122 -1,
          122 121 114 -1,
          115 121 111 -1,
          114 121 115 -1,
          111 121 117 -1,
          119 123 124 -1,
          124 123 125 -1,
          117 123 119 -1,
          117 126 123 -1,
          127 126 128 -1,
          128 126 120 -1,
          121 126 117 -1,
          120 126 121 -1,
          125 129 130 -1,
          130 129 131 -1,
          123 129 125 -1,
          132 133 134 -1,
          134 133 127 -1,
          126 133 123 -1,
          127 133 126 -1,
          123 133 129 -1,
          131 135 136 -1,
          136 135 137 -1,
          129 135 131 -1,
          132 138 133 -1,
          139 138 140 -1,
          140 138 132 -1,
          133 138 129 -1,
          129 138 135 -1,
          137 141 142 -1,
          142 141 143 -1,
          135 141 137 -1,
          144 145 146 -1,
          146 145 139 -1,
          139 145 138 -1,
          138 145 135 -1,
          135 145 141 -1,
          143 147 148 -1,
          148 147 149 -1,
          141 147 143 -1,
          145 147 141 -1,
          150 151 152 -1,
          152 151 144 -1,
          144 151 145 -1,
          145 151 147 -1,
          149 153 154 -1,
          154 153 155 -1,
          147 153 149 -1,
          151 156 147 -1,
          157 156 158 -1,
          158 156 150 -1,
          147 156 153 -1,
          150 156 151 -1,
          153 159 155 -1,
          155 159 160 -1,
          160 159 161 -1,
          153 162 159 -1,
          157 162 156 -1,
          163 162 164 -1,
          164 162 157 -1,
          156 162 153 -1,
          159 165 161 -1,
          162 165 159 -1,
          161 165 166 -1,
          166 165 167 -1,
          168 169 170 -1,
          170 169 163 -1,
          163 169 162 -1,
          162 169 165 -1,
          165 171 167 -1,
          167 171 172 -1,
          172 171 173 -1,
          168 174 169 -1,
          175 174 176 -1,
          176 174 168 -1,
          169 174 165 -1,
          165 174 171 -1,
          171 177 173 -1,
          173 177 178 -1,
          178 177 179 -1,
          180 181 182 -1,
          182 181 175 -1,
          174 181 171 -1,
          175 181 174 -1,
          171 181 177 -1,
          179 183 184 -1,
          184 183 185 -1,
          185 183 186 -1,
          177 183 179 -1,
          187 188 189 -1,
          189 188 190 -1,
          190 188 180 -1,
          180 188 181 -1,
          186 188 187 -1,
          181 188 177 -1,
          183 188 186 -1,
          177 188 183 -1,
        ]
      }
    }
    Shape {
      appearance Appearance {
        material Material {
          diffuseColor 0.200 0.200 0.200
          specularColor 0.050 0.050 0.050
          shininess 0.15
        }
      }
      geometry IndexedFaceSet {
        creaseAngle 0.785398
        solid TRUE
        coord Coordinate { point [
          -10.0000 0.8000 -3.2000,
          -0.9000 0.4000 -3.2000,
          -10.0000 -0.0000 -3.2000,
          -0.9000 -0.0000 -3.2000,
          0.9000 0.4000 -3.2000,
          10.0000 0.0000 -3.2000,
          0.9000 0.0000 -3.2000,
          10.0000 0.8000 -3.2000,
        ] }
        coordIndex [
          0 1 2 -1,
          2 1 3 -1,
          4 5 6 -1,
          4 7 5 -1,
          0 7 1 -1,
          1 7 4 -1,
        ]
      }
    }
    Shape {
      appearance Appearance {
        material Material {
          diffuseColor 0.200 0.200 0.200
          specularColor 0.050 0.050 0.050
          shininess 0.15
        }
      }
      geometry IndexedFaceSet {
        creaseAngle 0.785398
        solid TRUE
        coord Coordinate { point [
          -0.9000 0.4000 -3.2000,
          -0.9000 0.4000 4.9000,
          -0.9000 -0.0000 -3.2000,
          -0.9000 -0.0000 4.9000,
        ] }
        coordIndex [
          0 1 2 -1,
          2 1 3 -1,
        ]
      }
    }
    Shape {
      appearance Appearance {
        material Material {
          diffuseColor 0.200 0.200 0.200
          specularColor 0.050 0.050 0.050
          shininess 0.15
        }
      }
      geometry IndexedFaceSet {
        creaseAngle 0.785398
        solid TRUE
        coord Coordinate { point [
          9.2000 0.8000 -6.6500,
          9.2000 0.8000 -5.0000,
          7.7000 0.8000 -6.6500,
          10.0000 0.8000 -5.0000,
          10.0000 0.8000 -3.2000,
          7.7000 0.8000 -4.5000,
          7.3000 0.8000 -4.5000,
          5.1998 0.8000 -4.5000,
          7.3000 0.8000 -6.6500,
          5.1998 0.8000 -6.6500,
          4.8002 0.8000 -4.5000,
          0.1998 0.8000 -4.5000,
          4.8002 0.8000 -6.6500,
          0.1998 0.8000 -6.6500,
          -0.1998 0.8000 -4.5000,
          -4.8002 0.8000 -4.5000,
          -0.1998 0.8000 -6.6500,
          -4.8002 0.8000 -6.6500,
          -5.1998 0.8000 -6.6500,
          -7.3000 0.8000 -4.5000,
          -7.3000 0.8000 -6.6500,
          -5.1998 0.8000 -4.5000,
          -7.7000 0.8000 -4.5000,
          -9.2000 0.8000 -5.0000,
          -7.7000 0.8000 -6.6500,
          -9.2000 0.8000 -6.6500,
          -10.0000 0.8000 -3.2000,
          -10.0000 0.8000 -5.0000,
        ] }
        coordIndex [
          0 1 2 -1,
          3 4 1 -1,
          4 5 1 -1,
          1 5 2 -1,
          4 6 5 -1,
          6 7 8 -1,
          8 7 9 -1,
          4 7 6 -1,
          4 10 7 -1,
          10 11 12 -1,
          12 11 13 -1,
          14 15 16 -1,
          16 15 17 -1,
          18 19 20 -1,
          21 19 18 -1,
          22 23 24 -1,
          24 23 25 -1,
          19 26 22 -1,
          23 26 27 -1,
          15 26 21 -1,
          21 26 19 -1,
          22 26 23 -1,
          4 26 10 -1,
          10 26 11 -1,
          11 26 14 -1,
          14 26 15 -1,
        ]
      }
    }
    Shape {
      appearance Appearance {
        material Material {
          diffuseColor 0.200 0.200 0.200
          specularColor 0.050 0.050 0.050
          shininess 0.15
        }
      }
      geometry IndexedFaceSet {
        creaseAngle 0.785398
        solid TRUE
        coord Coordinate { point [
          -10.0000 0.8000 -5.0000,
          -9.2000 2.8000 -5.0000,
          -9.2000 0.8000 -5.0000,
          -7.6971 2.9175 -5.0000,
          -7.7000 2.8000 -5.0000,
          -7.6885 3.0348 -5.0000,
          -7.6741 3.1515 -5.0000,
          -7.6541 3.2674 -5.0000,
          -7.6283 3.3821 -5.0000,
          -7.5970 3.4954 -5.0000,
          -7.5602 3.6071 -5.0000,
          -7.5180 3.7168 -5.0000,
          -7.4704 3.8244 -5.0000,
          -7.4176 3.9294 -5.0000,
          -10.0000 7.0000 -5.0000,
          -7.3598 4.0318 -5.0000,
          -7.2970 4.1312 -5.0000,
          -7.2294 4.2274 -5.0000,
          -6.9078 3.9895 -5.0000,
          -5.1998 2.8000 -5.0000,
          -6.9641 3.9093 -5.0000,
          -7.0165 3.8265 -5.0000,
          -7.0647 3.7412 -5.0000,
          -7.1087 3.6536 -5.0000,
          -7.1483 3.5640 -5.0000,
          -7.1835 3.4726 -5.0000,
          -7.2142 3.3795 -5.0000,
          -7.2403 3.2851 -5.0000,
          -7.2617 3.1895 -5.0000,
          -7.2784 3.0929 -5.0000,
          -7.2904 2.9957 -5.0000,
          -7.2976 2.8980 -5.0000,
          -7.3000 2.8000 -5.0000,
          -5.1998 4.2351 -5.0000,
          -5.1970 4.3526 -5.0000,
          -5.1883 4.4698 -5.0000,
          -5.1740 4.5865 -5.0000,
          -5.1539 4.7024 -5.0000,
          -7.4162 7.0000 -5.0000,
          -4.7978 4.3330 -5.0000,
          -4.7906 4.4307 -5.0000,
          -4.8002 4.2351 -5.0000,
          -5.1282 4.8171 -5.0000,
          -4.7786 4.5280 -5.0000,
          -4.7619 4.6245 -5.0000,
          -4.7404 4.7201 -5.0000,
          -4.7143 4.8146 -5.0000,
          -4.6485 4.9991 -5.0000,
          -4.6088 5.0887 -5.0000,
          -4.6837 4.9076 -5.0000,
          -4.5648 5.1763 -5.0000,
          -4.5166 5.2616 -5.0000,
          -4.4643 5.3444 -5.0000,
          -4.4080 5.4246 -5.0000,
          -0.1998 2.8000 -5.0000,
          -4.8002 2.8000 -5.0000,
          -1.9690 8.7212 -5.0000,
          -0.1998 7.2500 -5.0000,
          -6.8263 14.1715 -5.0000,
          -2.8122 10.1979 -5.0000,
          -7.0258 13.8260 -5.0000,
          -7.2078 13.4711 -5.0000,
          -7.3718 13.1075 -5.0000,
          -7.5175 12.7362 -5.0000,
          -7.6446 12.3580 -5.0000,
          -7.7526 11.9741 -5.0000,
          -7.8414 11.5852 -5.0000,
          -7.9106 11.1923 -5.0000,
          -7.9602 10.7965 -5.0000,
          -7.9901 10.3988 -5.0000,
          -8.0000 10.0000 -5.0000,
          -7.9908 9.6158 -5.0000,
          -7.9631 9.2324 -5.0000,
          -7.9170 8.8508 -5.0000,
          -7.8527 8.4719 -5.0000,
          -7.7702 8.0965 -5.0000,
          -7.6698 7.7254 -5.0000,
          -2.2810 8.9715 -5.0000,
          -2.5000 9.9474 -5.0000,
          -6.6099 14.5066 -5.0000,
          -6.3771 14.8304 -5.0000,
          -6.1284 15.1423 -5.0000,
          0.1998 2.8000 -5.0000,
          4.8002 4.2351 -5.0000,
          4.8002 2.8000 -5.0000,
          4.7906 4.4307 -5.0000,
          4.7978 4.3330 -5.0000,
          4.7786 4.5280 -5.0000,
          4.7619 4.6245 -5.0000,
          4.7143 4.8146 -5.0000,
          4.7404 4.7201 -5.0000,
          -5.8644 15.4414 -5.0000,
          4.6485 4.9991 -5.0000,
          4.6837 4.9076 -5.0000,
          4.6088 5.0887 -5.0000,
          4.5648 5.1763 -5.0000,
          4.4643 5.3444 -5.0000,
          4.5166 5.2616 -5.0000,
          4.4080 5.4246 -5.0000,
          0.1998 7.2500 -5.0000,
          -5.5859 15.7269 -5.0000,
          5.1998 2.8000 -5.0000,
          7.2976 2.8980 -5.0000,
          7.3000 2.8000 -5.0000,
          7.2904 2.9957 -5.0000,
          7.2784 3.0929 -5.0000,
          7.2617 3.1895 -5.0000,
          7.2403 3.2851 -5.0000,
          7.2142 3.3795 -5.0000,
          7.1835 3.4726 -5.0000,
          1.9690 8.7212 -5.0000,
          -5.2935 15.9982 -5.0000,
          7.1483 3.5640 -5.0000,
          7.1087 3.6536 -5.0000,
          7.0647 3.7412 -5.0000,
          7.0165 3.8265 -5.0000,
          6.9641 3.9093 -5.0000,
          6.9078 3.9895 -5.0000,
          5.1282 4.8171 -5.0000,
          5.1539 4.7024 -5.0000,
          5.1740 4.5865 -5.0000,
          5.1883 4.4698 -5.0000,
          5.1970 4.3526 -5.0000,
          5.1998 4.2351 -5.0000,
          -4.9879 16.2547 -5.0000,
          -4.6699 16.4955 -5.0000,
          7.4176 3.9294 -5.0000,
          9.2000 2.8000 -5.0000,
          7.4704 3.8244 -5.0000,
          7.5180 3.7168 -5.0000,
          7.5602 3.6071 -5.0000,
          7.5970 3.4954 -5.0000,
          7.6283 3.3821 -5.0000,
          7.6541 3.2674 -5.0000,
          7.6741 3.1515 -5.0000,
          7.6885 3.0348 -5.0000,
          7.6971 2.9175 -5.0000,
          7.7000 2.8000 -5.0000,
          9.2000 0.8000 -5.0000,
          10.0000 0.8000 -5.0000,
          -4.3404 16.7202 -5.0000,
          2.5000 9.9474 -5.0000,
          2.2810 8.9715 -5.0000,
          -4.0000 16.9282 -5.0000,
          2.8122 10.1979 -5.0000,
          -3.6497 17.1190 -5.0000,
          -3.2903 17.2920 -5.0000,
          -2.9227 17.4470 -5.0000,
          -2.5479 17.5834 -5.0000,
          -2.1667 17.7010 -5.0000,
          7.7702 8.0965 -5.0000,
          7.6698 7.7254 -5.0000,
          -1.7802 17.7994 -5.0000,
          7.8527 8.4719 -5.0000,
          -1.3892 17.8785 -5.0000,
          7.9170 8.8508 -5.0000,
          -0.9947 17.9379 -5.0000,
          10.0000 7.0000 -5.0000,
          7.4162 7.0000 -5.0000,
          7.2294 4.2274 -5.0000,
          7.2970 4.1312 -5.0000,
          7.3598 4.0318 -5.0000,
          7.9631 9.2324 -5.0000,
          -0.5978 17.9776 -5.0000,
          7.9908 9.6158 -5.0000,
          -0.1994 17.9975 -5.0000,
          8.0000 10.0000 -5.0000,
          0.1994 17.9975 -5.0000,
          7.9901 10.3988 -5.0000,
          0.5978 17.9776 -5.0000,
          7.9602 10.7965 -5.0000,
          0.9947 17.9379 -5.0000,
          7.9106 11.1923 -5.0000,
          1.3892 17.8785 -5.0000,
          7.8414 11.5852 -5.0000,
          1.7802 17.7994 -5.0000,
          7.7526 11.9741 -5.0000,
          2.1667 17.7010 -5.0000,
          7.6446 12.3580 -5.0000,
          2.5479 17.5834 -5.0000,
          7.5175 12.7362 -5.0000,
          2.9227 17.4470 -5.0000,
          7.3718 13.1075 -5.0000,
          3.2903 17.2920 -5.0000,
          7.2078 13.4711 -5.0000,
          3.6497 17.1190 -5.0000,
          7.0258 13.8260 -5.0000,
          4.0000 16.9282 -5.0000,
          6.8263 14.1715 -5.0000,
          4.3404 16.7202 -5.0000,
          6.6099 14.5066 -5.0000,
          4.6699 16.4955 -5.0000,
          6.3771 14.8304 -5.0000,
          4.9879 16.2547 -5.0000,
          6.1284 15.1423 -5.0000,
          5.2935 15.9982 -5.0000,
          5.8644 15.4414 -5.0000,
          5.5859 15.7269 -5.0000,
          4.7293 5.6623 -5.0000,
          4.7969 5.5661 -5.0000,
          4.8597 5.4667 -5.0000,
          4.9175 5.3643 -5.0000,
          4.9703 5.2593 -5.0000,
          5.0178 5.1518 -5.0000,
          5.0601 5.0421 -5.0000,
          5.0969 4.9304 -5.0000,
          7.5517 7.3597 -5.0000,
          -7.5517 7.3597 -5.0000,
          -4.7293 5.6623 -5.0000,
          -4.7969 5.5661 -5.0000,
          -4.8597 5.4667 -5.0000,
          -4.9175 5.3643 -5.0000,
          -4.9703 5.2593 -5.0000,
          -5.0178 5.1518 -5.0000,
          -5.0601 5.0421 -5.0000,
          -5.0969 4.9304 -5.0000,
        ] }
        coordIndex [
          0 1 2 -1,
          1 3 4 -1,
          1 5 3 -1,
          1 6 5 -1,
          1 7 6 -1,
          1 8 7 -1,
          1 9 8 -1,
          1 10 9 -1,
          1 11 10 -1,
          1 12 11 -1,
          1 13 12 -1,
          0 14 1 -1,
          1 14 13 -1,
          13 14 15 -1,
          15 14 16 -1,
          16 14 17 -1,
          18 19 20 -1,
          20 19 21 -1,
          21 19 22 -1,
          22 19 23 -1,
          23 19 24 -1,
          24 19 25 -1,
          25 19 26 -1,
          26 19 27 -1,
          27 19 28 -1,
          28 19 29 -1,
          29 19 30 -1,
          30 19 31 -1,
          31 19 32 -1,
          18 33 19 -1,
          18 34 33 -1,
          18 35 34 -1,
          18 36 35 -1,
          18 37 36 -1,
          14 38 17 -1,
          39 40 41 -1,
          18 42 37 -1,
          43 44 40 -1,
          40 45 41 -1,
          44 45 40 -1,
          45 46 41 -1,
          47 48 49 -1,
          49 48 46 -1,
          48 50 46 -1,
          46 51 41 -1,
          50 51 46 -1,
          52 53 51 -1,
          51 53 41 -1,
          41 54 55 -1,
          53 54 41 -1,
          56 57 53 -1,
          53 57 54 -1,
          58 59 60 -1,
          60 59 61 -1,
          61 59 62 -1,
          62 59 63 -1,
          63 59 64 -1,
          64 59 65 -1,
          65 59 66 -1,
          66 59 67 -1,
          67 59 68 -1,
          68 59 69 -1,
          69 59 70 -1,
          70 59 71 -1,
          71 59 72 -1,
          72 59 73 -1,
          73 59 74 -1,
          74 59 75 -1,
          75 59 76 -1,
          77 78 56 -1,
          58 79 59 -1,
          79 80 59 -1,
          80 81 59 -1,
          82 83 84 -1,
          83 85 86 -1,
          83 87 85 -1,
          88 89 90 -1,
          81 91 59 -1,
          83 92 87 -1,
          88 92 89 -1,
          87 92 88 -1,
          89 92 93 -1,
          83 94 92 -1,
          95 96 97 -1,
          82 98 83 -1,
          83 98 94 -1,
          99 98 82 -1,
          95 98 96 -1,
          94 98 95 -1,
          91 100 59 -1,
          101 102 103 -1,
          101 104 102 -1,
          101 105 104 -1,
          101 106 105 -1,
          101 107 106 -1,
          101 108 107 -1,
          101 109 108 -1,
          57 110 99 -1,
          99 110 98 -1,
          56 110 57 -1,
          100 111 59 -1,
          101 112 109 -1,
          101 113 112 -1,
          101 114 113 -1,
          101 115 114 -1,
          101 116 115 -1,
          101 117 116 -1,
          118 117 119 -1,
          119 117 120 -1,
          120 117 121 -1,
          121 117 122 -1,
          122 117 123 -1,
          123 117 101 -1,
          111 124 59 -1,
          124 125 59 -1,
          126 127 128 -1,
          128 127 129 -1,
          129 127 130 -1,
          130 127 131 -1,
          131 127 132 -1,
          132 127 133 -1,
          133 127 134 -1,
          134 127 135 -1,
          135 127 136 -1,
          136 127 137 -1,
          138 127 139 -1,
          125 140 59 -1,
          110 141 142 -1,
          78 141 56 -1,
          56 141 110 -1,
          59 141 78 -1,
          140 143 59 -1,
          59 144 141 -1,
          143 145 59 -1,
          145 146 59 -1,
          146 147 59 -1,
          147 148 59 -1,
          148 149 59 -1,
          144 150 151 -1,
          149 152 59 -1,
          144 153 150 -1,
          152 154 59 -1,
          144 155 153 -1,
          154 156 59 -1,
          127 157 139 -1,
          126 157 127 -1,
          158 157 159 -1,
          159 157 160 -1,
          160 157 161 -1,
          161 157 126 -1,
          144 162 155 -1,
          156 163 59 -1,
          144 164 162 -1,
          163 165 59 -1,
          144 166 164 -1,
          59 167 144 -1,
          165 167 59 -1,
          144 168 166 -1,
          167 169 144 -1,
          144 170 168 -1,
          169 171 144 -1,
          144 172 170 -1,
          171 173 144 -1,
          144 174 172 -1,
          173 175 144 -1,
          144 176 174 -1,
          175 177 144 -1,
          144 178 176 -1,
          177 179 144 -1,
          144 180 178 -1,
          179 181 144 -1,
          144 182 180 -1,
          181 183 144 -1,
          144 184 182 -1,
          183 185 144 -1,
          144 186 184 -1,
          185 187 144 -1,
          144 188 186 -1,
          187 189 144 -1,
          144 190 188 -1,
          189 191 144 -1,
          144 192 190 -1,
          191 193 144 -1,
          144 194 192 -1,
          193 195 144 -1,
          144 196 194 -1,
          195 197 144 -1,
          144 197 196 -1,
          141 117 198 -1,
          141 198 142 -1,
          198 117 199 -1,
          199 117 200 -1,
          200 117 201 -1,
          201 117 202 -1,
          202 117 203 -1,
          203 117 204 -1,
          204 117 205 -1,
          205 117 118 -1,
          159 144 158 -1,
          158 144 206 -1,
          206 144 151 -1,
          59 17 38 -1,
          59 38 207 -1,
          59 207 76 -1,
          18 78 208 -1,
          18 208 209 -1,
          18 209 210 -1,
          18 210 211 -1,
          18 211 212 -1,
          18 212 213 -1,
          18 213 214 -1,
          18 214 215 -1,
          18 215 42 -1,
          208 78 77 -1,
        ]
      }
    }
    Shape {
      appearance Appearance {
        material Material {
          diffuseColor 0.200 0.200 0.200
          specularColor 0.050 0.050 0.050
          shininess 0.15
        }
      }
      geometry IndexedFaceSet {
        creaseAngle 0.785398
        solid TRUE
        coord Coordinate { point [
          -10.0000 7.0000 5.7000,
          -7.4162 7.0000 5.7000,
          -10.0000 7.0000 -5.0000,
          -7.4162 7.0000 -5.0000,
        ] }
        coordIndex [
          0 1 2 -1,
          2 1 3 -1,
        ]
      }
    }
    Shape {
      appearance Appearance {
        material Material {
          diffuseColor 0.200 0.200 0.200
          specularColor 0.050 0.050 0.050
          shininess 0.15
        }
      }
      geometry IndexedFaceSet {
        creaseAngle 0.785398
        solid TRUE
        coord Coordinate { point [
          -10.0000 7.0000 5.7000,
          -7.5517 7.3597 5.7000,
          -7.4162 7.0000 5.7000,
          -7.6698 7.7254 5.7000,
          -7.7702 8.0965 5.7000,
          -7.8527 8.4719 5.7000,
          -7.9170 8.8508 5.7000,
          -7.9631 9.2324 5.7000,
          -7.9908 9.6158 5.7000,
          -8.0000 10.0000 5.7000,
          -7.9901 10.3988 5.7000,
          -7.9602 10.7965 5.7000,
          -7.9106 11.1923 5.7000,
          -7.8414 11.5852 5.7000,
          -10.0000 21.1000 5.7000,
          -7.7526 11.9741 5.7000,
          -7.6446 12.3580 5.7000,
          -7.5175 12.7362 5.7000,
          -7.3718 13.1075 5.7000,
          -7.2078 13.4711 5.7000,
          -7.0258 13.8260 5.7000,
          -6.8263 14.1715 5.7000,
          -6.6099 14.5066 5.7000,
          -6.3771 14.8304 5.7000,
          -6.1284 15.1423 5.7000,
          -5.8644 15.4414 5.7000,
          -5.5859 15.7269 5.7000,
          -5.2935 15.9982 5.7000,
          -4.9879 16.2547 5.7000,
          -4.6699 16.4955 5.7000,
          -4.3404 16.7202 5.7000,
          -4.0000 16.9282 5.7000,
          -3.6497 17.1190 5.7000,
          -3.2903 17.2920 5.7000,
          7.9170 8.8508 5.7000,
          10.0000 7.0000 5.7000,
          7.8527 8.4719 5.7000,
          7.7702 8.0965 5.7000,
          7.6698 7.7254 5.7000,
          7.5517 7.3597 5.7000,
          7.4162 7.0000 5.7000,
          7.9631 9.2324 5.7000,
          7.9908 9.6158 5.7000,
          8.0000 10.0000 5.7000,
          -0.9947 17.9379 5.7000,
          -0.5864 18.9559 5.7000,
          -0.5586 18.9273 5.7000,
          -0.5293 18.9002 5.7000,
          -0.6128 18.9858 5.7000,
          -0.4988 18.8745 5.7000,
          -0.5978 17.9776 5.7000,
          -0.6377 19.0170 5.7000,
          -0.4670 18.8504 5.7000,
          -0.6610 19.0493 5.7000,
          -1.3892 17.8785 5.7000,
          7.9901 10.3988 5.7000,
          -0.4340 18.8280 5.7000,
          -0.6826 19.0829 5.7000,
          -0.4000 18.8072 5.7000,
          -0.7026 19.1174 5.7000,
          -0.3650 18.7881 5.7000,
          -0.7208 19.1529 5.7000,
          -0.3290 18.7708 5.7000,
          -0.7372 19.1893 5.7000,
          -0.2923 18.7553 5.7000,
          -0.1994 17.9975 5.7000,
          -0.7518 19.2264 5.7000,
          -0.2548 18.7417 5.7000,
          -1.7802 17.7994 5.7000,
          -0.7645 19.2642 5.7000,
          -0.2167 18.7299 5.7000,
          -0.7753 19.3026 5.7000,
          -0.1780 18.7201 5.7000,
          -0.7841 19.3415 5.7000,
          -0.1389 18.7122 5.7000,
          -0.7911 19.3808 5.7000,
          -0.0995 18.7062 5.7000,
          -2.1667 17.7010 5.7000,
          -0.7960 19.4203 5.7000,
          -0.0598 18.7022 5.7000,
          -0.7990 19.4601 5.7000,
          -0.0199 18.7002 5.7000,
          -0.8000 19.5000 5.7000,
          0.0199 18.7002 5.7000,
          0.1994 17.9975 5.7000,
          -0.7990 19.5399 5.7000,
          7.9602 10.7965 5.7000,
          0.0598 18.7022 5.7000,
          -2.5479 17.5834 5.7000,
          -0.7960 19.5797 5.7000,
          0.0995 18.7062 5.7000,
          -0.7911 19.6192 5.7000,
          0.1389 18.7122 5.7000,
          -0.7841 19.6585 5.7000,
          0.1780 18.7201 5.7000,
          -0.7753 19.6974 5.7000,
          -2.9227 17.4470 5.7000,
          0.2167 18.7299 5.7000,
          -0.7645 19.7358 5.7000,
          0.2548 18.7417 5.7000,
          -0.7518 19.7736 5.7000,
          0.2923 18.7553 5.7000,
          0.5978 17.9776 5.7000,
          -0.7372 19.8107 5.7000,
          0.3290 18.7708 5.7000,
          7.9106 11.1923 5.7000,
          -0.7208 19.8471 5.7000,
          0.3650 18.7881 5.7000,
          -0.7026 19.8826 5.7000,
          0.4000 18.8072 5.7000,
          -0.6826 19.9171 5.7000,
          0.4340 18.8280 5.7000,
          -0.6610 19.9507 5.7000,
          0.4670 18.8504 5.7000,
          -0.6377 19.9830 5.7000,
          0.4988 18.8745 5.7000,
          0.9947 17.9379 5.7000,
          -0.6128 20.0142 5.7000,
          7.8414 11.5852 5.7000,
          0.5293 18.9002 5.7000,
          -0.5864 20.0441 5.7000,
          0.5586 18.9273 5.7000,
          -0.5586 20.0727 5.7000,
          0.5864 18.9559 5.7000,
          -0.5293 20.0998 5.7000,
          0.6128 18.9858 5.7000,
          -0.4988 20.1255 5.7000,
          0.6377 19.0170 5.7000,
          -0.4670 20.1496 5.7000,
          0.6610 19.0493 5.7000,
          1.3892 17.8785 5.7000,
          -0.4340 20.1720 5.7000,
          0.6826 19.0829 5.7000,
          -0.4000 20.1928 5.7000,
          0.7026 19.1174 5.7000,
          -0.3650 20.2119 5.7000,
          0.7208 19.1529 5.7000,
          -0.3290 20.2292 5.7000,
          0.7372 19.1893 5.7000,
          -0.2923 20.2447 5.7000,
          0.7518 19.2264 5.7000,
          0.7645 19.2642 5.7000,
          1.7802 17.7994 5.7000,
          0.7753 19.3026 5.7000,
          0.7841 19.3415 5.7000,
          0.7911 19.3808 5.7000,
          0.7960 19.4203 5.7000,
          2.1667 17.7010 5.7000,
          0.7990 19.4601 5.7000,
          0.8000 19.5000 5.7000,
          0.7990 19.5399 5.7000,
          0.7960 19.5797 5.7000,
          2.5479 17.5834 5.7000,
          0.7911 19.6192 5.7000,
          0.7841 19.6585 5.7000,
          0.7753 19.6974 5.7000,
          2.9227 17.4470 5.7000,
          0.7645 19.7358 5.7000,
          0.7518 19.7736 5.7000,
          3.2903 17.2920 5.7000,
          0.7372 19.8107 5.7000,
          10.0000 21.1000 5.7000,
          3.6497 17.1190 5.7000,
          4.0000 16.9282 5.7000,
          4.3404 16.7202 5.7000,
          4.6699 16.4955 5.7000,
          4.9879 16.2547 5.7000,
          0.7208 19.8471 5.7000,
          5.2935 15.9982 5.7000,
          0.7026 19.8826 5.7000,
          5.5859 15.7269 5.7000,
          0.6826 19.9171 5.7000,
          5.8644 15.4414 5.7000,
          0.6610 19.9507 5.7000,
          6.1284 15.1423 5.7000,
          0.6377 19.9830 5.7000,
          6.3771 14.8304 5.7000,
          0.6128 20.0142 5.7000,
          6.6099 14.5066 5.7000,
          0.5864 20.0441 5.7000,
          6.8263 14.1715 5.7000,
          0.5586 20.0727 5.7000,
          7.0258 13.8260 5.7000,
          0.5293 20.0998 5.7000,
          7.2078 13.4711 5.7000,
          0.4988 20.1255 5.7000,
          7.3718 13.1075 5.7000,
          7.5175 12.7362 5.7000,
          0.4670 20.1496 5.7000,
          7.6446 12.3580 5.7000,
          0.4340 20.1720 5.7000,
          7.7526 11.9741 5.7000,
          0.4000 20.1928 5.7000,
          0.3650 20.2119 5.7000,
          0.3290 20.2292 5.7000,
          0.2923 20.2447 5.7000,
          -0.0199 20.2998 5.7000,
          -0.0598 20.2978 5.7000,
          -0.0995 20.2938 5.7000,
          -0.1389 20.2878 5.7000,
          -0.1780 20.2799 5.7000,
          -0.2167 20.2701 5.7000,
          -0.2548 20.2583 5.7000,
          0.0199 20.2998 5.7000,
          0.0598 20.2978 5.7000,
          0.0995 20.2938 5.7000,
          0.1389 20.2878 5.7000,
          0.1780 20.2799 5.7000,
          0.2167 20.2701 5.7000,
          0.2548 20.2583 5.7000,
        ] }
        coordIndex [
          0 1 2 -1,
          0 3 1 -1,
          0 4 3 -1,
          0 5 4 -1,
          0 6 5 -1,
          0 7 6 -1,
          0 8 7 -1,
          0 9 8 -1,
          0 10 9 -1,
          0 11 10 -1,
          0 12 11 -1,
          0 13 12 -1,
          13 14 15 -1,
          15 14 16 -1,
          16 14 17 -1,
          17 14 18 -1,
          18 14 19 -1,
          19 14 20 -1,
          20 14 21 -1,
          21 14 22 -1,
          22 14 23 -1,
          23 14 24 -1,
          24 14 25 -1,
          25 14 26 -1,
          26 14 27 -1,
          0 14 13 -1,
          14 28 27 -1,
          14 29 28 -1,
          14 30 29 -1,
          14 31 30 -1,
          14 32 31 -1,
          14 33 32 -1,
          34 35 36 -1,
          36 35 37 -1,
          37 35 38 -1,
          38 35 39 -1,
          39 35 40 -1,
          34 41 35 -1,
          41 42 35 -1,
          42 43 35 -1,
          44 45 46 -1,
          46 47 44 -1,
          44 48 45 -1,
          47 49 44 -1,
          44 49 50 -1,
          44 51 48 -1,
          49 52 50 -1,
          44 53 51 -1,
          54 53 44 -1,
          43 55 35 -1,
          52 56 50 -1,
          54 57 53 -1,
          56 58 50 -1,
          54 59 57 -1,
          58 60 50 -1,
          54 61 59 -1,
          60 62 50 -1,
          54 63 61 -1,
          50 64 65 -1,
          62 64 50 -1,
          54 66 63 -1,
          64 67 65 -1,
          68 69 54 -1,
          54 69 66 -1,
          67 70 65 -1,
          68 71 69 -1,
          70 72 65 -1,
          68 73 71 -1,
          72 74 65 -1,
          68 75 73 -1,
          74 76 65 -1,
          77 78 68 -1,
          68 78 75 -1,
          76 79 65 -1,
          77 80 78 -1,
          79 81 65 -1,
          77 82 80 -1,
          65 83 84 -1,
          81 83 65 -1,
          77 85 82 -1,
          55 86 35 -1,
          83 87 84 -1,
          88 89 77 -1,
          77 89 85 -1,
          87 90 84 -1,
          88 91 89 -1,
          90 92 84 -1,
          88 93 91 -1,
          92 94 84 -1,
          88 95 93 -1,
          96 95 88 -1,
          94 97 84 -1,
          96 98 95 -1,
          97 99 84 -1,
          33 100 96 -1,
          96 100 98 -1,
          99 101 84 -1,
          84 101 102 -1,
          33 103 100 -1,
          14 103 33 -1,
          101 104 102 -1,
          86 105 35 -1,
          14 106 103 -1,
          104 107 102 -1,
          14 108 106 -1,
          107 109 102 -1,
          14 110 108 -1,
          109 111 102 -1,
          14 112 110 -1,
          111 113 102 -1,
          14 114 112 -1,
          113 115 102 -1,
          102 115 116 -1,
          14 117 114 -1,
          105 118 35 -1,
          115 119 116 -1,
          14 120 117 -1,
          119 121 116 -1,
          14 122 120 -1,
          121 123 116 -1,
          14 124 122 -1,
          123 125 116 -1,
          14 126 124 -1,
          125 127 116 -1,
          14 128 126 -1,
          116 129 130 -1,
          127 129 116 -1,
          14 131 128 -1,
          129 132 130 -1,
          14 133 131 -1,
          132 134 130 -1,
          14 135 133 -1,
          134 136 130 -1,
          14 137 135 -1,
          136 138 130 -1,
          14 139 137 -1,
          138 140 130 -1,
          130 141 142 -1,
          140 141 130 -1,
          141 143 142 -1,
          143 144 142 -1,
          144 145 142 -1,
          142 146 147 -1,
          145 146 142 -1,
          146 148 147 -1,
          148 149 147 -1,
          149 150 147 -1,
          150 151 147 -1,
          147 151 152 -1,
          151 153 152 -1,
          153 154 152 -1,
          152 155 156 -1,
          154 155 152 -1,
          155 157 156 -1,
          157 158 156 -1,
          158 159 156 -1,
          160 159 158 -1,
          118 161 35 -1,
          159 161 162 -1,
          162 161 163 -1,
          163 161 164 -1,
          164 161 165 -1,
          165 161 166 -1,
          167 161 160 -1,
          166 161 168 -1,
          169 161 167 -1,
          168 161 170 -1,
          171 161 169 -1,
          170 161 172 -1,
          173 161 171 -1,
          172 161 174 -1,
          175 161 173 -1,
          174 161 176 -1,
          177 161 175 -1,
          176 161 178 -1,
          179 161 177 -1,
          178 161 180 -1,
          181 161 179 -1,
          180 161 182 -1,
          183 161 181 -1,
          182 161 184 -1,
          185 161 183 -1,
          184 161 186 -1,
          186 161 187 -1,
          188 161 185 -1,
          187 161 189 -1,
          190 161 188 -1,
          189 161 191 -1,
          192 161 190 -1,
          191 161 118 -1,
          193 161 192 -1,
          194 161 193 -1,
          195 161 194 -1,
          160 161 159 -1,
          14 161 196 -1,
          14 196 197 -1,
          14 197 198 -1,
          14 198 199 -1,
          14 199 200 -1,
          14 200 201 -1,
          14 201 202 -1,
          14 202 139 -1,
          196 161 203 -1,
          203 161 204 -1,
          204 161 205 -1,
          205 161 206 -1,
          206 161 207 -1,
          207 161 208 -1,
          208 161 209 -1,
          209 161 195 -1,
        ]
      }
    }
    Shape {
      appearance Appearance {
        material Material {
          diffuseColor 0.200 0.200 0.200
          specularColor 0.050 0.050 0.050
          shininess 0.15
        }
      }
      geometry IndexedFaceSet {
        creaseAngle 0.785398
        solid TRUE
        coord Coordinate { point [
          10.0000 7.0000 5.7000,
          10.0000 7.0000 -5.0000,
          7.4162 7.0000 5.7000,
          7.4162 7.0000 -5.0000,
        ] }
        coordIndex [
          0 1 2 -1,
          2 1 3 -1,
        ]
      }
    }
    Shape {
      appearance Appearance {
        material Material {
          diffuseColor 0.200 0.200 0.200
          specularColor 0.050 0.050 0.050
          shininess 0.15
        }
      }
      geometry IndexedFaceSet {
        creaseAngle 0.785398
        solid TRUE
        coord Coordinate { point [
          7.5000 0.1750 -0.9250,
          7.5964 0.1167 -0.9786,
          7.5454 0.1750 -0.9239,
          7.5907 0.1750 -0.9205,
          7.6357 0.1750 -0.9150,
          7.6639 0.0000 -1.0877,
          7.6021 0.0583 -1.0367,
          7.6095 0.0000 -1.0945,
          7.5548 0.0000 -1.0986,
          7.5000 0.0000 -1.1000,
          7.6918 0.1167 -0.9644,
          7.6805 0.1750 -0.9072,
          7.7248 0.1750 -0.8973,
          7.7032 0.0583 -1.0217,
          7.7714 0.0000 -1.0660,
          7.7180 0.0000 -1.0782,
          7.7854 0.1167 -0.9410,
          7.7685 0.1750 -0.8852,
          7.8116 0.1750 -0.8709,
          7.8024 0.0583 -0.9968,
          7.8762 0.0000 -1.0337,
          7.8242 0.0000 -1.0511,
          7.8763 0.1167 -0.9085,
          7.8540 0.1750 -0.8546,
          7.8955 0.1750 -0.8362,
          7.8986 0.0583 -0.9624,
          7.9773 0.0000 -0.9911,
          7.9273 0.0000 -1.0136,
          7.9635 0.1167 -0.8672,
          7.9360 0.1750 -0.8158,
          7.9755 0.1750 -0.7934,
          7.9910 0.0583 -0.9187,
          8.0736 0.0000 -0.9386,
          8.0261 0.0000 -0.9660,
          8.0463 0.1167 -0.8176,
          8.0139 0.1750 -0.7691,
          8.0510 0.1750 -0.7430,
          8.0787 0.0583 -0.8661,
          8.1642 0.0000 -0.8768,
          8.1197 0.0000 -0.9089,
          8.1238 0.1167 -0.7601,
          8.0868 0.1750 -0.7150,
          8.1212 0.1750 -0.6854,
          8.1608 0.0583 -0.8052,
          8.2482 0.0000 -0.8064,
          8.2071 0.0000 -0.8426,
          8.1953 0.1167 -0.6953,
          8.1541 0.1750 -0.6541,
          8.1854 0.1750 -0.6212,
          8.2366 0.0583 -0.7366,
          8.3248 0.0000 -0.7279,
          8.2875 0.0000 -0.7681,
          8.2601 0.1167 -0.6238,
          8.2150 0.1750 -0.5868,
          8.2430 0.1750 -0.5510,
          8.3052 0.0583 -0.6608,
          8.3931 0.0000 -0.6421,
          8.3600 0.0000 -0.6858,
          8.3176 0.1167 -0.5463,
          8.2691 0.1750 -0.5139,
          8.2934 0.1750 -0.4755,
          8.3661 0.0583 -0.5787,
          8.4526 0.0000 -0.5500,
          8.4240 0.0000 -0.5968,
          8.3672 0.1167 -0.4635,
          8.3158 0.1750 -0.4360,
          8.3362 0.1750 -0.3955,
          8.5027 0.0000 -0.4524,
          8.4187 0.0583 -0.4910,
          8.4789 0.0000 -0.5018,
          8.4085 0.1167 -0.3763,
          8.3546 0.1750 -0.3540,
          8.3709 0.1750 -0.3116,
          8.5427 0.0000 -0.3503,
          8.4624 0.0583 -0.3986,
          8.5240 0.0000 -0.4019,
          8.4410 0.1167 -0.2854,
          8.3852 0.1750 -0.2685,
          8.3973 0.1750 -0.2248,
          8.4968 0.0583 -0.3024,
          8.5724 0.0000 -0.2448,
          8.5589 0.0000 -0.2979,
          8.4644 0.1167 -0.1918,
          8.4072 0.1750 -0.1805,
          8.4150 0.1750 -0.1357,
          8.5217 0.0583 -0.2032,
          8.5915 0.0000 -0.1368,
          8.5833 0.0000 -0.1910,
          8.4786 0.1167 -0.0964,
          8.4205 0.1750 -0.0907,
          8.4239 0.1750 -0.0454,
          8.5997 0.0000 -0.0274,
          8.5367 0.0583 -0.1021,
          8.5969 0.0000 -0.0822,
          8.4833 0.1167 0.0000,
          8.4250 0.1750 -0.0000,
          8.4239 0.1750 0.0454,
          8.5417 0.0583 0.0000,
          8.5997 0.0000 0.0274,
          8.4786 0.1167 0.0964,
          8.4205 0.1750 0.0907,
          8.4150 0.1750 0.1357,
          8.5915 0.0000 0.1368,
          8.5367 0.0583 0.1021,
          8.5969 0.0000 0.0822,
          8.4072 0.1750 0.1805,
          8.4644 0.1167 0.1918,
          8.3973 0.1750 0.2248,
          8.5217 0.0583 0.2032,
          8.5724 0.0000 0.2448,
          8.5833 0.0000 0.1910,
          8.4410 0.1167 0.2854,
          8.3852 0.1750 0.2685,
          8.3709 0.1750 0.3116,
          8.5427 0.0000 0.3503,
          8.4968 0.0583 0.3024,
          8.5589 0.0000 0.2979,
          8.4085 0.1167 0.3763,
          8.3546 0.1750 0.3540,
          8.3362 0.1750 0.3955,
          8.5027 0.0000 0.4524,
          8.4624 0.0583 0.3986,
          8.5240 0.0000 0.4019,
          8.3672 0.1167 0.4635,
          8.3158 0.1750 0.4360,
          8.2934 0.1750 0.4755,
          8.4187 0.0583 0.4910,
          8.4526 0.0000 0.5500,
          8.4789 0.0000 0.5018,
          8.3176 0.1167 0.5463,
          8.2691 0.1750 0.5139,
          8.2430 0.1750 0.5510,
          8.3661 0.0583 0.5787,
          8.3931 0.0000 0.6421,
          8.4240 0.0000 0.5968,
          8.2601 0.1167 0.6238,
          8.2150 0.1750 0.5868,
          8.1854 0.1750 0.6212,
          8.3052 0.0583 0.6608,
          8.3248 0.0000 0.7279,
          8.3600 0.0000 0.6858,
          8.1953 0.1167 0.6953,
          8.1541 0.1750 0.6541,
          8.1212 0.1750 0.6854,
          8.2366 0.0583 0.7366,
          8.2482 0.0000 0.8064,
          8.2875 0.0000 0.7681,
          8.1238 0.1167 0.7601,
          8.0868 0.1750 0.7150,
          8.0510 0.1750 0.7430,
          8.1642 0.0000 0.8768,
          8.1608 0.0583 0.8052,
          8.2071 0.0000 0.8426,
          8.0463 0.1167 0.8176,
          8.0139 0.1750 0.7691,
          7.9755 0.1750 0.7934,
          8.0736 0.0000 0.9386,
          8.0787 0.0583 0.8661,
          8.1197 0.0000 0.9089,
          7.9635 0.1167 0.8672,
          7.9360 0.1750 0.8158,
          7.8955 0.1750 0.8362,
          7.9910 0.0583 0.9187,
          7.9773 0.0000 0.9911,
          8.0261 0.0000 0.9660,
          7.8763 0.1167 0.9085,
          7.8540 0.1750 0.8546,
          7.8116 0.1750 0.8709,
          7.8762 0.0000 1.0337,
          7.8986 0.0583 0.9624,
          7.9273 0.0000 1.0136,
          7.7854 0.1167 0.9410,
          7.7685 0.1750 0.8852,
          7.7248 0.1750 0.8973,
          7.7714 0.0000 1.0660,
          7.8024 0.0583 0.9968,
          7.8242 0.0000 1.0511,
          7.6918 0.1167 0.9644,
          7.6805 0.1750 0.9072,
          7.6357 0.1750 0.9150,
          7.6639 0.0000 1.0877,
          7.7032 0.0583 1.0217,
          7.7180 0.0000 1.0782,
          7.5964 0.1167 0.9786,
          7.5907 0.1750 0.9205,
          7.5454 0.1750 0.9239,
          7.5000 0.1750 0.9250,
          7.5000 0.0000 1.1000,
          7.6021 0.0583 1.0367,
          7.5548 0.0000 1.0986,
          7.6095 0.0000 1.0945,
        ] }
        coordIndex [
          0 1 2 -1,
          2 1 3 -1,
          3 1 4 -1,
          5 6 7 -1,
          7 6 8 -1,
          8 6 9 -1,
          9 6 0 -1,
          0 6 1 -1,
          1 10 4 -1,
          4 10 11 -1,
          11 10 12 -1,
          1 13 10 -1,
          6 13 1 -1,
          5 13 6 -1,
          14 13 15 -1,
          15 13 5 -1,
          12 16 17 -1,
          17 16 18 -1,
          10 16 12 -1,
          10 19 16 -1,
          20 19 21 -1,
          21 19 14 -1,
          14 19 13 -1,
          13 19 10 -1,
          16 22 18 -1,
          18 22 23 -1,
          23 22 24 -1,
          20 25 19 -1,
          19 25 16 -1,
          26 25 27 -1,
          27 25 20 -1,
          16 25 22 -1,
          22 28 24 -1,
          24 28 29 -1,
          29 28 30 -1,
          26 31 25 -1,
          25 31 22 -1,
          22 31 28 -1,
          32 31 33 -1,
          33 31 26 -1,
          28 34 30 -1,
          30 34 35 -1,
          35 34 36 -1,
          28 37 34 -1,
          38 37 39 -1,
          39 37 32 -1,
          31 37 28 -1,
          32 37 31 -1,
          34 40 36 -1,
          36 40 41 -1,
          41 40 42 -1,
          37 43 34 -1,
          38 43 37 -1,
          44 43 45 -1,
          45 43 38 -1,
          34 43 40 -1,
          40 46 42 -1,
          42 46 47 -1,
          47 46 48 -1,
          44 49 43 -1,
          43 49 40 -1,
          40 49 46 -1,
          50 49 51 -1,
          51 49 44 -1,
          46 52 48 -1,
          48 52 53 -1,
          53 52 54 -1,
          49 55 46 -1,
          50 55 49 -1,
          56 55 57 -1,
          57 55 50 -1,
          46 55 52 -1,
          52 58 54 -1,
          54 58 59 -1,
          59 58 60 -1,
          52 61 58 -1,
          62 61 63 -1,
          63 61 56 -1,
          55 61 52 -1,
          56 61 55 -1,
          58 64 60 -1,
          60 64 65 -1,
          65 64 66 -1,
          67 68 69 -1,
          69 68 62 -1,
          61 68 58 -1,
          58 68 64 -1,
          62 68 61 -1,
          66 70 71 -1,
          71 70 72 -1,
          64 70 66 -1,
          73 74 75 -1,
          75 74 67 -1,
          67 74 68 -1,
          68 74 64 -1,
          64 74 70 -1,
          72 76 77 -1,
          77 76 78 -1,
          70 76 72 -1,
          73 79 74 -1,
          70 79 76 -1,
          80 79 81 -1,
          81 79 73 -1,
          74 79 70 -1,
          76 82 78 -1,
          78 82 83 -1,
          83 82 84 -1,
          76 85 82 -1,
          86 85 87 -1,
          87 85 80 -1,
          79 85 76 -1,
          80 85 79 -1,
          82 88 84 -1,
          84 88 89 -1,
          89 88 90 -1,
          91 92 93 -1,
          93 92 86 -1,
          86 92 85 -1,
          85 92 82 -1,
          82 92 88 -1,
          88 94 90 -1,
          90 94 95 -1,
          95 94 96 -1,
          88 97 94 -1,
          91 97 92 -1,
          92 97 88 -1,
          98 97 91 -1,
          94 99 96 -1,
          96 99 100 -1,
          100 99 101 -1,
          102 103 104 -1,
          104 103 98 -1,
          98 103 97 -1,
          97 103 94 -1,
          94 103 99 -1,
          105 106 107 -1,
          99 106 101 -1,
          101 106 105 -1,
          99 108 106 -1,
          109 108 110 -1,
          110 108 102 -1,
          103 108 99 -1,
          102 108 103 -1,
          107 111 112 -1,
          112 111 113 -1,
          106 111 107 -1,
          108 111 106 -1,
          114 115 116 -1,
          116 115 109 -1,
          109 115 108 -1,
          108 115 111 -1,
          113 117 118 -1,
          118 117 119 -1,
          111 117 113 -1,
          120 121 122 -1,
          122 121 114 -1,
          115 121 111 -1,
          111 121 117 -1,
          114 121 115 -1,
          119 123 124 -1,
          124 123 125 -1,
          117 123 119 -1,
          117 126 123 -1,
          127 126 128 -1,
          128 126 120 -1,
          120 126 121 -1,
          121 126 117 -1,
          125 129 130 -1,
          130 129 131 -1,
          126 129 123 -1,
          123 129 125 -1,
          126 132 129 -1,
          133 132 134 -1,
          134 132 127 -1,
          127 132 126 -1,
          131 135 136 -1,
          136 135 137 -1,
          129 135 131 -1,
          129 138 135 -1,
          139 138 140 -1,
          140 138 133 -1,
          133 138 132 -1,
          132 138 129 -1,
          137 141 142 -1,
          142 141 143 -1,
          135 141 137 -1,
          138 144 135 -1,
          145 144 146 -1,
          146 144 139 -1,
          139 144 138 -1,
          135 144 141 -1,
          143 147 148 -1,
          148 147 149 -1,
          141 147 143 -1,
          144 147 141 -1,
          150 151 152 -1,
          152 151 145 -1,
          144 151 147 -1,
          145 151 144 -1,
          151 153 147 -1,
          149 153 154 -1,
          154 153 155 -1,
          147 153 149 -1,
          156 157 158 -1,
          158 157 150 -1,
          150 157 151 -1,
          151 157 153 -1,
          153 159 155 -1,
          155 159 160 -1,
          160 159 161 -1,
          157 159 153 -1,
          157 162 159 -1,
          163 162 164 -1,
          164 162 156 -1,
          156 162 157 -1,
          159 165 161 -1,
          161 165 166 -1,
          166 165 167 -1,
          168 169 170 -1,
          170 169 163 -1,
          159 169 165 -1,
          162 169 159 -1,
          163 169 162 -1,
          165 171 167 -1,
          169 171 165 -1,
          167 171 172 -1,
          172 171 173 -1,
          174 175 176 -1,
          176 175 168 -1,
          168 175 169 -1,
          169 175 171 -1,
          171 177 173 -1,
          173 177 178 -1,
          178 177 179 -1,
          175 177 171 -1,
          180 181 182 -1,
          182 181 174 -1,
          174 181 175 -1,
          175 181 177 -1,
          179 183 184 -1,
          184 183 185 -1,
          185 183 186 -1,
          177 183 179 -1,
          187 188 189 -1,
          189 188 190 -1,
          190 188 180 -1,
          180 188 181 -1,
          186 188 187 -1,
          181 188 177 -1,
          183 188 186 -1,
          177 188 183 -1,
        ]
      }
    }
    Shape {
      appearance Appearance {
        material Material {
          diffuseColor 0.200 0.200 0.200
          specularColor 0.050 0.050 0.050
          shininess 0.15
        }
      }
      geometry IndexedFaceSet {
        creaseAngle 0.785398
        solid TRUE
        coord Coordinate { point [
          0.9000 0.0000 4.9000,
          0.9000 0.4000 -3.2000,
          0.9000 0.0000 -3.2000,
          0.9000 0.4000 4.9000,
        ] }
        coordIndex [
          0 1 2 -1,
          3 1 0 -1,
        ]
      }
    }
    Shape {
      appearance Appearance {
        material Material {
          diffuseColor 0.200 0.200 0.200
          specularColor 0.050 0.050 0.050
          shininess 0.15
        }
      }
      geometry IndexedFaceSet {
        creaseAngle 0.785398
        solid TRUE
        coord Coordinate { point [
          8.4250 0.1750 -0.0000,
          8.4239 0.1750 0.0454,
          8.4250 6.5000 -0.0000,
          8.4239 6.5000 0.0461,
          8.4205 0.1750 0.0907,
          8.4204 6.5000 0.0921,
          8.4150 0.1750 0.1357,
          8.4147 6.5000 0.1379,
          8.4072 0.1750 0.1805,
          8.4067 6.5000 0.1833,
          8.3973 0.1750 0.2248,
          8.3964 6.5000 0.2283,
          8.3852 0.1750 0.2685,
          8.3839 6.5000 0.2726,
          8.3709 0.1750 0.3116,
          8.3692 6.5000 0.3164,
          8.3546 0.1750 0.3540,
          8.3524 6.5000 0.3593,
          8.3362 0.1750 0.3955,
          8.3334 6.5000 0.4013,
          8.3158 0.1750 0.4360,
          8.3124 6.5000 0.4424,
          8.2934 0.1750 0.4755,
          8.2893 6.5000 0.4823,
          8.2691 0.1750 0.5139,
          8.2643 6.5000 0.5211,
          8.2430 0.1750 0.5510,
          8.2373 6.5000 0.5585,
          8.2150 0.1750 0.5868,
          8.2086 6.5000 0.5946,
          8.1854 0.1750 0.6212,
          8.1781 6.5000 0.6292,
          8.1541 0.1750 0.6541,
          8.1459 6.5000 0.6622,
          8.1212 0.1750 0.6854,
          8.1121 6.5000 0.6935,
          8.0868 0.1750 0.7150,
          8.0767 6.5000 0.7232,
          8.0510 0.1750 0.7430,
          8.0400 6.5000 0.7510,
          8.0139 0.1750 0.7691,
          8.0019 6.5000 0.7770,
          7.9755 0.1750 0.7934,
          7.9625 6.5000 0.8011,
          7.9360 0.1750 0.8158,
          7.9220 6.5000 0.8231,
          7.8955 0.1750 0.8362,
          7.8804 6.5000 0.8431,
          7.8540 0.1750 0.8546,
          7.8379 6.5000 0.8611,
          7.8116 0.1750 0.8709,
          7.7946 6.5000 0.8768,
          7.7685 0.1750 0.8852,
          7.7505 6.5000 0.8904,
          7.7248 0.1750 0.8973,
          7.7058 6.5000 0.9018,
          7.6805 0.1750 0.9072,
          7.6606 6.5000 0.9109,
          7.6357 0.1750 0.9150,
          7.6150 6.5000 0.9178,
          7.5907 0.1750 0.9205,
          7.5691 6.5000 0.9224,
          7.5454 0.1750 0.9239,
          7.5231 6.5000 0.9247,
          7.5000 0.1750 0.9250,
          7.4769 6.5000 0.9247,
          7.4546 0.1750 0.9239,
          7.4309 6.5000 0.9224,
          7.4093 0.1750 0.9205,
          7.3850 6.5000 0.9178,
          7.3643 0.1750 0.9150,
          7.3394 6.5000 0.9109,
          7.3195 0.1750 0.9072,
          7.2942 6.5000 0.9018,
          7.2752 0.1750 0.8973,
          7.2495 6.5000 0.8904,
          7.2315 0.1750 0.8852,
          7.2054 6.5000 0.8768,
          7.1884 0.1750 0.8709,
          7.1621 6.5000 0.8611,
          7.1460 0.1750 0.8546,
          7.1196 6.5000 0.8431,
          7.1045 0.1750 0.8362,
          7.0780 6.5000 0.8231,
          7.0640 0.1750 0.8158,
          7.0375 6.5000 0.8011,
          7.0245 0.1750 0.7934,
          6.9981 6.5000 0.7770,
          6.9861 0.1750 0.7691,
          6.9600 6.5000 0.7510,
          6.9490 0.1750 0.7430,
          6.9233 6.5000 0.7232,
          6.9132 0.1750 0.7150,
          6.8879 6.5000 0.6935,
          6.8788 0.1750 0.6854,
          6.8541 6.5000 0.6622,
          6.8459 0.1750 0.6541,
          6.8219 6.5000 0.6292,
          6.8146 0.1750 0.6212,
          6.7914 6.5000 0.5946,
          6.7850 0.1750 0.5868,
          6.7627 6.5000 0.5585,
          6.7570 0.1750 0.5510,
          6.7357 6.5000 0.5211,
          6.7309 0.1750 0.5139,
          6.7107 6.5000 0.4823,
          6.7066 0.1750 0.4755,
          6.6876 6.5000 0.4424,
          6.6842 0.1750 0.4360,
          6.6666 6.5000 0.4013,
          6.6638 0.1750 0.3955,
          6.6476 6.5000 0.3593,
          6.6454 0.1750 0.3540,
          6.6308 6.5000 0.3164,
          6.6291 0.1750 0.3116,
          6.6161 6.5000 0.2726,
          6.6148 0.1750 0.2685,
          6.6036 6.5000 0.2283,
          6.6027 0.1750 0.2248,
          6.5933 6.5000 0.1833,
          6.5928 0.1750 0.1805,
          6.5853 6.5000 0.1379,
          6.5850 0.1750 0.1357,
          6.5796 6.5000 0.0921,
          6.5795 0.1750 0.0907,
          6.5761 6.5000 0.0461,
          6.5761 0.1750 0.0454,
          6.5750 6.5000 -0.0000,
          6.5750 0.1750 -0.0000,
        ] }
        coordIndex [
          0 1 2 -1,
          2 1 3 -1,
          1 4 3 -1,
          3 4 5 -1,
          4 6 5 -1,
          5 6 7 -1,
          6 8 7 -1,
          7 8 9 -1,
          8 10 9 -1,
          9 10 11 -1,
          10 12 11 -1,
          11 12 13 -1,
          12 14 13 -1,
          13 14 15 -1,
          14 16 15 -1,
          15 16 17 -1,
          16 18 17 -1,
          17 18 19 -1,
          18 20 19 -1,
          19 20 21 -1,
          21 22 23 -1,
          20 22 21 -1,
          23 24 25 -1,
          22 24 23 -1,
          25 26 27 -1,
          24 26 25 -1,
          27 28 29 -1,
          26 28 27 -1,
          29 30 31 -1,
          28 30 29 -1,
          31 32 33 -1,
          30 32 31 -1,
          33 34 35 -1,
          32 34 33 -1,
          34 36 35 -1,
          35 36 37 -1,
          36 38 37 -1,
          37 38 39 -1,
          38 40 39 -1,
          39 40 41 -1,
          40 42 41 -1,
          41 42 43 -1,
          42 44 43 -1,
          43 44 45 -1,
          44 46 45 -1,
          45 46 47 -1,
          46 48 47 -1,
          47 48 49 -1,
          48 50 49 -1,
          49 50 51 -1,
          50 52 51 -1,
          51 52 53 -1,
          52 54 53 -1,
          53 54 55 -1,
          54 56 55 -1,
          55 56 57 -1,
          56 58 57 -1,
          57 58 59 -1,
          58 60 59 -1,
          59 60 61 -1,
          60 62 61 -1,
          61 62 63 -1,
          62 64 63 -1,
          63 64 65 -1,
          64 66 65 -1,
          65 66 67 -1,
          66 68 67 -1,
          67 68 69 -1,
          68 70 69 -1,
          69 70 71 -1,
          71 72 73 -1,
          70 72 71 -1,
          73 74 75 -1,
          72 74 73 -1,
          75 76 77 -1,
          74 76 75 -1,
          77 78 79 -1,
          76 78 77 -1,
          79 80 81 -1,
          78 80 79 -1,
          81 82 83 -1,
          80 82 81 -1,
          83 84 85 -1,
          82 84 83 -1,
          84 86 85 -1,
          85 86 87 -1,
          87 88 89 -1,
          86 88 87 -1,
          89 90 91 -1,
          88 90 89 -1,
          91 92 93 -1,
          90 92 91 -1,
          93 94 95 -1,
          92 94 93 -1,
          95 96 97 -1,
          94 96 95 -1,
          97 98 99 -1,
          96 98 97 -1,
          99 100 101 -1,
          98 100 99 -1,
          101 102 103 -1,
          100 102 101 -1,
          103 104 105 -1,
          102 104 103 -1,
          105 106 107 -1,
          104 106 105 -1,
          107 108 109 -1,
          106 108 107 -1,
          109 110 111 -1,
          108 110 109 -1,
          111 112 113 -1,
          110 112 111 -1,
          113 114 115 -1,
          112 114 113 -1,
          115 116 117 -1,
          114 116 115 -1,
          117 118 119 -1,
          116 118 117 -1,
          119 120 121 -1,
          118 120 119 -1,
          121 122 123 -1,
          120 122 121 -1,
          123 124 125 -1,
          122 124 123 -1,
          125 126 127 -1,
          124 126 125 -1,
          126 128 127 -1,
        ]
      }
    }
    Shape {
      appearance Appearance {
        material Material {
          diffuseColor 0.200 0.200 0.200
          specularColor 0.050 0.050 0.050
          shininess 0.15
        }
      }
      geometry IndexedFaceSet {
        creaseAngle 0.785398
        solid TRUE
        coord Coordinate { point [
          -6.5750 0.1750 -0.0000,
          -6.5761 0.1750 0.0454,
          -6.5750 6.5000 -0.0000,
          -6.5761 6.5000 0.0461,
          -6.5795 0.1750 0.0907,
          -6.5796 6.5000 0.0921,
          -6.5850 0.1750 0.1357,
          -6.5853 6.5000 0.1379,
          -6.5928 0.1750 0.1805,
          -6.5933 6.5000 0.1833,
          -6.6027 0.1750 0.2248,
          -6.6036 6.5000 0.2283,
          -6.6148 0.1750 0.2685,
          -6.6161 6.5000 0.2726,
          -6.6291 0.1750 0.3116,
          -6.6308 6.5000 0.3164,
          -6.6454 0.1750 0.3540,
          -6.6476 6.5000 0.3593,
          -6.6638 0.1750 0.3955,
          -6.6666 6.5000 0.4013,
          -6.6842 0.1750 0.4360,
          -6.6876 6.5000 0.4424,
          -6.7066 0.1750 0.4755,
          -6.7107 6.5000 0.4823,
          -6.7309 0.1750 0.5139,
          -6.7357 6.5000 0.5211,
          -6.7570 0.1750 0.5510,
          -6.7627 6.5000 0.5585,
          -6.7850 0.1750 0.5868,
          -6.7914 6.5000 0.5946,
          -6.8146 0.1750 0.6212,
          -6.8219 6.5000 0.6292,
          -6.8459 0.1750 0.6541,
          -6.8541 6.5000 0.6622,
          -6.8788 0.1750 0.6854,
          -6.8879 6.5000 0.6935,
          -6.9132 0.1750 0.7150,
          -6.9233 6.5000 0.7232,
          -6.9490 0.1750 0.7430,
          -6.9600 6.5000 0.7510,
          -6.9861 0.1750 0.7691,
          -6.9981 6.5000 0.7770,
          -7.0245 0.1750 0.7934,
          -7.0375 6.5000 0.8011,
          -7.0640 0.1750 0.8158,
          -7.0780 6.5000 0.8231,
          -7.1045 0.1750 0.8362,
          -7.1196 6.5000 0.8431,
          -7.1460 0.1750 0.8546,
          -7.1621 6.5000 0.8611,
          -7.1884 0.1750 0.8709,
          -7.2054 6.5000 0.8768,
          -7.2315 0.1750 0.8852,
          -7.2495 6.5000 0.8904,
          -7.2752 0.1750 0.8973,
          -7.2942 6.5000 0.9018,
          -7.3195 0.1750 0.9072,
          -7.3394 6.5000 0.9109,
          -7.3643 0.1750 0.9150,
          -7.3850 6.5000 0.9178,
          -7.4093 0.1750 0.9205,
          -7.4309 6.5000 0.9224,
          -7.4546 0.1750 0.9239,
          -7.4769 6.5000 0.9247,
          -7.5000 0.1750 0.9250,
          -7.5231 6.5000 0.9247,
          -7.5454 0.1750 0.9239,
          -7.5691 6.5000 0.9224,
          -7.5907 0.1750 0.9205,
          -7.6150 6.5000 0.9178,
          -7.6357 0.1750 0.9150,
          -7.6606 6.5000 0.9109,
          -7.6805 0.1750 0.9072,
          -7.7058 6.5000 0.9018,
          -7.7248 0.1750 0.8973,
          -7.7505 6.5000 0.8904,
          -7.7685 0.1750 0.8852,
          -7.7946 6.5000 0.8768,
          -7.8116 0.1750 0.8709,
          -7.8379 6.5000 0.8611,
          -7.8540 0.1750 0.8546,
          -7.8804 6.5000 0.8431,
          -7.8955 0.1750 0.8362,
          -7.9220 6.5000 0.8231,
          -7.9360 0.1750 0.8158,
          -7.9625 6.5000 0.8011,
          -7.9755 0.1750 0.7934,
          -8.0019 6.5000 0.7770,
          -8.0139 0.1750 0.7691,
          -8.0400 6.5000 0.7510,
          -8.0510 0.1750 0.7430,
          -8.0767 6.5000 0.7232,
          -8.0868 0.1750 0.7150,
          -8.1121 6.5000 0.6935,
          -8.1212 0.1750 0.6854,
          -8.1459 6.5000 0.6622,
          -8.1541 0.1750 0.6541,
          -8.1781 6.5000 0.6292,
          -8.1854 0.1750 0.6212,
          -8.2086 6.5000 0.5946,
          -8.2150 0.1750 0.5868,
          -8.2373 6.5000 0.5585,
          -8.2430 0.1750 0.5510,
          -8.2643 6.5000 0.5211,
          -8.2691 0.1750 0.5139,
          -8.2893 6.5000 0.4823,
          -8.2934 0.1750 0.4755,
          -8.3124 6.5000 0.4424,
          -8.3158 0.1750 0.4360,
          -8.3334 6.5000 0.4013,
          -8.3362 0.1750 0.3955,
          -8.3524 6.5000 0.3593,
          -8.3546 0.1750 0.3540,
          -8.3692 6.5000 0.3164,
          -8.3709 0.1750 0.3116,
          -8.3839 6.5000 0.2726,
          -8.3852 0.1750 0.2685,
          -8.3964 6.5000 0.2283,
          -8.3973 0.1750 0.2248,
          -8.4067 6.5000 0.1833,
          -8.4072 0.1750 0.1805,
          -8.4147 6.5000 0.1379,
          -8.4150 0.1750 0.1357,
          -8.4204 6.5000 0.0921,
          -8.4205 0.1750 0.0907,
          -8.4239 6.5000 0.0461,
          -8.4239 0.1750 0.0454,
          -8.4250 6.5000 -0.0000,
          -8.4250 0.1750 -0.0000,
        ] }
        coordIndex [
          0 1 2 -1,
          2 1 3 -1,
          1 4 3 -1,
          3 4 5 -1,
          4 6 5 -1,
          5 6 7 -1,
          6 8 7 -1,
          7 8 9 -1,
          8 10 9 -1,
          9 10 11 -1,
          10 12 11 -1,
          11 12 13 -1,
          12 14 13 -1,
          13 14 15 -1,
          14 16 15 -1,
          15 16 17 -1,
          16 18 17 -1,
          17 18 19 -1,
          18 20 19 -1,
          19 20 21 -1,
          21 22 23 -1,
          20 22 21 -1,
          23 24 25 -1,
          22 24 23 -1,
          25 26 27 -1,
          24 26 25 -1,
          27 28 29 -1,
          26 28 27 -1,
          29 30 31 -1,
          28 30 29 -1,
          31 32 33 -1,
          30 32 31 -1,
          33 34 35 -1,
          32 34 33 -1,
          34 36 35 -1,
          35 36 37 -1,
          36 38 37 -1,
          37 38 39 -1,
          38 40 39 -1,
          39 40 41 -1,
          40 42 41 -1,
          41 42 43 -1,
          42 44 43 -1,
          43 44 45 -1,
          44 46 45 -1,
          45 46 47 -1,
          46 48 47 -1,
          47 48 49 -1,
          48 50 49 -1,
          49 50 51 -1,
          50 52 51 -1,
          51 52 53 -1,
          52 54 53 -1,
          53 54 55 -1,
          54 56 55 -1,
          55 56 57 -1,
          56 58 57 -1,
          57 58 59 -1,
          58 60 59 -1,
          59 60 61 -1,
          60 62 61 -1,
          61 62 63 -1,
          62 64 63 -1,
          63 64 65 -1,
          64 66 65 -1,
          65 66 67 -1,
          66 68 67 -1,
          67 68 69 -1,
          68 70 69 -1,
          69 70 71 -1,
          71 72 73 -1,
          70 72 71 -1,
          73 74 75 -1,
          72 74 73 -1,
          75 76 77 -1,
          74 76 75 -1,
          77 78 79 -1,
          76 78 77 -1,
          79 80 81 -1,
          78 80 79 -1,
          81 82 83 -1,
          80 82 81 -1,
          83 84 85 -1,
          82 84 83 -1,
          84 86 85 -1,
          85 86 87 -1,
          87 88 89 -1,
          86 88 87 -1,
          89 90 91 -1,
          88 90 89 -1,
          91 92 93 -1,
          90 92 91 -1,
          93 94 95 -1,
          92 94 93 -1,
          95 96 97 -1,
          94 96 95 -1,
          97 98 99 -1,
          96 98 97 -1,
          99 100 101 -1,
          98 100 99 -1,
          101 102 103 -1,
          100 102 101 -1,
          103 104 105 -1,
          102 104 103 -1,
          105 106 107 -1,
          104 106 105 -1,
          107 108 109 -1,
          106 108 107 -1,
          109 110 111 -1,
          108 110 109 -1,
          111 112 113 -1,
          110 112 111 -1,
          113 114 115 -1,
          112 114 113 -1,
          115 116 117 -1,
          114 116 115 -1,
          117 118 119 -1,
          116 118 117 -1,
          119 120 121 -1,
          118 120 119 -1,
          121 122 123 -1,
          120 122 121 -1,
          123 124 125 -1,
          122 124 123 -1,
          125 126 127 -1,
          124 126 125 -1,
          126 128 127 -1,
        ]
      }
    }
    Shape {
      appearance Appearance {
        material Material {
          diffuseColor 0.200 0.200 0.200
          specularColor 0.050 0.050 0.050
          shininess 0.15
        }
      }
      geometry IndexedFaceSet {
        creaseAngle 0.785398
        solid TRUE
        coord Coordinate { point [
          0.9000 0.4000 -3.2000,
          0.9000 0.4000 4.9000,
          -0.9000 0.4000 -3.2000,
          -0.9000 0.4000 4.9000,
        ] }
        coordIndex [
          0 1 2 -1,
          2 1 3 -1,
        ]
      }
    }
    Shape {
      appearance Appearance {
        material Material {
          diffuseColor 0.200 0.200 0.200
          specularColor 0.050 0.050 0.050
          shininess 0.15
        }
      }
      geometry IndexedFaceSet {
        creaseAngle 0.785398
        solid TRUE
        coord Coordinate { point [
          -0.8750 15.8348 7.5000,
          -0.8750 14.5500 7.5000,
          -0.8750 15.8348 0.7000,
          -0.8750 14.5500 0.7000,
        ] }
        coordIndex [
          0 1 2 -1,
          2 1 3 -1,
        ]
      }
    }
    Shape {
      appearance Appearance {
        material Material {
          diffuseColor 0.200 0.200 0.200
          specularColor 0.050 0.050 0.050
          shininess 0.15
        }
      }
      geometry IndexedFaceSet {
        creaseAngle 0.785398
        solid TRUE
        coord Coordinate { point [
          0.8750 14.5500 7.5000,
          0.8750 14.5500 0.7000,
          -0.8750 14.5500 7.5000,
          -0.8750 14.5500 0.7000,
        ] }
        coordIndex [
          0 1 2 -1,
          2 1 3 -1,
        ]
      }
    }
    Shape {
      appearance Appearance {
        material Material {
          diffuseColor 0.200 0.200 0.200
          specularColor 0.050 0.050 0.050
          shininess 0.15
        }
      }
      geometry IndexedFaceSet {
        creaseAngle 0.785398
        solid TRUE
        coord Coordinate { point [
          0.8750 14.5500 7.5000,
          0.8750 15.8348 7.5000,
          0.8750 14.5500 0.7000,
          0.8750 15.8348 0.7000,
        ] }
        coordIndex [
          0 1 2 -1,
          2 1 3 -1,
        ]
      }
    }
    Shape {
      appearance Appearance {
        material Material {
          diffuseColor 0.200 0.200 0.200
          specularColor 0.050 0.050 0.050
          shininess 0.15
        }
      }
      geometry IndexedFaceSet {
        creaseAngle 0.785398
        solid TRUE
        coord Coordinate { point [
          5.9000 10.0000 7.5000,
          5.9000 10.0000 0.7000,
          5.8929 10.2892 0.7000,
          5.8929 10.2892 7.5000,
          5.8717 10.5777 0.7000,
          5.8717 10.5777 7.5000,
          5.8363 10.8647 0.7000,
          5.8363 10.8647 7.5000,
          5.7869 11.1498 0.7000,
          5.7869 11.1498 7.5000,
          5.7236 11.4320 0.7000,
          5.7236 11.4320 7.5000,
          5.6465 11.7108 0.7000,
          5.6465 11.7108 7.5000,
          5.5559 11.9855 0.7000,
          5.5559 11.9855 7.5000,
          5.4519 12.2554 0.7000,
          5.4519 12.2554 7.5000,
          5.3348 12.5199 0.7000,
          5.3348 12.5199 7.5000,
          5.2049 12.7784 0.7000,
          5.2049 12.7784 7.5000,
          5.0624 13.0301 0.7000,
          5.0624 13.0301 7.5000,
          4.9078 13.2746 0.7000,
          4.9078 13.2746 7.5000,
          4.7414 13.5112 0.7000,
          4.7414 13.5112 7.5000,
          4.5636 13.7394 0.7000,
          4.5636 13.7394 7.5000,
          4.3749 13.9586 0.7000,
          4.3749 13.9586 7.5000,
          4.1756 14.1683 0.7000,
          4.1756 14.1683 7.5000,
          3.9663 14.3679 0.7000,
          3.9663 14.3679 7.5000,
          3.7474 14.5571 0.7000,
          3.7474 14.5571 7.5000,
          3.5196 14.7353 0.7000,
          3.5196 14.7353 7.5000,
          3.2832 14.9021 0.7000,
          3.2832 14.9021 7.5000,
          3.0390 15.0571 0.7000,
          3.0390 15.0571 7.5000,
          2.7875 15.2000 7.5000,
          2.7875 15.2000 0.7000,
          2.5293 15.3303 7.5000,
          2.5293 15.3303 0.7000,
          2.2650 15.4479 0.7000,
          2.2650 15.4479 7.5000,
          1.9953 15.5524 0.7000,
          1.9953 15.5524 7.5000,
          1.7207 15.6435 7.5000,
          1.7207 15.6435 0.7000,
          1.4421 15.7211 0.7000,
          1.4421 15.7211 7.5000,
          1.1599 15.7849 0.7000,
          1.1599 15.7849 7.5000,
          0.8750 15.8348 7.5000,
          0.8750 15.8348 0.7000,
        ] }
        coordIndex [
          0 1 2 -1,
          3 2 4 -1,
          3 0 2 -1,
          5 4 6 -1,
          5 3 4 -1,
          7 6 8 -1,
          7 5 6 -1,
          9 8 10 -1,
          9 7 8 -1,
          11 10 12 -1,
          11 9 10 -1,
          13 12 14 -1,
          13 11 12 -1,
          15 14 16 -1,
          15 13 14 -1,
          17 16 18 -1,
          17 15 16 -1,
          19 17 18 -1,
          19 18 20 -1,
          21 19 20 -1,
          21 20 22 -1,
          23 21 22 -1,
          23 22 24 -1,
          25 24 26 -1,
          25 23 24 -1,
          27 26 28 -1,
          27 25 26 -1,
          29 28 30 -1,
          29 27 28 -1,
          31 29 30 -1,
          31 30 32 -1,
          33 32 34 -1,
          33 31 32 -1,
          35 34 36 -1,
          35 33 34 -1,
          37 36 38 -1,
          37 35 36 -1,
          39 38 40 -1,
          39 37 38 -1,
          41 40 42 -1,
          41 39 40 -1,
          43 41 42 -1,
          44 42 45 -1,
          44 43 42 -1,
          46 45 47 -1,
          46 47 48 -1,
          46 44 45 -1,
          49 48 50 -1,
          49 46 48 -1,
          51 49 50 -1,
          52 50 53 -1,
          52 53 54 -1,
          52 51 50 -1,
          55 54 56 -1,
          55 52 54 -1,
          57 55 56 -1,
          58 56 59 -1,
          58 57 56 -1,
        ]
      }
    }
    Shape {
      appearance Appearance {
        material Material {
          diffuseColor 0.200 0.200 0.200
          specularColor 0.050 0.050 0.050
          shininess 0.15
        }
      }
      geometry IndexedFaceSet {
        creaseAngle 0.785398
        solid TRUE
        coord Coordinate { point [
          -7.3000 0.8000 -6.6500,
          -5.1998 2.8000 -6.6500,
          -5.1998 0.8000 -6.6500,
          -7.3000 2.8000 -6.6500,
        ] }
        coordIndex [
          0 1 2 -1,
          3 1 0 -1,
        ]
      }
    }
    Shape {
      appearance Appearance {
        material Material {
          diffuseColor 0.200 0.200 0.200
          specularColor 0.050 0.050 0.050
          shininess 0.15
        }
      }
      geometry IndexedFaceSet {
        creaseAngle 0.785398
        solid TRUE
        coord Coordinate { point [
          -5.1998 4.2351 -4.5000,
          -5.1998 2.8000 -5.0000,
          -5.1998 4.2351 -5.0000,
          -5.1998 0.8000 -6.6500,
          -5.1998 2.8000 -6.6500,
          -5.1998 0.8000 -4.5000,
        ] }
        coordIndex [
          0 1 2 -1,
          1 3 4 -1,
          1 5 3 -1,
          0 5 1 -1,
        ]
      }
    }
    Shape {
      appearance Appearance {
        material Material {
          diffuseColor 0.200 0.200 0.200
          specularColor 0.050 0.050 0.050
          shininess 0.15
        }
      }
      geometry IndexedFaceSet {
        creaseAngle 0.785398
        solid TRUE
        coord Coordinate { point [
          -5.1998 0.8000 -4.5000,
          -5.1998 4.2351 -4.5000,
          -4.8002 0.8000 -4.5000,
          -5.1970 4.3526 -4.5000,
          -4.8002 4.2351 -4.5000,
          -4.7978 4.3330 -4.5000,
          -5.1883 4.4698 -4.5000,
          -4.7906 4.4307 -4.5000,
          -5.1740 4.5865 -4.5000,
          -4.7786 4.5280 -4.5000,
          -5.1539 4.7024 -4.5000,
          -4.7619 4.6245 -4.5000,
          -5.1282 4.8171 -4.5000,
          -4.7404 4.7201 -4.5000,
          -5.0601 5.0421 -4.5000,
          -4.7143 4.8146 -4.5000,
          -5.0969 4.9304 -4.5000,
          -4.6837 4.9076 -4.5000,
          -5.0178 5.1518 -4.5000,
          -4.6485 4.9991 -4.5000,
          -4.9175 5.3643 -4.5000,
          -4.6088 5.0887 -4.5000,
          -4.9703 5.2593 -4.5000,
          -4.8597 5.4667 -4.5000,
          -4.5648 5.1763 -4.5000,
          -4.5166 5.2616 -4.5000,
          -4.7969 5.5661 -4.5000,
          -4.4643 5.3444 -4.5000,
          -4.7293 5.6623 -4.5000,
          -4.4080 5.4246 -4.5000,
          -2.2810 8.9715 -4.5000,
          -1.9690 8.7212 -4.5000,
        ] }
        coordIndex [
          0 1 2 -1,
          3 4 1 -1,
          1 4 2 -1,
          3 5 4 -1,
          6 7 3 -1,
          3 7 5 -1,
          8 9 6 -1,
          6 9 7 -1,
          10 11 8 -1,
          8 11 9 -1,
          12 13 10 -1,
          10 13 11 -1,
          14 15 16 -1,
          16 15 12 -1,
          12 15 13 -1,
          14 17 15 -1,
          18 19 14 -1,
          14 19 17 -1,
          20 21 22 -1,
          22 21 18 -1,
          18 21 19 -1,
          23 24 20 -1,
          20 24 21 -1,
          23 25 24 -1,
          26 27 23 -1,
          23 27 25 -1,
          26 28 27 -1,
          28 29 27 -1,
          30 31 28 -1,
          28 31 29 -1,
        ]
      }
    }
    Shape {
      appearance Appearance {
        material Material {
          diffuseColor 0.200 0.200 0.200
          specularColor 0.050 0.050 0.050
          shininess 0.15
        }
      }
      geometry IndexedFaceSet {
        creaseAngle 0.785398
        solid TRUE
        coord Coordinate { point [
          -4.8002 0.8000 -4.5000,
          -4.8002 2.8000 -5.0000,
          -4.8002 0.8000 -6.6500,
          -4.8002 2.8000 -6.6500,
          -4.8002 4.2351 -4.5000,
          -4.8002 4.2351 -5.0000,
        ] }
        coordIndex [
          0 1 2 -1,
          2 1 3 -1,
          1 4 5 -1,
          0 4 1 -1,
        ]
      }
    }
    Shape {
      appearance Appearance {
        material Material {
          diffuseColor 0.200 0.200 0.200
          specularColor 0.050 0.050 0.050
          shininess 0.15
        }
      }
      geometry IndexedFaceSet {
        creaseAngle 0.785398
        solid TRUE
        coord Coordinate { point [
          -4.8002 2.8000 -6.6500,
          -0.1998 2.8000 -6.6500,
          -0.1998 0.8000 -6.6500,
          -4.8002 0.8000 -6.6500,
        ] }
        coordIndex [
          0 1 2 -1,
          0 2 3 -1,
        ]
      }
    }
    Shape {
      appearance Appearance {
        material Material {
          diffuseColor 0.200 0.200 0.200
          specularColor 0.050 0.050 0.050
          shininess 0.15
        }
      }
      geometry IndexedFaceSet {
        creaseAngle 0.785398
        solid TRUE
        coord Coordinate { point [
          -0.1998 7.2500 -4.5000,
          -0.1998 2.8000 -5.0000,
          -0.1998 7.2500 -5.0000,
          -0.1998 0.8000 -6.6500,
          -0.1998 2.8000 -6.6500,
          -0.1998 0.8000 -4.5000,
        ] }
        coordIndex [
          0 1 2 -1,
          1 3 4 -1,
          1 5 3 -1,
          0 5 1 -1,
        ]
      }
    }
    Shape {
      appearance Appearance {
        material Material {
          diffuseColor 0.200 0.200 0.200
          specularColor 0.050 0.050 0.050
          shininess 0.15
        }
      }
      geometry IndexedFaceSet {
        creaseAngle 0.785398
        solid TRUE
        coord Coordinate { point [
          -0.1998 7.2500 -4.5000,
          0.1998 7.2500 -4.5000,
          0.1998 0.8000 -4.5000,
          -0.1998 0.8000 -4.5000,
        ] }
        coordIndex [
          0 1 2 -1,
          0 2 3 -1,
        ]
      }
    }
    Shape {
      appearance Appearance {
        material Material {
          diffuseColor 0.200 0.200 0.200
          specularColor 0.050 0.050 0.050
          shininess 0.15
        }
      }
      geometry IndexedFaceSet {
        creaseAngle 0.785398
        solid TRUE
        coord Coordinate { point [
          0.1998 0.8000 -4.5000,
          0.1998 2.8000 -5.0000,
          0.1998 0.8000 -6.6500,
          0.1998 2.8000 -6.6500,
          0.1998 7.2500 -4.5000,
          0.1998 7.2500 -5.0000,
        ] }
        coordIndex [
          0 1 2 -1,
          2 1 3 -1,
          1 4 5 -1,
          0 4 1 -1,
        ]
      }
    }
    Shape {
      appearance Appearance {
        material Material {
          diffuseColor 0.200 0.200 0.200
          specularColor 0.050 0.050 0.050
          shininess 0.15
        }
      }
      geometry IndexedFaceSet {
        creaseAngle 0.785398
        solid TRUE
        coord Coordinate { point [
          0.1998 2.8000 -6.6500,
          4.8002 2.8000 -6.6500,
          4.8002 0.8000 -6.6500,
          0.1998 0.8000 -6.6500,
        ] }
        coordIndex [
          0 1 2 -1,
          0 2 3 -1,
        ]
      }
    }
    Shape {
      appearance Appearance {
        material Material {
          diffuseColor 0.200 0.200 0.200
          specularColor 0.050 0.050 0.050
          shininess 0.15
        }
      }
      geometry IndexedFaceSet {
        creaseAngle 0.785398
        solid TRUE
        coord Coordinate { point [
          4.8002 4.2351 -4.5000,
          4.8002 2.8000 -5.0000,
          4.8002 4.2351 -5.0000,
          4.8002 0.8000 -6.6500,
          4.8002 2.8000 -6.6500,
          4.8002 0.8000 -4.5000,
        ] }
        coordIndex [
          0 1 2 -1,
          1 3 4 -1,
          1 5 3 -1,
          0 5 1 -1,
        ]
      }
    }
    Shape {
      appearance Appearance {
        material Material {
          diffuseColor 0.200 0.200 0.200
          specularColor 0.050 0.050 0.050
          shininess 0.15
        }
      }
      geometry IndexedFaceSet {
        creaseAngle 0.785398
        solid TRUE
        coord Coordinate { point [
          4.8002 4.2351 -4.5000,
          5.1998 4.2351 -4.5000,
          4.8002 0.8000 -4.5000,
          5.1998 0.8000 -4.5000,
          4.7978 4.3330 -4.5000,
          5.1970 4.3526 -4.5000,
          4.7786 4.5280 -4.5000,
          5.1883 4.4698 -4.5000,
          4.7906 4.4307 -4.5000,
          5.1740 4.5865 -4.5000,
          4.7404 4.7201 -4.5000,
          5.1539 4.7024 -4.5000,
          4.7619 4.6245 -4.5000,
          5.1282 4.8171 -4.5000,
          4.6837 4.9076 -4.5000,
          5.0969 4.9304 -4.5000,
          4.7143 4.8146 -4.5000,
          5.0601 5.0421 -4.5000,
          4.6088 5.0887 -4.5000,
          5.0178 5.1518 -4.5000,
          4.6485 4.9991 -4.5000,
          4.5648 5.1763 -4.5000,
          4.9703 5.2593 -4.5000,
          4.5166 5.2616 -4.5000,
          4.9175 5.3643 -4.5000,
          4.4643 5.3444 -4.5000,
          4.8597 5.4667 -4.5000,
          4.7969 5.5661 -4.5000,
          4.4080 5.4246 -4.5000,
          4.7293 5.6623 -4.5000,
          1.9690 8.7212 -4.5000,
          2.2810 8.9715 -4.5000,
        ] }
        coordIndex [
          0 1 2 -1,
          2 1 3 -1,
          4 5 0 -1,
          0 5 1 -1,
          6 7 8 -1,
          8 7 4 -1,
          4 7 5 -1,
          6 9 7 -1,
          10 11 12 -1,
          12 11 6 -1,
          6 11 9 -1,
          10 13 11 -1,
          14 15 16 -1,
          16 15 10 -1,
          10 15 13 -1,
          14 17 15 -1,
          18 19 20 -1,
          20 19 14 -1,
          14 19 17 -1,
          21 22 18 -1,
          18 22 19 -1,
          23 24 21 -1,
          21 24 22 -1,
          25 26 23 -1,
          23 26 24 -1,
          25 27 26 -1,
          28 29 25 -1,
          25 29 27 -1,
          28 30 29 -1,
          30 31 29 -1,
        ]
      }
    }
    Shape {
      appearance Appearance {
        material Material {
          diffuseColor 0.200 0.200 0.200
          specularColor 0.050 0.050 0.050
          shininess 0.15
        }
      }
      geometry IndexedFaceSet {
        creaseAngle 0.785398
        solid TRUE
        coord Coordinate { point [
          5.1998 0.8000 -4.5000,
          5.1998 2.8000 -5.0000,
          5.1998 0.8000 -6.6500,
          5.1998 2.8000 -6.6500,
          5.1998 4.2351 -4.5000,
          5.1998 4.2351 -5.0000,
        ] }
        coordIndex [
          0 1 2 -1,
          2 1 3 -1,
          1 4 5 -1,
          0 4 1 -1,
        ]
      }
    }
    Shape {
      appearance Appearance {
        material Material {
          diffuseColor 0.200 0.200 0.200
          specularColor 0.050 0.050 0.050
          shininess 0.15
        }
      }
      geometry IndexedFaceSet {
        creaseAngle 0.785398
        solid TRUE
        coord Coordinate { point [
          5.1998 2.8000 -6.6500,
          7.3000 2.8000 -6.6500,
          7.3000 0.8000 -6.6500,
          5.1998 0.8000 -6.6500,
        ] }
        coordIndex [
          0 1 2 -1,
          0 2 3 -1,
        ]
      }
    }
    Shape {
      appearance Appearance {
        material Material {
          diffuseColor 0.200 0.200 0.200
          specularColor 0.050 0.050 0.050
          shininess 0.15
        }
      }
      geometry IndexedFaceSet {
        creaseAngle 0.785398
        solid TRUE
        coord Coordinate { point [
          7.3000 2.8000 -6.6500,
          7.3000 2.8000 -5.0000,
          7.3000 0.8000 -6.6500,
          7.3000 0.8000 -4.5000,
          7.3000 2.8000 -4.5000,
        ] }
        coordIndex [
          0 1 2 -1,
          2 1 3 -1,
          1 4 3 -1,
        ]
      }
    }
    Shape {
      appearance Appearance {
        material Material {
          diffuseColor 0.200 0.200 0.200
          specularColor 0.050 0.050 0.050
          shininess 0.15
        }
      }
      geometry IndexedFaceSet {
        creaseAngle 0.785398
        solid TRUE
        coord Coordinate { point [
          7.3000 2.8000 -4.5000,
          7.7000 2.8000 -4.5000,
          7.7000 0.8000 -4.5000,
          7.3000 0.8000 -4.5000,
          7.2976 2.8980 -4.5000,
          7.6885 3.0348 -4.5000,
          7.6971 2.9175 -4.5000,
          7.2904 2.9957 -4.5000,
          7.2784 3.0929 -4.5000,
          7.6541 3.2674 -4.5000,
          7.6741 3.1515 -4.5000,
          7.2617 3.1895 -4.5000,
          7.2403 3.2851 -4.5000,
          7.6283 3.3821 -4.5000,
          7.2142 3.3795 -4.5000,
          7.5970 3.4954 -4.5000,
          7.1835 3.4726 -4.5000,
          7.5602 3.6071 -4.5000,
          7.1483 3.5640 -4.5000,
          7.4704 3.8244 -4.5000,
          7.5180 3.7168 -4.5000,
          7.1087 3.6536 -4.5000,
          7.0647 3.7412 -4.5000,
          7.4176 3.9294 -4.5000,
          7.0165 3.8265 -4.5000,
          7.3598 4.0318 -4.5000,
          7.2970 4.1312 -4.5000,
          6.9641 3.9093 -4.5000,
          6.9078 3.9895 -4.5000,
          7.2294 4.2274 -4.5000,
          2.5000 9.9474 -4.5000,
          2.8122 10.1979 -4.5000,
        ] }
        coordIndex [
          0 1 2 -1,
          0 2 3 -1,
          4 5 6 -1,
          4 6 1 -1,
          4 1 0 -1,
          7 5 4 -1,
          8 9 10 -1,
          8 10 5 -1,
          8 5 7 -1,
          11 9 8 -1,
          12 13 9 -1,
          12 9 11 -1,
          14 15 13 -1,
          14 13 12 -1,
          16 17 15 -1,
          16 15 14 -1,
          18 19 20 -1,
          18 20 17 -1,
          18 17 16 -1,
          21 19 18 -1,
          22 23 19 -1,
          22 19 21 -1,
          24 25 23 -1,
          24 23 22 -1,
          26 25 24 -1,
          27 26 24 -1,
          28 29 26 -1,
          28 26 27 -1,
          30 31 29 -1,
          30 29 28 -1,
        ]
      }
    }
    Shape {
      appearance Appearance {
        material Material {
          diffuseColor 0.200 0.200 0.200
          specularColor 0.050 0.050 0.050
          shininess 0.15
        }
      }
      geometry IndexedFaceSet {
        creaseAngle 0.785398
        solid TRUE
        coord Coordinate { point [
          7.7000 0.8000 -4.5000,
          7.7000 2.8000 -5.0000,
          7.7000 0.8000 -6.6500,
          7.7000 2.8000 -6.6500,
          7.7000 2.8000 -4.5000,
        ] }
        coordIndex [
          0 1 2 -1,
          2 1 3 -1,
          0 4 1 -1,
        ]
      }
    }
    Shape {
      appearance Appearance {
        material Material {
          diffuseColor 0.200 0.200 0.200
          specularColor 0.050 0.050 0.050
          shininess 0.15
        }
      }
      geometry IndexedFaceSet {
        creaseAngle 0.785398
        solid TRUE
        coord Coordinate { point [
          7.7000 2.8000 -6.6500,
          9.2000 2.8000 -6.6500,
          9.2000 0.8000 -6.6500,
          7.7000 0.8000 -6.6500,
        ] }
        coordIndex [
          0 1 2 -1,
          0 2 3 -1,
        ]
      }
    }
    Shape {
      appearance Appearance {
        material Material {
          diffuseColor 0.200 0.200 0.200
          specularColor 0.050 0.050 0.050
          shininess 0.15
        }
      }
      geometry IndexedFaceSet {
        creaseAngle 0.785398
        solid TRUE
        coord Coordinate { point [
          9.2000 2.8000 -5.0000,
          9.2000 0.8000 -6.6500,
          9.2000 2.8000 -6.6500,
          9.2000 0.8000 -5.0000,
        ] }
        coordIndex [
          0 1 2 -1,
          0 3 1 -1,
        ]
      }
    }
    Shape {
      appearance Appearance {
        material Material {
          diffuseColor 0.200 0.200 0.200
          specularColor 0.050 0.050 0.050
          shininess 0.15
        }
      }
      geometry IndexedFaceSet {
        creaseAngle 0.785398
        solid TRUE
        coord Coordinate { point [
          -9.2000 0.8000 -5.0000,
          -9.2000 2.8000 -5.0000,
          -9.2000 0.8000 -6.6500,
          -9.2000 2.8000 -6.6500,
        ] }
        coordIndex [
          0 1 2 -1,
          1 3 2 -1,
        ]
      }
    }
    Shape {
      appearance Appearance {
        material Material {
          diffuseColor 0.200 0.200 0.200
          specularColor 0.050 0.050 0.050
          shininess 0.15
        }
      }
      geometry IndexedFaceSet {
        creaseAngle 0.785398
        solid TRUE
        coord Coordinate { point [
          -7.7000 2.8000 -6.6500,
          -7.7000 0.8000 -6.6500,
          -9.2000 0.8000 -6.6500,
          -9.2000 2.8000 -6.6500,
        ] }
        coordIndex [
          0 1 2 -1,
          3 0 2 -1,
        ]
      }
    }
    Shape {
      appearance Appearance {
        material Material {
          diffuseColor 0.200 0.200 0.200
          specularColor 0.050 0.050 0.050
          shininess 0.15
        }
      }
      geometry IndexedFaceSet {
        creaseAngle 0.785398
        solid TRUE
        coord Coordinate { point [
          -7.7000 2.8000 -5.0000,
          -7.7000 0.8000 -6.6500,
          -7.7000 2.8000 -6.6500,
          -7.7000 2.8000 -4.5000,
          -7.7000 0.8000 -4.5000,
        ] }
        coordIndex [
          0 1 2 -1,
          3 4 0 -1,
          0 4 1 -1,
        ]
      }
    }
    Shape {
      appearance Appearance {
        material Material {
          diffuseColor 0.200 0.200 0.200
          specularColor 0.050 0.050 0.050
          shininess 0.15
        }
      }
      geometry IndexedFaceSet {
        creaseAngle 0.785398
        solid TRUE
        coord Coordinate { point [
          -7.7000 2.8000 -4.5000,
          -7.3000 2.8000 -4.5000,
          -7.7000 0.8000 -4.5000,
          -7.3000 0.8000 -4.5000,
          -7.6971 2.9175 -4.5000,
          -7.2976 2.8980 -4.5000,
          -7.6885 3.0348 -4.5000,
          -7.2904 2.9957 -4.5000,
          -7.6741 3.1515 -4.5000,
          -7.2784 3.0929 -4.5000,
          -7.6541 3.2674 -4.5000,
          -7.2617 3.1895 -4.5000,
          -7.6283 3.3821 -4.5000,
          -7.2403 3.2851 -4.5000,
          -7.5970 3.4954 -4.5000,
          -7.2142 3.3795 -4.5000,
          -7.5602 3.6071 -4.5000,
          -7.1835 3.4726 -4.5000,
          -7.5180 3.7168 -4.5000,
          -7.1483 3.5640 -4.5000,
          -7.4704 3.8244 -4.5000,
          -7.1087 3.6536 -4.5000,
          -7.4176 3.9294 -4.5000,
          -7.0647 3.7412 -4.5000,
          -7.3598 4.0318 -4.5000,
          -7.0165 3.8265 -4.5000,
          -7.2970 4.1312 -4.5000,
          -6.9641 3.9093 -4.5000,
          -7.2294 4.2274 -4.5000,
          -6.9078 3.9895 -4.5000,
          -2.8122 10.1979 -4.5000,
          -2.5000 9.9474 -4.5000,
        ] }
        coordIndex [
          0 1 2 -1,
          2 1 3 -1,
          4 5 0 -1,
          0 5 1 -1,
          6 7 4 -1,
          4 7 5 -1,
          8 9 6 -1,
          6 9 7 -1,
          10 11 8 -1,
          8 11 9 -1,
          12 13 10 -1,
          10 13 11 -1,
          14 15 12 -1,
          12 15 13 -1,
          16 17 14 -1,
          14 17 15 -1,
          18 19 16 -1,
          16 19 17 -1,
          20 21 18 -1,
          18 21 19 -1,
          22 23 20 -1,
          20 23 21 -1,
          24 25 22 -1,
          22 25 23 -1,
          26 27 24 -1,
          24 27 25 -1,
          28 29 26 -1,
          26 29 27 -1,
          30 31 28 -1,
          28 31 29 -1,
        ]
      }
    }
    Shape {
      appearance Appearance {
        material Material {
          diffuseColor 0.200 0.200 0.200
          specularColor 0.050 0.050 0.050
          shininess 0.15
        }
      }
      geometry IndexedFaceSet {
        creaseAngle 0.785398
        solid TRUE
        coord Coordinate { point [
          -7.3000 0.8000 -4.5000,
          -7.3000 2.8000 -5.0000,
          -7.3000 0.8000 -6.6500,
          -7.3000 2.8000 -6.6500,
          -7.3000 2.8000 -4.5000,
        ] }
        coordIndex [
          0 1 2 -1,
          2 1 3 -1,
          0 4 1 -1,
        ]
      }
    }
    Shape {
      appearance Appearance {
        material Material {
          diffuseColor 0.200 0.200 0.200
          specularColor 0.050 0.050 0.050
          shininess 0.15
        }
      }
      geometry IndexedFaceSet {
        creaseAngle 0.785398
        solid TRUE
        coord Coordinate { point [
          -5.1998 4.2351 -4.5000,
          -5.1998 4.2351 -5.0000,
          -5.1970 4.3526 -4.5000,
          -5.1970 4.3526 -5.0000,
          -5.1883 4.4698 -4.5000,
          -5.1883 4.4698 -5.0000,
          -5.1740 4.5865 -4.5000,
          -5.1740 4.5865 -5.0000,
          -5.1539 4.7024 -4.5000,
          -5.1539 4.7024 -5.0000,
          -5.1282 4.8171 -4.5000,
          -5.1282 4.8171 -5.0000,
          -5.0969 4.9304 -4.5000,
          -5.0969 4.9304 -5.0000,
          -5.0601 5.0421 -4.5000,
          -5.0601 5.0421 -5.0000,
          -5.0178 5.1518 -4.5000,
          -5.0178 5.1518 -5.0000,
          -4.9703 5.2593 -4.5000,
          -4.9703 5.2593 -5.0000,
          -4.9175 5.3643 -4.5000,
          -4.9175 5.3643 -5.0000,
          -4.8597 5.4667 -4.5000,
          -4.8597 5.4667 -5.0000,
          -4.7969 5.5661 -4.5000,
          -4.7969 5.5661 -5.0000,
          -4.7293 5.6623 -5.0000,
          -4.7293 5.6623 -4.5000,
        ] }
        coordIndex [
          0 1 2 -1,
          2 3 4 -1,
          1 3 2 -1,
          4 5 6 -1,
          3 5 4 -1,
          6 7 8 -1,
          5 7 6 -1,
          8 9 10 -1,
          7 9 8 -1,
          10 11 12 -1,
          9 11 10 -1,
          12 13 14 -1,
          11 13 12 -1,
          14 15 16 -1,
          13 15 14 -1,
          16 17 18 -1,
          15 17 16 -1,
          18 19 20 -1,
          17 19 18 -1,
          20 21 22 -1,
          19 21 20 -1,
          22 23 24 -1,
          21 23 22 -1,
          23 25 24 -1,
          24 26 27 -1,
          25 26 24 -1,
        ]
      }
    }
    Shape {
      appearance Appearance {
        material Material {
          diffuseColor 0.200 0.200 0.200
          specularColor 0.050 0.050 0.050
          shininess 0.15
        }
      }
      geometry IndexedFaceSet {
        creaseAngle 0.785398
        solid TRUE
        coord Coordinate { point [
          -5.1998 2.8000 -5.0000,
          -5.1998 2.8000 -6.6500,
          -7.3000 2.8000 -5.0000,
          -7.3000 2.8000 -6.6500,
        ] }
        coordIndex [
          0 1 2 -1,
          2 1 3 -1,
        ]
      }
    }
    Shape {
      appearance Appearance {
        material Material {
          diffuseColor 0.200 0.200 0.200
          specularColor 0.050 0.050 0.050
          shininess 0.15
        }
      }
      geometry IndexedFaceSet {
        creaseAngle 0.785398
        solid TRUE
        coord Coordinate { point [
          -7.2976 2.8980 -5.0000,
          -7.3000 2.8000 -5.0000,
          -7.3000 2.8000 -4.5000,
          -7.2976 2.8980 -4.5000,
          -7.2904 2.9957 -5.0000,
          -7.2904 2.9957 -4.5000,
          -7.2784 3.0929 -5.0000,
          -7.2784 3.0929 -4.5000,
          -7.2617 3.1895 -5.0000,
          -7.2617 3.1895 -4.5000,
          -7.2403 3.2851 -5.0000,
          -7.2403 3.2851 -4.5000,
          -7.2142 3.3795 -5.0000,
          -7.2142 3.3795 -4.5000,
          -7.1835 3.4726 -5.0000,
          -7.1835 3.4726 -4.5000,
          -7.1483 3.5640 -5.0000,
          -7.1483 3.5640 -4.5000,
          -7.1087 3.6536 -5.0000,
          -7.1087 3.6536 -4.5000,
          -7.0647 3.7412 -5.0000,
          -7.0647 3.7412 -4.5000,
          -7.0165 3.8265 -5.0000,
          -7.0165 3.8265 -4.5000,
          -6.9641 3.9093 -5.0000,
          -6.9641 3.9093 -4.5000,
          -6.9078 3.9895 -5.0000,
          -6.9078 3.9895 -4.5000,
        ] }
        coordIndex [
          0 1 2 -1,
          0 2 3 -1,
          4 3 5 -1,
          4 0 3 -1,
          6 5 7 -1,
          6 4 5 -1,
          8 7 9 -1,
          8 6 7 -1,
          10 9 11 -1,
          10 8 9 -1,
          12 11 13 -1,
          12 10 11 -1,
          14 13 15 -1,
          14 12 13 -1,
          16 15 17 -1,
          16 14 15 -1,
          18 17 19 -1,
          18 16 17 -1,
          20 19 21 -1,
          20 18 19 -1,
          22 21 23 -1,
          22 20 21 -1,
          24 23 25 -1,
          24 22 23 -1,
          26 25 27 -1,
          26 24 25 -1,
        ]
      }
    }
    Shape {
      appearance Appearance {
        material Material {
          diffuseColor 0.200 0.200 0.200
          specularColor 0.050 0.050 0.050
          shininess 0.15
        }
      }
      geometry IndexedFaceSet {
        creaseAngle 0.785398
        solid TRUE
        coord Coordinate { point [
          -6.9078 3.9895 -4.5000,
          -2.5000 9.9474 -4.5000,
          -6.9078 3.9895 -5.0000,
          -2.5000 9.9474 -5.0000,
        ] }
        coordIndex [
          0 1 2 -1,
          2 1 3 -1,
        ]
      }
    }
    Shape {
      appearance Appearance {
        material Material {
          diffuseColor 0.200 0.200 0.200
          specularColor 0.050 0.050 0.050
          shininess 0.15
        }
      }
      geometry IndexedFaceSet {
        creaseAngle 0.785398
        solid TRUE
        coord Coordinate { point [
          -2.5000 9.9474 -4.5000,
          -2.8122 10.1979 -4.5000,
          -2.5000 9.9474 -5.0000,
          -2.8122 10.1979 -5.0000,
        ] }
        coordIndex [
          0 1 2 -1,
          2 1 3 -1,
        ]
      }
    }
    Shape {
      appearance Appearance {
        material Material {
          diffuseColor 0.200 0.200 0.200
          specularColor 0.050 0.050 0.050
          shininess 0.15
        }
      }
      geometry IndexedFaceSet {
        creaseAngle 0.785398
        solid TRUE
        coord Coordinate { point [
          -2.8122 10.1979 -4.5000,
          -7.2294 4.2274 -4.5000,
          -2.8122 10.1979 -5.0000,
          -7.2294 4.2274 -5.0000,
        ] }
        coordIndex [
          0 1 2 -1,
          2 1 3 -1,
        ]
      }
    }
    Shape {
      appearance Appearance {
        material Material {
          diffuseColor 0.200 0.200 0.200
          specularColor 0.050 0.050 0.050
          shininess 0.15
        }
      }
      geometry IndexedFaceSet {
        creaseAngle 0.785398
        solid TRUE
        coord Coordinate { point [
          -7.7000 2.8000 -5.0000,
          -7.6971 2.9175 -5.0000,
          -7.7000 2.8000 -4.5000,
          -7.6971 2.9175 -4.5000,
          -7.6885 3.0348 -5.0000,
          -7.6885 3.0348 -4.5000,
          -7.6741 3.1515 -5.0000,
          -7.6741 3.1515 -4.5000,
          -7.6541 3.2674 -5.0000,
          -7.6541 3.2674 -4.5000,
          -7.6283 3.3821 -5.0000,
          -7.6283 3.3821 -4.5000,
          -7.5970 3.4954 -5.0000,
          -7.5970 3.4954 -4.5000,
          -7.5602 3.6071 -5.0000,
          -7.5602 3.6071 -4.5000,
          -7.5180 3.7168 -5.0000,
          -7.5180 3.7168 -4.5000,
          -7.4704 3.8244 -5.0000,
          -7.4704 3.8244 -4.5000,
          -7.4176 3.9294 -5.0000,
          -7.4176 3.9294 -4.5000,
          -7.3598 4.0318 -5.0000,
          -7.3598 4.0318 -4.5000,
          -7.2970 4.1312 -5.0000,
          -7.2970 4.1312 -4.5000,
          -7.2294 4.2274 -5.0000,
          -7.2294 4.2274 -4.5000,
        ] }
        coordIndex [
          0 1 2 -1,
          2 1 3 -1,
          3 4 5 -1,
          1 4 3 -1,
          5 6 7 -1,
          4 6 5 -1,
          7 8 9 -1,
          6 8 7 -1,
          9 10 11 -1,
          8 10 9 -1,
          11 12 13 -1,
          10 12 11 -1,
          13 14 15 -1,
          12 14 13 -1,
          15 16 17 -1,
          14 16 15 -1,
          17 18 19 -1,
          16 18 17 -1,
          19 20 21 -1,
          18 20 19 -1,
          21 22 23 -1,
          20 22 21 -1,
          23 24 25 -1,
          22 24 23 -1,
          25 26 27 -1,
          24 26 25 -1,
        ]
      }
    }
    Shape {
      appearance Appearance {
        material Material {
          diffuseColor 0.200 0.200 0.200
          specularColor 0.050 0.050 0.050
          shininess 0.15
        }
      }
      geometry IndexedFaceSet {
        creaseAngle 0.785398
        solid TRUE
        coord Coordinate { point [
          -7.7000 2.8000 -5.0000,
          -9.2000 2.8000 -6.6500,
          -9.2000 2.8000 -5.0000,
          -7.7000 2.8000 -6.6500,
        ] }
        coordIndex [
          0 1 2 -1,
          0 3 1 -1,
        ]
      }
    }
    Shape {
      appearance Appearance {
        material Material {
          diffuseColor 0.200 0.200 0.200
          specularColor 0.050 0.050 0.050
          shininess 0.15
        }
      }
      geometry IndexedFaceSet {
        creaseAngle 0.785398
        solid TRUE
        coord Coordinate { point [
          -8.0000 10.0000 5.7000,
          -8.0000 10.0000 -5.0000,
          -7.9908 9.6158 -5.0000,
          -7.9908 9.6158 5.7000,
          -7.9631 9.2324 -5.0000,
          -7.9631 9.2324 5.7000,
          -7.9170 8.8508 -5.0000,
          -7.9170 8.8508 5.7000,
          -7.8527 8.4719 -5.0000,
          -7.8527 8.4719 5.7000,
          -7.7702 8.0965 -5.0000,
          -7.7702 8.0965 5.7000,
          -7.6698 7.7254 -5.0000,
          -7.6698 7.7254 5.7000,
          -7.5517 7.3597 -5.0000,
          -7.5517 7.3597 5.7000,
          -7.4162 7.0000 -5.0000,
          -7.4162 7.0000 5.7000,
        ] }
        coordIndex [
          0 1 2 -1,
          3 2 4 -1,
          3 0 2 -1,
          5 4 6 -1,
          5 3 4 -1,
          7 6 8 -1,
          7 5 6 -1,
          9 8 10 -1,
          9 7 8 -1,
          11 10 12 -1,
          11 9 10 -1,
          13 12 14 -1,
          13 11 12 -1,
          15 14 16 -1,
          15 13 14 -1,
          17 15 16 -1,
        ]
      }
    }
    Shape {
      appearance Appearance {
        material Material {
          diffuseColor 0.200 0.200 0.200
          specularColor 0.050 0.050 0.050
          shininess 0.15
        }
      }
      geometry IndexedFaceSet {
        creaseAngle 0.785398
        solid TRUE
        coord Coordinate { point [
          9.2000 2.8000 -5.0000,
          9.2000 2.8000 -6.6500,
          7.7000 2.8000 -5.0000,
          7.7000 2.8000 -6.6500,
        ] }
        coordIndex [
          0 1 2 -1,
          2 1 3 -1,
        ]
      }
    }
    Shape {
      appearance Appearance {
        material Material {
          diffuseColor 0.200 0.200 0.200
          specularColor 0.050 0.050 0.050
          shininess 0.15
        }
      }
      geometry IndexedFaceSet {
        creaseAngle 0.785398
        solid TRUE
        coord Coordinate { point [
          7.2294 4.2274 -4.5000,
          7.2294 4.2274 -5.0000,
          7.2970 4.1312 -4.5000,
          7.2970 4.1312 -5.0000,
          7.3598 4.0318 -5.0000,
          7.3598 4.0318 -4.5000,
          7.4176 3.9294 -5.0000,
          7.4176 3.9294 -4.5000,
          7.4704 3.8244 -5.0000,
          7.4704 3.8244 -4.5000,
          7.5180 3.7168 -5.0000,
          7.5180 3.7168 -4.5000,
          7.5602 3.6071 -5.0000,
          7.5602 3.6071 -4.5000,
          7.5970 3.4954 -5.0000,
          7.5970 3.4954 -4.5000,
          7.6283 3.3821 -5.0000,
          7.6283 3.3821 -4.5000,
          7.6541 3.2674 -5.0000,
          7.6541 3.2674 -4.5000,
          7.6741 3.1515 -5.0000,
          7.6741 3.1515 -4.5000,
          7.6885 3.0348 -5.0000,
          7.6885 3.0348 -4.5000,
          7.6971 2.9175 -5.0000,
          7.6971 2.9175 -4.5000,
          7.7000 2.8000 -4.5000,
          7.7000 2.8000 -5.0000,
        ] }
        coordIndex [
          0 1 2 -1,
          1 3 2 -1,
          2 4 5 -1,
          3 4 2 -1,
          5 6 7 -1,
          4 6 5 -1,
          7 8 9 -1,
          6 8 7 -1,
          9 10 11 -1,
          8 10 9 -1,
          11 12 13 -1,
          10 12 11 -1,
          13 14 15 -1,
          12 14 13 -1,
          15 16 17 -1,
          14 16 15 -1,
          17 18 19 -1,
          16 18 17 -1,
          19 20 21 -1,
          18 20 19 -1,
          21 22 23 -1,
          20 22 21 -1,
          23 24 25 -1,
          25 24 26 -1,
          22 24 23 -1,
          24 27 26 -1,
        ]
      }
    }
    Shape {
      appearance Appearance {
        material Material {
          diffuseColor 0.200 0.200 0.200
          specularColor 0.050 0.050 0.050
          shininess 0.15
        }
      }
      geometry IndexedFaceSet {
        creaseAngle 0.785398
        solid TRUE
        coord Coordinate { point [
          7.2294 4.2274 -4.5000,
          2.8122 10.1979 -4.5000,
          7.2294 4.2274 -5.0000,
          2.8122 10.1979 -5.0000,
        ] }
        coordIndex [
          0 1 2 -1,
          2 1 3 -1,
        ]
      }
    }
    Shape {
      appearance Appearance {
        material Material {
          diffuseColor 0.200 0.200 0.200
          specularColor 0.050 0.050 0.050
          shininess 0.15
        }
      }
      geometry IndexedFaceSet {
        creaseAngle 0.785398
        solid TRUE
        coord Coordinate { point [
          2.8122 10.1979 -4.5000,
          2.5000 9.9474 -4.5000,
          2.8122 10.1979 -5.0000,
          2.5000 9.9474 -5.0000,
        ] }
        coordIndex [
          0 1 2 -1,
          2 1 3 -1,
        ]
      }
    }
    Shape {
      appearance Appearance {
        material Material {
          diffuseColor 0.200 0.200 0.200
          specularColor 0.050 0.050 0.050
          shininess 0.15
        }
      }
      geometry IndexedFaceSet {
        creaseAngle 0.785398
        solid TRUE
        coord Coordinate { point [
          2.5000 9.9474 -4.5000,
          6.9078 3.9895 -4.5000,
          2.5000 9.9474 -5.0000,
          6.9078 3.9895 -5.0000,
        ] }
        coordIndex [
          0 1 2 -1,
          2 1 3 -1,
        ]
      }
    }
    Shape {
      appearance Appearance {
        material Material {
          diffuseColor 0.200 0.200 0.200
          specularColor 0.050 0.050 0.050
          shininess 0.15
        }
      }
      geometry IndexedFaceSet {
        creaseAngle 0.785398
        solid TRUE
        coord Coordinate { point [
          6.9641 3.9093 -5.0000,
          6.9078 3.9895 -5.0000,
          6.9078 3.9895 -4.5000,
          6.9641 3.9093 -4.5000,
          7.0165 3.8265 -5.0000,
          7.0165 3.8265 -4.5000,
          7.0647 3.7412 -5.0000,
          7.0647 3.7412 -4.5000,
          7.1087 3.6536 -5.0000,
          7.1087 3.6536 -4.5000,
          7.1483 3.5640 -5.0000,
          7.1483 3.5640 -4.5000,
          7.1835 3.4726 -5.0000,
          7.1835 3.4726 -4.5000,
          7.2142 3.3795 -5.0000,
          7.2142 3.3795 -4.5000,
          7.2403 3.2851 -5.0000,
          7.2403 3.2851 -4.5000,
          7.2617 3.1895 -5.0000,
          7.2617 3.1895 -4.5000,
          7.2784 3.0929 -5.0000,
          7.2784 3.0929 -4.5000,
          7.2904 2.9957 -5.0000,
          7.2904 2.9957 -4.5000,
          7.2976 2.8980 -5.0000,
          7.2976 2.8980 -4.5000,
          7.3000 2.8000 -4.5000,
          7.3000 2.8000 -5.0000,
        ] }
        coordIndex [
          0 1 2 -1,
          0 2 3 -1,
          4 3 5 -1,
          4 0 3 -1,
          6 5 7 -1,
          6 4 5 -1,
          8 7 9 -1,
          8 6 7 -1,
          10 9 11 -1,
          10 8 9 -1,
          12 11 13 -1,
          12 10 11 -1,
          14 13 15 -1,
          14 12 13 -1,
          16 15 17 -1,
          16 14 15 -1,
          18 17 19 -1,
          18 16 17 -1,
          20 19 21 -1,
          20 18 19 -1,
          22 21 23 -1,
          22 20 21 -1,
          24 25 26 -1,
          24 23 25 -1,
          24 22 23 -1,
          27 24 26 -1,
        ]
      }
    }
    Shape {
      appearance Appearance {
        material Material {
          diffuseColor 0.200 0.200 0.200
          specularColor 0.050 0.050 0.050
          shininess 0.15
        }
      }
      geometry IndexedFaceSet {
        creaseAngle 0.785398
        solid TRUE
        coord Coordinate { point [
          7.3000 2.8000 -5.0000,
          7.3000 2.8000 -6.6500,
          5.1998 2.8000 -5.0000,
          5.1998 2.8000 -6.6500,
        ] }
        coordIndex [
          0 1 2 -1,
          2 1 3 -1,
        ]
      }
    }
    Shape {
      appearance Appearance {
        material Material {
          diffuseColor 0.200 0.200 0.200
          specularColor 0.050 0.050 0.050
          shininess 0.15
        }
      }
      geometry IndexedFaceSet {
        creaseAngle 0.785398
        solid TRUE
        coord Coordinate { point [
          4.7293 5.6623 -4.5000,
          4.7293 5.6623 -5.0000,
          4.7969 5.5661 -4.5000,
          4.7969 5.5661 -5.0000,
          4.8597 5.4667 -4.5000,
          4.8597 5.4667 -5.0000,
          4.9175 5.3643 -4.5000,
          4.9175 5.3643 -5.0000,
          4.9703 5.2593 -4.5000,
          4.9703 5.2593 -5.0000,
          5.0178 5.1518 -4.5000,
          5.0178 5.1518 -5.0000,
          5.0601 5.0421 -4.5000,
          5.0601 5.0421 -5.0000,
          5.0969 4.9304 -4.5000,
          5.0969 4.9304 -5.0000,
          5.1282 4.8171 -4.5000,
          5.1282 4.8171 -5.0000,
          5.1539 4.7024 -4.5000,
          5.1539 4.7024 -5.0000,
          5.1740 4.5865 -4.5000,
          5.1740 4.5865 -5.0000,
          5.1883 4.4698 -4.5000,
          5.1883 4.4698 -5.0000,
          5.1970 4.3526 -4.5000,
          5.1970 4.3526 -5.0000,
          5.1998 4.2351 -4.5000,
          5.1998 4.2351 -5.0000,
        ] }
        coordIndex [
          0 1 2 -1,
          2 3 4 -1,
          1 3 2 -1,
          4 5 6 -1,
          3 5 4 -1,
          6 7 8 -1,
          5 7 6 -1,
          8 9 10 -1,
          7 9 8 -1,
          10 11 12 -1,
          9 11 10 -1,
          12 13 14 -1,
          11 13 12 -1,
          14 15 16 -1,
          13 15 14 -1,
          16 17 18 -1,
          15 17 16 -1,
          18 19 20 -1,
          17 19 18 -1,
          20 21 22 -1,
          19 21 20 -1,
          22 23 24 -1,
          21 23 22 -1,
          24 25 26 -1,
          23 25 24 -1,
          25 27 26 -1,
        ]
      }
    }
    Shape {
      appearance Appearance {
        material Material {
          diffuseColor 0.200 0.200 0.200
          specularColor 0.050 0.050 0.050
          shininess 0.15
        }
      }
      geometry IndexedFaceSet {
        creaseAngle 0.785398
        solid TRUE
        coord Coordinate { point [
          4.7293 5.6623 -4.5000,
          2.2810 8.9715 -4.5000,
          4.7293 5.6623 -5.0000,
          2.2810 8.9715 -5.0000,
        ] }
        coordIndex [
          0 1 2 -1,
          2 1 3 -1,
        ]
      }
    }
    Shape {
      appearance Appearance {
        material Material {
          diffuseColor 0.200 0.200 0.200
          specularColor 0.050 0.050 0.050
          shininess 0.15
        }
      }
      geometry IndexedFaceSet {
        creaseAngle 0.785398
        solid TRUE
        coord Coordinate { point [
          2.2810 8.9715 -4.5000,
          1.9690 8.7212 -4.5000,
          2.2810 8.9715 -5.0000,
          1.9690 8.7212 -5.0000,
        ] }
        coordIndex [
          0 1 2 -1,
          2 1 3 -1,
        ]
      }
    }
    Shape {
      appearance Appearance {
        material Material {
          diffuseColor 0.200 0.200 0.200
          specularColor 0.050 0.050 0.050
          shininess 0.15
        }
      }
      geometry IndexedFaceSet {
        creaseAngle 0.785398
        solid TRUE
        coord Coordinate { point [
          1.9690 8.7212 -4.5000,
          4.4080 5.4246 -4.5000,
          1.9690 8.7212 -5.0000,
          4.4080 5.4246 -5.0000,
        ] }
        coordIndex [
          0 1 2 -1,
          2 1 3 -1,
        ]
      }
    }
    Shape {
      appearance Appearance {
        material Material {
          diffuseColor 0.200 0.200 0.200
          specularColor 0.050 0.050 0.050
          shininess 0.15
        }
      }
      geometry IndexedFaceSet {
        creaseAngle 0.785398
        solid TRUE
        coord Coordinate { point [
          4.4643 5.3444 -5.0000,
          4.4080 5.4246 -5.0000,
          4.4080 5.4246 -4.5000,
          4.4643 5.3444 -4.5000,
          4.5166 5.2616 -5.0000,
          4.5166 5.2616 -4.5000,
          4.5648 5.1763 -5.0000,
          4.5648 5.1763 -4.5000,
          4.6088 5.0887 -5.0000,
          4.6088 5.0887 -4.5000,
          4.6485 4.9991 -5.0000,
          4.6485 4.9991 -4.5000,
          4.6837 4.9076 -5.0000,
          4.6837 4.9076 -4.5000,
          4.7143 4.8146 -5.0000,
          4.7143 4.8146 -4.5000,
          4.7404 4.7201 -5.0000,
          4.7404 4.7201 -4.5000,
          4.7619 4.6245 -5.0000,
          4.7619 4.6245 -4.5000,
          4.7786 4.5280 -5.0000,
          4.7786 4.5280 -4.5000,
          4.7906 4.4307 -5.0000,
          4.7906 4.4307 -4.5000,
          4.7978 4.3330 -5.0000,
          4.7978 4.3330 -4.5000,
          4.8002 4.2351 -5.0000,
          4.8002 4.2351 -4.5000,
        ] }
        coordIndex [
          0 1 2 -1,
          0 2 3 -1,
          4 3 5 -1,
          4 0 3 -1,
          6 5 7 -1,
          6 4 5 -1,
          8 7 9 -1,
          8 6 7 -1,
          10 9 11 -1,
          10 8 9 -1,
          12 11 13 -1,
          12 10 11 -1,
          14 13 15 -1,
          14 12 13 -1,
          16 15 17 -1,
          16 14 15 -1,
          18 17 19 -1,
          18 16 17 -1,
          20 19 21 -1,
          20 18 19 -1,
          22 21 23 -1,
          22 20 21 -1,
          24 23 25 -1,
          24 22 23 -1,
          26 25 27 -1,
          26 24 25 -1,
        ]
      }
    }
    Shape {
      appearance Appearance {
        material Material {
          diffuseColor 0.200 0.200 0.200
          specularColor 0.050 0.050 0.050
          shininess 0.15
        }
      }
      geometry IndexedFaceSet {
        creaseAngle 0.785398
        solid TRUE
        coord Coordinate { point [
          4.8002 2.8000 -5.0000,
          4.8002 2.8000 -6.6500,
          0.1998 2.8000 -5.0000,
          0.1998 2.8000 -6.6500,
        ] }
        coordIndex [
          0 1 2 -1,
          2 1 3 -1,
        ]
      }
    }
    Shape {
      appearance Appearance {
        material Material {
          diffuseColor 0.200 0.200 0.200
          specularColor 0.050 0.050 0.050
          shininess 0.15
        }
      }
      geometry IndexedFaceSet {
        creaseAngle 0.785398
        solid TRUE
        coord Coordinate { point [
          0.1998 7.2500 -5.0000,
          0.1998 7.2500 -4.5000,
          -0.1998 7.2500 -5.0000,
          -0.1998 7.2500 -4.5000,
        ] }
        coordIndex [
          0 1 2 -1,
          2 1 3 -1,
        ]
      }
    }
    Shape {
      appearance Appearance {
        material Material {
          diffuseColor 0.200 0.200 0.200
          specularColor 0.050 0.050 0.050
          shininess 0.15
        }
      }
      geometry IndexedFaceSet {
        creaseAngle 0.785398
        solid TRUE
        coord Coordinate { point [
          -0.1998 2.8000 -5.0000,
          -0.1998 2.8000 -6.6500,
          -4.8002 2.8000 -5.0000,
          -4.8002 2.8000 -6.6500,
        ] }
        coordIndex [
          0 1 2 -1,
          2 1 3 -1,
        ]
      }
    }
    Shape {
      appearance Appearance {
        material Material {
          diffuseColor 0.200 0.200 0.200
          specularColor 0.050 0.050 0.050
          shininess 0.15
        }
      }
      geometry IndexedFaceSet {
        creaseAngle 0.785398
        solid TRUE
        coord Coordinate { point [
          -4.7978 4.3330 -5.0000,
          -4.8002 4.2351 -5.0000,
          -4.8002 4.2351 -4.5000,
          -4.7978 4.3330 -4.5000,
          -4.7906 4.4307 -5.0000,
          -4.7906 4.4307 -4.5000,
          -4.7786 4.5280 -5.0000,
          -4.7786 4.5280 -4.5000,
          -4.7619 4.6245 -5.0000,
          -4.7619 4.6245 -4.5000,
          -4.7404 4.7201 -5.0000,
          -4.7404 4.7201 -4.5000,
          -4.7143 4.8146 -5.0000,
          -4.7143 4.8146 -4.5000,
          -4.6837 4.9076 -5.0000,
          -4.6837 4.9076 -4.5000,
          -4.6485 4.9991 -5.0000,
          -4.6485 4.9991 -4.5000,
          -4.6088 5.0887 -5.0000,
          -4.6088 5.0887 -4.5000,
          -4.5648 5.1763 -5.0000,
          -4.5648 5.1763 -4.5000,
          -4.5166 5.2616 -5.0000,
          -4.5166 5.2616 -4.5000,
          -4.4643 5.3444 -5.0000,
          -4.4643 5.3444 -4.5000,
          -4.4080 5.4246 -5.0000,
          -4.4080 5.4246 -4.5000,
        ] }
        coordIndex [
          0 1 2 -1,
          0 2 3 -1,
          4 3 5 -1,
          4 0 3 -1,
          6 5 7 -1,
          6 4 5 -1,
          8 7 9 -1,
          8 6 7 -1,
          10 9 11 -1,
          10 8 9 -1,
          12 11 13 -1,
          12 10 11 -1,
          14 13 15 -1,
          14 12 13 -1,
          16 15 17 -1,
          16 14 15 -1,
          18 17 19 -1,
          18 16 17 -1,
          20 19 21 -1,
          20 18 19 -1,
          22 21 23 -1,
          22 20 21 -1,
          24 23 25 -1,
          24 22 23 -1,
          26 25 27 -1,
          26 24 25 -1,
        ]
      }
    }
    Shape {
      appearance Appearance {
        material Material {
          diffuseColor 0.200 0.200 0.200
          specularColor 0.050 0.050 0.050
          shininess 0.15
        }
      }
      geometry IndexedFaceSet {
        creaseAngle 0.785398
        solid TRUE
        coord Coordinate { point [
          -4.4080 5.4246 -4.5000,
          -1.9690 8.7212 -4.5000,
          -4.4080 5.4246 -5.0000,
          -1.9690 8.7212 -5.0000,
        ] }
        coordIndex [
          0 1 2 -1,
          2 1 3 -1,
        ]
      }
    }
    Shape {
      appearance Appearance {
        material Material {
          diffuseColor 0.200 0.200 0.200
          specularColor 0.050 0.050 0.050
          shininess 0.15
        }
      }
      geometry IndexedFaceSet {
        creaseAngle 0.785398
        solid TRUE
        coord Coordinate { point [
          -1.9690 8.7212 -4.5000,
          -2.2810 8.9715 -4.5000,
          -1.9690 8.7212 -5.0000,
          -2.2810 8.9715 -5.0000,
        ] }
        coordIndex [
          0 1 2 -1,
          2 1 3 -1,
        ]
      }
    }
    Shape {
      appearance Appearance {
        material Material {
          diffuseColor 0.200 0.200 0.200
          specularColor 0.050 0.050 0.050
          shininess 0.15
        }
      }
      geometry IndexedFaceSet {
        creaseAngle 0.785398
        solid TRUE
        coord Coordinate { point [
          -2.2810 8.9715 -4.5000,
          -4.7293 5.6623 -4.5000,
          -2.2810 8.9715 -5.0000,
          -4.7293 5.6623 -5.0000,
        ] }
        coordIndex [
          0 1 2 -1,
          2 1 3 -1,
        ]
      }
    }
    Shape {
      appearance Appearance {
        material Material {
          diffuseColor 0.200 0.200 0.200
          specularColor 0.050 0.050 0.050
          shininess 0.15
        }
      }
      geometry IndexedFaceSet {
        creaseAngle 0.785398
        solid TRUE
        coord Coordinate { point [
          -3.4471 5.8457 7.5000,
          -3.2010 5.0438 7.5000,
          -2.9500 4.8905 7.5000,
          -3.4441 5.2096 7.5000,
          -3.6786 5.3872 7.5000,
          -3.9039 5.5763 7.5000,
          -4.1196 5.7764 7.5000,
          -4.1543 6.5529 7.5000,
          -4.3250 5.9870 7.5000,
          -4.5197 6.2076 7.5000,
          -4.7031 6.4376 7.5000,
          -4.8748 6.6764 7.5000,
          -5.0344 6.9235 7.5000,
          -4.4723 8.3206 7.5000,
          -5.1815 7.1783 7.5000,
          -5.3157 7.4401 7.5000,
          -5.4367 7.7082 7.5000,
          -5.5442 7.9821 7.5000,
          -5.6379 8.2609 7.5000,
          -5.1794 9.0277 7.5000,
          -5.7176 8.5441 7.5000,
          -5.7830 8.8309 7.5000,
          -5.8341 9.1207 7.5000,
          -5.8707 9.4125 7.5000,
          -5.8927 9.7059 7.5000,
          -2.5973 6.6458 7.5000,
          -2.6401 6.6528 7.5000,
          -3.3543 7.4036 7.5000,
          -3.3472 7.3599 7.5000,
          -2.5542 6.6409 7.5000,
          -3.3593 7.4476 7.5000,
          -0.5000 4.6250 7.5000,
          -0.4409 4.1165 7.5000,
          -0.1471 4.1018 7.5000,
          -0.7336 4.1458 7.5000,
          -1.0245 4.1896 7.5000,
          -1.3129 4.2479 7.5000,
          -1.5980 4.3205 7.5000,
          -2.5110 6.6381 7.5000,
          -3.3620 7.4918 7.5000,
          -2.4676 6.6374 7.5000,
          -3.3626 7.5361 7.5000,
          -2.4243 6.6388 7.5000,
          -2.6916 4.7498 7.5000,
          -3.3609 7.5803 7.5000,
          -2.3811 6.6423 7.5000,
          -3.3571 7.6244 7.5000,
          -2.3381 6.6479 7.5000,
          -3.3510 7.6683 7.5000,
          -2.2954 6.6557 7.5000,
          -2.4266 4.6221 7.5000,
          -3.3428 7.7118 7.5000,
          -2.2532 6.6654 7.5000,
          -3.3324 7.7548 7.5000,
          -2.2115 6.6773 7.5000,
          -2.1555 4.5078 7.5000,
          -3.3199 7.7973 7.5000,
          -2.1705 6.6912 7.5000,
          -3.3053 7.8391 7.5000,
          -3.2886 7.8801 7.5000,
          -3.2699 7.9202 7.5000,
          -3.2492 7.9594 7.5000,
          -3.2266 7.9974 7.5000,
          -3.2021 8.0343 7.5000,
          0.5000 4.6250 7.5000,
          0.4409 4.1165 7.5000,
          0.7336 4.1458 7.5000,
          0.1471 4.1018 7.5000,
          1.0245 4.1896 7.5000,
          -0.6038 5.8491 7.5000,
          -0.6355 5.8800 7.5000,
          -0.6656 5.9125 7.5000,
          -0.5706 5.8198 7.5000,
          -0.6940 5.9464 7.5000,
          -1.8791 4.4072 7.5000,
          -0.5360 5.7922 7.5000,
          -0.7208 5.9817 7.5000,
          -0.5000 5.7664 7.5000,
          -0.7457 6.0183 7.5000,
          -0.7688 6.0560 7.5000,
          -0.7900 6.0949 7.5000,
          -0.8092 6.1348 7.5000,
          -2.1301 6.7070 7.5000,
          -0.8264 6.1756 7.5000,
          -2.0906 6.7248 7.5000,
          -0.8415 6.2172 7.5000,
          -2.0520 6.7445 7.5000,
          -0.8546 6.2595 7.5000,
          -2.0144 6.7661 7.5000,
          -0.8655 6.3024 7.5000,
          -1.9779 6.7895 7.5000,
          -3.6652 9.1277 7.5000,
          -0.8743 6.3458 7.5000,
          -1.9426 6.8146 7.5000,
          -3.6224 9.1207 7.5000,
          -3.1758 8.0699 7.5000,
          -4.3794 9.8785 7.5000,
          -4.3723 9.8348 7.5000,
          -0.8809 6.3896 7.5000,
          -1.9085 6.8415 7.5000,
          -3.5793 9.1158 7.5000,
          -3.1478 8.1042 7.5000,
          -4.3844 9.9225 7.5000,
          -5.9000 10.0000 7.5000,
          -0.8853 6.4336 7.5000,
          -1.8758 6.8699 7.5000,
          1.3129 4.2479 7.5000,
          -3.5361 9.1129 7.5000,
          -3.1181 8.1370 7.5000,
          -4.3872 9.9667 7.5000,
          -0.8875 6.4779 7.5000,
          -1.8445 6.8999 7.5000,
          -3.4927 9.1122 7.5000,
          -3.0868 8.1683 7.5000,
          -4.3877 10.0110 7.5000,
          -0.8875 6.5221 7.5000,
          -1.8148 6.9314 7.5000,
          -3.4494 9.1136 7.5000,
          -3.0540 8.1981 7.5000,
          -4.3861 10.0552 7.5000,
          -5.8929 10.2892 7.5000,
          -0.8853 6.5664 7.5000,
          -1.7866 6.9644 7.5000,
          -3.4062 9.1172 7.5000,
          -3.0197 8.2261 7.5000,
          -4.3822 10.0993 7.5000,
          -0.8809 6.6104 7.5000,
          -1.7600 6.9986 7.5000,
          -3.3632 9.1228 7.5000,
          -2.9841 8.2524 7.5000,
          -4.3762 10.1432 7.5000,
          -0.8743 6.6542 7.5000,
          -1.7352 7.0342 7.5000,
          -3.3206 9.1305 7.5000,
          -2.9472 8.2769 7.5000,
          -4.3679 10.1867 7.5000,
          -5.8717 10.5777 7.5000,
          -0.8655 6.6976 7.5000,
          -1.7121 7.0709 7.5000,
          -3.2783 9.1403 7.5000,
          -2.9091 8.2995 7.5000,
          -4.3576 10.2297 7.5000,
          -0.8546 6.7405 7.5000,
          -1.6908 7.1086 7.5000,
          -3.2366 9.1522 7.5000,
          -2.8700 8.3202 7.5000,
          1.5980 4.3205 7.5000,
          -4.3450 10.2722 7.5000,
          -0.8415 6.7828 7.5000,
          -1.6714 7.1474 7.5000,
          -3.1956 9.1660 7.5000,
          -2.8298 8.3389 7.5000,
          -4.3304 10.3140 7.5000,
          -5.8363 10.8647 7.5000,
          -0.8264 6.8244 7.5000,
          -1.6540 7.1871 7.5000,
          -3.1552 9.1819 7.5000,
          -2.7888 8.3555 7.5000,
          -4.3137 10.3550 7.5000,
          -0.8092 6.8652 7.5000,
          -1.6384 7.2275 7.5000,
          -3.1157 9.1997 7.5000,
          -2.7470 8.3702 7.5000,
          -4.2950 10.3951 7.5000,
          -0.7900 6.9051 7.5000,
          -1.6249 7.2687 7.5000,
          -3.0771 9.2194 7.5000,
          -2.7046 8.3827 7.5000,
          -4.2743 10.4342 7.5000,
          -5.7869 11.1498 7.5000,
          -0.7688 6.9440 7.5000,
          -1.6134 7.3105 7.5000,
          -3.0395 9.2410 7.5000,
          -2.6615 8.3931 7.5000,
          -4.2517 10.4723 7.5000,
          -0.7457 6.9817 7.5000,
          -1.6040 7.3528 7.5000,
          -3.0030 9.2644 7.5000,
          -2.6180 8.4013 7.5000,
          -4.2273 10.5092 7.5000,
          -0.7208 7.0183 7.5000,
          -1.5966 7.3955 7.5000,
          -2.9677 9.2895 7.5000,
          -2.5742 8.4073 7.5000,
          0.5351 5.7916 7.5000,
          0.5000 5.7664 7.5000,
          -4.2010 10.5448 7.5000,
          -5.7236 11.4320 7.5000,
          -0.6940 7.0536 7.5000,
          -1.5913 7.4386 7.5000,
          -2.9336 9.3163 7.5000,
          -2.5301 8.4112 7.5000,
          0.5689 5.8184 7.5000,
          -4.1729 10.5791 7.5000,
          -0.6656 7.0875 7.5000,
          -1.5881 7.4818 7.5000,
          -2.9009 9.3448 7.5000,
          -2.4858 8.4129 7.5000,
          0.6013 5.8469 7.5000,
          -4.1432 10.6119 7.5000,
          -0.6355 7.1200 7.5000,
          -1.5871 7.5251 7.5000,
          -2.8697 9.3748 7.5000,
          -2.4416 8.4123 7.5000,
          0.6324 5.8769 7.5000,
          -4.1119 10.6432 7.5000,
          -5.6465 11.7108 7.5000,
          -0.6038 7.1509 7.5000,
          -1.5879 7.5637 7.5000,
          -2.8399 9.4063 7.5000,
          -2.3974 8.4095 7.5000,
          0.6619 5.9083 7.5000,
          -4.0791 10.6729 7.5000,
          -0.5706 7.1802 7.5000,
          -1.5904 7.6021 7.5000,
          -1.5946 7.6405 7.5000,
          -2.8117 9.4392 7.5000,
          -2.3534 8.4046 7.5000,
          0.6899 5.9412 7.5000,
          1.8791 4.4072 7.5000,
          -4.0448 10.7010 7.5000,
          -5.5559 11.9855 7.5000,
          -0.5360 7.2078 7.5000,
          -1.6004 7.6786 7.5000,
          -2.7852 9.4735 7.5000,
          -2.3097 8.3974 7.5000,
          0.7162 5.9754 7.5000,
          -4.0092 10.7273 7.5000,
          -0.5000 7.2336 7.5000,
          -2.7603 9.5090 7.5000,
          0.7409 6.0108 7.5000,
          2.1555 4.5078 7.5000,
          -3.9723 10.7517 7.5000,
          0.7638 6.0474 7.5000,
          -3.9342 10.7743 7.5000,
          -5.4519 12.2554 7.5000,
          0.7849 6.0851 7.5000,
          -3.8951 10.7950 7.5000,
          0.8041 6.1237 7.5000,
          -3.8550 10.8137 7.5000,
          -5.3348 12.5199 7.5000,
          -3.8140 10.8304 7.5000,
          -3.7722 10.8450 7.5000,
          -5.2049 12.7784 7.5000,
          -3.7297 10.8576 7.5000,
          -3.6867 10.8679 7.5000,
          -0.7886 8.4905 7.5000,
          -1.5026 9.2045 7.5000,
          -2.6130 10.0385 7.5000,
          -2.6122 10.0000 7.5000,
          -2.7372 9.5457 7.5000,
          -2.7160 9.5835 7.5000,
          -2.6966 9.6223 7.5000,
          -2.6791 9.6619 7.5000,
          -2.6636 9.7024 7.5000,
          -2.6500 9.7436 7.5000,
          -2.6385 9.7854 7.5000,
          -2.6291 9.8277 7.5000,
          -2.6217 9.8704 7.5000,
          -2.6164 9.9134 7.5000,
          -2.6133 9.9567 7.5000,
          -0.5000 8.3750 7.5000,
          -5.0624 13.0301 7.5000,
          -3.6432 10.8762 7.5000,
          1.8630 6.8819 7.5000,
          0.8878 6.5000 7.5000,
          0.8867 6.4568 7.5000,
          1.8317 6.9132 7.5000,
          0.8868 6.5426 7.5000,
          1.8019 6.9460 7.5000,
          0.8837 6.5850 7.5000,
          1.8958 6.8522 7.5000,
          0.8836 6.4138 7.5000,
          1.9301 6.8242 7.5000,
          0.8784 6.3709 7.5000,
          1.7739 6.9803 7.5000,
          0.8786 6.6273 7.5000,
          1.9657 6.7979 7.5000,
          0.8711 6.3284 7.5000,
          1.7476 7.0159 7.5000,
          0.8715 6.6693 7.5000,
          1.7231 7.0528 7.5000,
          0.8624 6.7108 7.5000,
          2.0026 6.7734 7.5000,
          0.8617 6.2863 7.5000,
          2.0406 6.7508 7.5000,
          0.8503 6.2446 7.5000,
          1.7005 7.0909 7.5000,
          0.8513 6.7519 7.5000,
          1.6798 7.1300 7.5000,
          0.8382 6.7925 7.5000,
          2.0798 6.7301 7.5000,
          0.8369 6.2036 7.5000,
          1.6611 7.1702 7.5000,
          0.8233 6.8323 7.5000,
          2.1199 6.7114 7.5000,
          0.8215 6.1633 7.5000,
          1.6445 7.2112 7.5000,
          0.8064 6.8714 7.5000,
          2.1609 6.6947 7.5000,
          1.6298 7.2530 7.5000,
          0.7876 6.9096 7.5000,
          2.2027 6.6801 7.5000,
          2.4266 4.6221 7.5000,
          1.6173 7.2954 7.5000,
          0.7671 6.9469 7.5000,
          2.2452 6.6676 7.5000,
          2.2882 6.6572 7.5000,
          2.6916 4.7498 7.5000,
          1.6069 7.3385 7.5000,
          0.7448 6.9832 7.5000,
          1.5987 7.3820 7.5000,
          0.7208 7.0183 7.5000,
          0.6951 7.0523 7.5000,
          2.3317 6.6490 7.5000,
          1.5927 7.4258 7.5000,
          0.6678 7.0850 7.5000,
          2.3756 6.6429 7.5000,
          1.5888 7.4699 7.5000,
          0.6390 7.1163 7.5000,
          2.4197 6.6391 7.5000,
          2.9500 4.8905 7.5000,
          1.5871 7.5142 7.5000,
          0.6087 7.1462 7.5000,
          2.4639 6.6374 7.5000,
          1.5877 7.5584 7.5000,
          0.5771 7.1747 7.5000,
          2.5082 6.6380 7.5000,
          -1.8137 10.9653 7.5000,
          -2.6156 10.0770 7.5000,
          -2.6197 10.1153 7.5000,
          -2.6256 10.1534 7.5000,
          -2.5277 11.6794 7.5000,
          -4.9078 13.2746 7.5000,
          -4.7414 13.5112 7.5000,
          -3.3785 10.8794 7.5000,
          -3.3348 10.8723 7.5000,
          -3.4225 10.8844 7.5000,
          -3.4667 10.8872 7.5000,
          -3.5110 10.8877 7.5000,
          -3.5552 10.8861 7.5000,
          -3.5993 10.8822 7.5000,
          -4.5636 13.7394 7.5000,
          1.5905 7.6026 7.5000,
          0.5441 7.2015 7.5000,
          1.5954 7.6466 7.5000,
          0.5098 7.2268 7.5000,
          0.7955 8.4974 7.5000,
          0.5098 8.3750 7.5000,
          1.6026 7.6903 7.5000,
          3.4471 5.8457 7.5000,
          3.4441 5.2096 7.5000,
          3.6786 5.3872 7.5000,
          3.2010 5.0438 7.5000,
          2.5524 6.6407 7.5000,
          2.5964 6.6457 7.5000,
          2.6401 6.6528 7.5000,
          3.9039 5.5763 7.5000,
          -4.3749 13.9586 7.5000,
          4.1196 5.7764 7.5000,
          -4.1756 14.1683 7.5000,
          -3.9663 14.3679 7.5000,
          4.1543 6.5529 7.5000,
          4.3250 5.9870 7.5000,
          1.5095 9.2114 7.5000,
          4.5197 6.2076 7.5000,
          3.3539 7.4009 7.5000,
          3.3472 7.3599 7.5000,
          3.3588 7.4422 7.5000,
          -3.7474 14.5571 7.5000,
          3.3617 7.4836 7.5000,
          4.7031 6.4376 7.5000,
          -3.5196 14.7353 7.5000,
          4.8748 6.6764 7.5000,
          -3.2832 14.9021 7.5000,
          5.0344 6.9235 7.5000,
          2.8610 9.3837 7.5000,
          2.4534 8.4127 7.5000,
          2.4976 8.4126 7.5000,
          2.8923 9.3528 7.5000,
          2.5418 8.4104 7.5000,
          2.8313 9.4161 7.5000,
          2.4092 8.4105 7.5000,
          2.9251 9.3235 7.5000,
          2.5859 8.4060 7.5000,
          2.8032 9.4499 7.5000,
          2.3652 8.4061 7.5000,
          2.9593 9.2959 7.5000,
          2.6296 8.3993 7.5000,
          2.7768 9.4851 7.5000,
          2.3214 8.3996 7.5000,
          2.9948 9.2700 7.5000,
          2.6730 8.3905 7.5000,
          2.7522 9.5215 7.5000,
          3.0316 9.2458 7.5000,
          2.7158 8.3796 7.5000,
          2.7294 9.5591 7.5000,
          3.0695 9.2236 7.5000,
          2.7581 8.3665 7.5000,
          2.7085 9.5978 7.5000,
          3.1085 9.2032 7.5000,
          2.7997 8.3514 7.5000,
          2.6896 9.6375 7.5000,
          3.1484 9.1848 7.5000,
          2.8404 8.3342 7.5000,
          2.6726 9.6780 7.5000,
          3.1892 9.1684 7.5000,
          2.8803 8.3149 7.5000,
          2.6577 9.7194 7.5000,
          3.2307 9.1540 7.5000,
          2.9191 8.2938 7.5000,
          2.6449 9.7614 7.5000,
          3.2730 9.1417 7.5000,
          2.9569 8.2707 7.5000,
          2.6341 9.8041 7.5000,
          3.3157 9.1315 7.5000,
          2.9934 8.2457 7.5000,
          2.6255 9.8472 7.5000,
          3.3589 9.1235 7.5000,
          3.0287 8.2190 7.5000,
          2.6190 9.8907 7.5000,
          3.4025 9.1176 7.5000,
          3.0626 8.1905 7.5000,
          2.6146 9.9344 7.5000,
          3.4463 9.1138 7.5000,
          3.0950 8.1604 7.5000,
          2.6125 9.9783 7.5000,
          3.4903 9.1123 7.5000,
          3.1259 8.1288 7.5000,
          2.6125 10.0223 7.5000,
          3.5342 9.1129 7.5000,
          3.1551 8.0956 7.5000,
          3.5781 9.1156 7.5000,
          3.1827 8.0610 7.5000,
          3.6218 9.1206 7.5000,
          3.2085 8.0250 7.5000,
          1.8137 10.9653 7.5000,
          2.6147 10.0662 7.5000,
          2.6190 10.1100 7.5000,
          2.6256 10.1534 7.5000,
          3.6652 9.1277 7.5000,
          4.4723 8.3206 7.5000,
          3.2930 7.8698 7.5000,
          3.3092 7.8286 7.5000,
          3.2748 7.9102 7.5000,
          3.2547 7.9495 7.5000,
          3.2325 7.9879 7.5000,
          3.3627 7.5251 7.5000,
          5.1815 7.1783 7.5000,
          5.3157 7.4401 7.5000,
          3.3616 7.5694 7.5000,
          3.3583 7.6135 7.5000,
          3.3528 7.6574 7.5000,
          3.3451 7.7010 7.5000,
          3.3352 7.7441 7.5000,
          3.3233 7.7867 7.5000,
          5.4367 7.7082 7.5000,
          5.5442 7.9821 7.5000,
          -0.8750 14.5500 7.5000,
          -3.0390 15.0571 7.5000,
          -2.7875 15.2000 7.5000,
          -2.5293 15.3303 7.5000,
          -2.2650 15.4479 7.5000,
          -1.9953 15.5524 7.5000,
          5.6379 8.2609 7.5000,
          -1.7207 15.6435 7.5000,
          5.1794 9.0277 7.5000,
          4.3791 9.8758 7.5000,
          4.3723 9.8348 7.5000,
          3.3776 10.8793 7.5000,
          2.5277 11.6794 7.5000,
          3.3348 10.8723 7.5000,
          5.7176 8.5441 7.5000,
          -1.4421 15.7211 7.5000,
          3.4207 10.8842 7.5000,
          3.4639 10.8871 7.5000,
          3.5073 10.8878 7.5000,
          3.5506 10.8864 7.5000,
          3.5938 10.8828 7.5000,
          3.6368 10.8772 7.5000,
          5.7830 8.8309 7.5000,
          -1.1599 15.7849 7.5000,
          5.8341 9.1207 7.5000,
          -0.8750 15.8348 7.5000,
          5.8707 9.4125 7.5000,
          0.8750 14.5500 7.5000,
          5.8927 9.7059 7.5000,
          4.3839 9.9170 7.5000,
          5.9000 10.0000 7.5000,
          4.3867 10.0433 7.5000,
          4.3878 10.0000 7.5000,
          4.3836 10.0866 7.5000,
          4.3868 9.9585 7.5000,
          5.8929 10.2892 7.5000,
          4.3783 10.1296 7.5000,
          4.3709 10.1723 7.5000,
          4.3615 10.2146 7.5000,
          5.8717 10.5777 7.5000,
          4.3500 10.2564 7.5000,
          4.3364 10.2976 7.5000,
          4.3209 10.3381 7.5000,
          5.8363 10.8647 7.5000,
          4.3034 10.3777 7.5000,
          4.2840 10.4165 7.5000,
          4.2628 10.4543 7.5000,
          5.7869 11.1498 7.5000,
          4.2397 10.4910 7.5000,
          4.2148 10.5265 7.5000,
          4.1883 10.5608 7.5000,
          1.1599 15.7849 7.5000,
          0.8750 15.8348 7.5000,
          5.7236 11.4320 7.5000,
          4.1601 10.5937 7.5000,
          4.1303 10.6252 7.5000,
          1.4421 15.7211 7.5000,
          5.6465 11.7108 7.5000,
          4.0991 10.6552 7.5000,
          4.0664 10.6837 7.5000,
          4.0323 10.7105 7.5000,
          1.7207 15.6435 7.5000,
          5.5559 11.9855 7.5000,
          3.9970 10.7356 7.5000,
          3.9605 10.7590 7.5000,
          3.9229 10.7806 7.5000,
          1.9953 15.5524 7.5000,
          5.4519 12.2554 7.5000,
          3.8843 10.8003 7.5000,
          3.8448 10.8181 7.5000,
          2.2650 15.4479 7.5000,
          5.3348 12.5199 7.5000,
          3.8044 10.8340 7.5000,
          3.7634 10.8478 7.5000,
          2.5293 15.3303 7.5000,
          5.2049 12.7784 7.5000,
          3.7217 10.8597 7.5000,
          3.6794 10.8695 7.5000,
          2.7875 15.2000 7.5000,
          5.0624 13.0301 7.5000,
          3.0390 15.0571 7.5000,
          4.9078 13.2746 7.5000,
          3.2832 14.9021 7.5000,
          4.7414 13.5112 7.5000,
          3.5196 14.7353 7.5000,
          4.5636 13.7394 7.5000,
          3.7474 14.5571 7.5000,
          4.3749 13.9586 7.5000,
          3.9663 14.3679 7.5000,
          4.1756 14.1683 7.5000,
        ] }
        coordIndex [
          0 1 2 -1,
          0 3 1 -1,
          0 4 3 -1,
          0 5 4 -1,
          0 6 5 -1,
          7 6 0 -1,
          7 8 6 -1,
          7 9 8 -1,
          7 10 9 -1,
          7 11 10 -1,
          7 12 11 -1,
          13 12 7 -1,
          13 14 12 -1,
          13 15 14 -1,
          13 16 15 -1,
          13 17 16 -1,
          13 18 17 -1,
          19 18 13 -1,
          19 20 18 -1,
          19 21 20 -1,
          19 22 21 -1,
          19 23 22 -1,
          19 24 23 -1,
          25 26 0 -1,
          27 7 28 -1,
          29 25 0 -1,
          30 7 27 -1,
          31 32 33 -1,
          31 34 32 -1,
          31 35 34 -1,
          31 36 35 -1,
          31 37 36 -1,
          38 29 0 -1,
          38 0 2 -1,
          39 7 30 -1,
          39 13 7 -1,
          40 38 2 -1,
          41 13 39 -1,
          42 40 2 -1,
          42 2 43 -1,
          44 13 41 -1,
          45 42 43 -1,
          46 13 44 -1,
          47 45 43 -1,
          48 13 46 -1,
          49 47 43 -1,
          49 43 50 -1,
          51 13 48 -1,
          52 49 50 -1,
          53 13 51 -1,
          54 52 50 -1,
          54 50 55 -1,
          56 13 53 -1,
          57 54 55 -1,
          58 13 56 -1,
          59 13 58 -1,
          60 13 59 -1,
          61 13 60 -1,
          62 13 61 -1,
          63 13 62 -1,
          64 65 66 -1,
          64 67 65 -1,
          64 33 67 -1,
          64 31 33 -1,
          68 64 66 -1,
          69 37 31 -1,
          69 70 37 -1,
          71 37 70 -1,
          72 69 31 -1,
          73 74 37 -1,
          73 37 71 -1,
          75 72 31 -1,
          76 74 73 -1,
          77 75 31 -1,
          78 74 76 -1,
          78 55 74 -1,
          79 55 78 -1,
          80 55 79 -1,
          80 57 55 -1,
          81 57 80 -1,
          81 82 57 -1,
          83 82 81 -1,
          83 84 82 -1,
          85 84 83 -1,
          85 86 84 -1,
          87 86 85 -1,
          87 88 86 -1,
          89 88 87 -1,
          89 90 88 -1,
          91 13 63 -1,
          92 90 89 -1,
          92 93 90 -1,
          94 63 95 -1,
          94 91 63 -1,
          96 24 19 -1,
          96 19 97 -1,
          98 93 92 -1,
          98 99 93 -1,
          100 95 101 -1,
          100 94 95 -1,
          102 24 96 -1,
          102 103 24 -1,
          104 105 99 -1,
          104 99 98 -1,
          106 64 68 -1,
          107 101 108 -1,
          107 100 101 -1,
          109 103 102 -1,
          110 111 105 -1,
          110 105 104 -1,
          112 107 108 -1,
          112 108 113 -1,
          114 103 109 -1,
          115 116 111 -1,
          115 111 110 -1,
          117 112 113 -1,
          117 113 118 -1,
          119 120 103 -1,
          119 103 114 -1,
          121 122 116 -1,
          121 116 115 -1,
          123 117 118 -1,
          123 118 124 -1,
          125 120 119 -1,
          126 122 121 -1,
          126 127 122 -1,
          128 124 129 -1,
          128 123 124 -1,
          130 120 125 -1,
          131 132 127 -1,
          131 127 126 -1,
          133 129 134 -1,
          133 128 129 -1,
          135 136 120 -1,
          135 120 130 -1,
          137 138 132 -1,
          137 132 131 -1,
          139 134 140 -1,
          139 133 134 -1,
          141 136 135 -1,
          142 143 138 -1,
          142 138 137 -1,
          144 139 140 -1,
          144 140 145 -1,
          146 64 106 -1,
          147 136 141 -1,
          148 149 143 -1,
          148 143 142 -1,
          150 145 151 -1,
          150 144 145 -1,
          152 153 136 -1,
          152 136 147 -1,
          154 155 149 -1,
          154 149 148 -1,
          156 151 157 -1,
          156 150 151 -1,
          158 153 152 -1,
          159 160 155 -1,
          159 155 154 -1,
          161 157 162 -1,
          161 156 157 -1,
          163 153 158 -1,
          164 160 159 -1,
          164 165 160 -1,
          166 161 162 -1,
          166 162 167 -1,
          168 153 163 -1,
          168 169 153 -1,
          170 165 164 -1,
          170 171 165 -1,
          172 166 167 -1,
          172 167 173 -1,
          174 169 168 -1,
          175 176 171 -1,
          175 171 170 -1,
          177 173 178 -1,
          177 172 173 -1,
          179 169 174 -1,
          180 181 176 -1,
          180 176 175 -1,
          182 177 178 -1,
          182 178 183 -1,
          184 185 64 -1,
          186 187 169 -1,
          186 169 179 -1,
          188 181 180 -1,
          188 189 181 -1,
          190 183 191 -1,
          190 182 183 -1,
          192 184 64 -1,
          193 187 186 -1,
          194 195 189 -1,
          194 189 188 -1,
          196 191 197 -1,
          196 190 191 -1,
          198 192 64 -1,
          198 64 146 -1,
          199 187 193 -1,
          200 201 195 -1,
          200 195 194 -1,
          202 197 203 -1,
          202 196 197 -1,
          204 198 146 -1,
          205 206 187 -1,
          205 187 199 -1,
          207 201 200 -1,
          207 208 201 -1,
          209 203 210 -1,
          209 202 203 -1,
          211 204 146 -1,
          212 206 205 -1,
          213 214 208 -1,
          213 215 214 -1,
          213 208 207 -1,
          216 210 217 -1,
          216 209 210 -1,
          218 146 219 -1,
          218 211 146 -1,
          220 221 206 -1,
          220 206 212 -1,
          222 223 215 -1,
          222 215 213 -1,
          224 217 225 -1,
          224 216 217 -1,
          226 218 219 -1,
          227 221 220 -1,
          228 223 222 -1,
          229 224 225 -1,
          230 219 231 -1,
          230 226 219 -1,
          232 221 227 -1,
          233 230 231 -1,
          234 221 232 -1,
          234 235 221 -1,
          236 233 231 -1,
          237 235 234 -1,
          238 236 231 -1,
          239 235 237 -1,
          240 235 239 -1,
          240 241 242 -1,
          240 239 241 -1,
          243 240 242 -1,
          243 244 245 -1,
          243 242 244 -1,
          246 223 228 -1,
          247 248 249 -1,
          247 250 229 -1,
          247 251 250 -1,
          247 252 251 -1,
          247 253 252 -1,
          247 254 253 -1,
          247 255 254 -1,
          247 256 255 -1,
          247 257 256 -1,
          247 258 257 -1,
          247 259 258 -1,
          247 260 259 -1,
          247 249 260 -1,
          247 229 225 -1,
          261 246 228 -1,
          261 247 246 -1,
          262 243 245 -1,
          262 245 263 -1,
          264 265 266 -1,
          267 268 265 -1,
          267 265 264 -1,
          269 270 268 -1,
          269 268 267 -1,
          271 266 272 -1,
          271 264 266 -1,
          273 271 272 -1,
          273 272 274 -1,
          275 276 270 -1,
          275 270 269 -1,
          277 274 278 -1,
          277 273 274 -1,
          279 280 276 -1,
          279 276 275 -1,
          281 282 280 -1,
          281 280 279 -1,
          283 278 284 -1,
          283 277 278 -1,
          285 284 286 -1,
          285 283 284 -1,
          287 288 282 -1,
          287 282 281 -1,
          289 290 288 -1,
          289 288 287 -1,
          291 286 292 -1,
          291 285 286 -1,
          293 294 290 -1,
          293 290 289 -1,
          295 292 296 -1,
          295 291 292 -1,
          297 298 294 -1,
          297 294 293 -1,
          299 296 238 -1,
          299 295 296 -1,
          300 301 298 -1,
          300 298 297 -1,
          302 238 231 -1,
          302 231 303 -1,
          302 299 238 -1,
          304 305 301 -1,
          304 301 300 -1,
          306 302 303 -1,
          307 303 308 -1,
          307 306 303 -1,
          309 310 305 -1,
          309 305 304 -1,
          311 310 309 -1,
          311 312 310 -1,
          311 313 312 -1,
          314 307 308 -1,
          315 316 313 -1,
          315 313 311 -1,
          317 314 308 -1,
          318 316 315 -1,
          318 319 316 -1,
          320 308 321 -1,
          320 317 308 -1,
          322 319 318 -1,
          322 323 319 -1,
          324 320 321 -1,
          325 323 322 -1,
          325 326 323 -1,
          327 324 321 -1,
          328 329 248 -1,
          328 330 329 -1,
          328 331 330 -1,
          328 248 247 -1,
          332 333 262 -1,
          332 334 333 -1,
          332 262 263 -1,
          332 335 336 -1,
          332 337 335 -1,
          332 338 337 -1,
          332 339 338 -1,
          332 340 339 -1,
          332 341 340 -1,
          332 263 341 -1,
          342 334 332 -1,
          343 326 325 -1,
          343 344 326 -1,
          345 344 343 -1,
          345 346 344 -1,
          347 247 261 -1,
          347 261 348 -1,
          349 348 346 -1,
          349 346 345 -1,
          349 347 348 -1,
          350 327 321 -1,
          350 351 352 -1,
          350 353 351 -1,
          350 321 353 -1,
          350 354 327 -1,
          350 355 354 -1,
          350 356 355 -1,
          357 350 352 -1,
          358 342 332 -1,
          359 350 357 -1,
          360 358 332 -1,
          361 360 332 -1,
          362 359 363 -1,
          362 350 359 -1,
          364 247 347 -1,
          365 362 363 -1,
          366 367 362 -1,
          368 366 362 -1,
          369 361 332 -1,
          370 368 362 -1,
          371 362 365 -1,
          372 369 332 -1,
          373 362 371 -1,
          374 372 332 -1,
          375 362 373 -1,
          376 377 378 -1,
          379 378 380 -1,
          379 376 378 -1,
          381 377 376 -1,
          381 382 377 -1,
          383 379 380 -1,
          383 380 384 -1,
          385 386 382 -1,
          385 382 381 -1,
          387 383 384 -1,
          387 384 388 -1,
          389 390 386 -1,
          389 386 385 -1,
          389 364 390 -1,
          391 388 392 -1,
          391 387 388 -1,
          393 364 389 -1,
          394 392 395 -1,
          394 391 392 -1,
          396 364 393 -1,
          397 395 398 -1,
          397 394 395 -1,
          399 364 396 -1,
          400 398 401 -1,
          400 397 398 -1,
          402 364 399 -1,
          403 401 404 -1,
          403 400 401 -1,
          405 364 402 -1,
          406 404 407 -1,
          406 403 404 -1,
          408 364 405 -1,
          409 407 410 -1,
          409 406 407 -1,
          411 364 408 -1,
          412 410 413 -1,
          412 409 410 -1,
          414 364 411 -1,
          415 413 416 -1,
          415 412 413 -1,
          417 364 414 -1,
          418 416 419 -1,
          418 415 416 -1,
          420 364 417 -1,
          421 418 419 -1,
          421 419 422 -1,
          423 364 420 -1,
          424 422 425 -1,
          424 421 422 -1,
          426 364 423 -1,
          427 424 425 -1,
          427 425 428 -1,
          429 364 426 -1,
          430 428 431 -1,
          430 427 428 -1,
          432 431 433 -1,
          432 430 431 -1,
          434 433 435 -1,
          434 432 433 -1,
          436 437 438 -1,
          436 429 437 -1,
          436 364 429 -1,
          436 328 247 -1,
          436 247 364 -1,
          439 436 438 -1,
          440 434 435 -1,
          441 442 443 -1,
          441 444 442 -1,
          441 445 444 -1,
          441 446 445 -1,
          441 435 446 -1,
          441 447 370 -1,
          441 448 449 -1,
          441 375 448 -1,
          441 370 362 -1,
          441 440 435 -1,
          441 362 375 -1,
          441 450 447 -1,
          441 451 450 -1,
          441 452 451 -1,
          441 453 452 -1,
          441 454 453 -1,
          441 455 454 -1,
          441 443 455 -1,
          456 441 449 -1,
          457 441 456 -1,
          458 332 328 -1,
          458 459 374 -1,
          458 460 459 -1,
          458 461 460 -1,
          458 462 461 -1,
          458 463 462 -1,
          458 374 332 -1,
          464 441 457 -1,
          465 463 458 -1,
          466 441 464 -1,
          467 468 466 -1,
          469 470 471 -1,
          472 466 464 -1,
          473 465 458 -1,
          474 470 469 -1,
          475 470 474 -1,
          476 470 475 -1,
          477 470 476 -1,
          478 470 477 -1,
          479 470 478 -1,
          480 466 472 -1,
          481 473 458 -1,
          482 466 480 -1,
          483 481 458 -1,
          484 466 482 -1,
          485 328 436 -1,
          485 458 328 -1,
          485 436 470 -1,
          486 466 484 -1,
          486 467 466 -1,
          486 487 467 -1,
          488 489 490 -1,
          488 491 489 -1,
          488 487 486 -1,
          488 492 487 -1,
          488 490 492 -1,
          493 491 488 -1,
          493 494 491 -1,
          493 495 494 -1,
          493 496 495 -1,
          497 498 496 -1,
          497 499 498 -1,
          497 500 499 -1,
          497 496 493 -1,
          501 500 497 -1,
          501 502 500 -1,
          501 503 502 -1,
          501 504 503 -1,
          505 504 501 -1,
          505 506 504 -1,
          505 507 506 -1,
          505 508 507 -1,
          509 510 485 -1,
          511 508 505 -1,
          511 512 508 -1,
          511 513 512 -1,
          514 509 485 -1,
          515 513 511 -1,
          515 516 513 -1,
          515 517 516 -1,
          515 518 517 -1,
          519 514 485 -1,
          520 518 515 -1,
          520 521 518 -1,
          520 522 521 -1,
          520 523 522 -1,
          524 519 485 -1,
          525 523 520 -1,
          525 526 523 -1,
          525 527 526 -1,
          528 524 485 -1,
          529 527 525 -1,
          529 530 527 -1,
          529 531 530 -1,
          532 528 485 -1,
          533 531 529 -1,
          533 534 531 -1,
          533 535 534 -1,
          536 532 485 -1,
          537 470 479 -1,
          537 535 533 -1,
          537 479 535 -1,
          538 536 485 -1,
          539 470 537 -1,
          540 538 485 -1,
          540 485 470 -1,
          541 470 539 -1,
          542 540 470 -1,
          543 470 541 -1,
          544 542 470 -1,
          545 470 543 -1,
          546 544 470 -1,
          547 546 470 -1,
          547 470 545 -1,
        ]
      }
    }
    Shape {
      appearance Appearance {
        material Material {
          diffuseColor 0.200 0.200 0.200
          specularColor 0.050 0.050 0.050
          shininess 0.15
        }
      }
      geometry IndexedFaceSet {
        creaseAngle 0.785398
        solid TRUE
        coord Coordinate { point [
          4.1543 6.5529 0.7000,
          3.3472 7.3599 0.7000,
          3.4471 5.8457 0.7000,
          2.6401 6.6528 0.7000,
          3.3539 7.4009 0.7000,
          3.3617 7.4836 0.7000,
          3.3588 7.4422 0.7000,
          2.5082 6.6380 0.7000,
          2.4197 6.6391 0.7000,
          2.4639 6.6374 0.7000,
          3.3616 7.5694 0.7000,
          3.3583 7.6135 0.7000,
          3.3627 7.5251 0.7000,
          3.3528 7.6574 0.7000,
          3.3451 7.7010 0.7000,
          3.3352 7.7441 0.7000,
          2.2452 6.6676 0.7000,
          2.3317 6.6490 0.7000,
          2.2882 6.6572 0.7000,
          2.3756 6.6429 0.7000,
          2.5524 6.6407 0.7000,
          3.3233 7.7867 0.7000,
          2.1609 6.6947 0.7000,
          2.2027 6.6801 0.7000,
          3.2930 7.8698 0.7000,
          3.2325 7.9879 0.7000,
          3.3092 7.8286 0.7000,
          3.2748 7.9102 0.7000,
          3.2547 7.9495 0.7000,
          3.2085 8.0250 0.7000,
          3.1827 8.0610 0.7000,
          2.0026 6.7734 0.7000,
          1.9301 6.8242 0.7000,
          1.9657 6.7979 0.7000,
          2.0406 6.7508 0.7000,
          3.1551 8.0956 0.7000,
          2.5964 6.6457 0.7000,
          1.8958 6.8522 0.7000,
          1.8630 6.8819 0.7000,
          3.1259 8.1288 0.7000,
          3.0950 8.1604 0.7000,
          1.8317 6.9132 0.7000,
          2.0798 6.7301 0.7000,
          2.1199 6.7114 0.7000,
          1.8019 6.9460 0.7000,
          3.0287 8.2190 0.7000,
          2.9934 8.2457 0.7000,
          3.0626 8.1905 0.7000,
          1.7476 7.0159 0.7000,
          1.7739 6.9803 0.7000,
          1.7231 7.0528 0.7000,
          2.9191 8.2938 0.7000,
          2.9569 8.2707 0.7000,
          2.8803 8.3149 0.7000,
          2.8404 8.3342 0.7000,
          1.7005 7.0909 0.7000,
          1.6611 7.1702 0.7000,
          1.6798 7.1300 0.7000,
          2.7997 8.3514 0.7000,
          2.7581 8.3665 0.7000,
          1.6298 7.2530 0.7000,
          1.6445 7.2112 0.7000,
          2.7158 8.3796 0.7000,
          2.6730 8.3905 0.7000,
          2.6296 8.3993 0.7000,
          2.5859 8.4060 0.7000,
          1.5927 7.4258 0.7000,
          1.6069 7.3385 0.7000,
          1.5987 7.3820 0.7000,
          1.6173 7.2954 0.7000,
          2.5418 8.4104 0.7000,
          2.4534 8.4127 0.7000,
          2.4976 8.4126 0.7000,
          1.5877 7.5584 0.7000,
          1.5888 7.4699 0.7000,
          1.5871 7.5142 0.7000,
          2.3652 8.4061 0.7000,
          2.4092 8.4105 0.7000,
          1.5954 7.6466 0.7000,
          1.5905 7.6026 0.7000,
          1.6026 7.6903 0.7000,
          2.3214 8.3996 0.7000,
          1.5095 9.2114 0.7000,
          0.7955 8.4974 0.7000,
        ] }
        coordIndex [
          0 1 2 -1,
          2 1 3 -1,
          4 5 1 -1,
          6 5 4 -1,
          7 8 9 -1,
          10 11 12 -1,
          11 13 12 -1,
          12 13 5 -1,
          14 15 13 -1,
          7 16 8 -1,
          17 16 18 -1,
          19 16 17 -1,
          8 16 19 -1,
          20 16 7 -1,
          5 21 1 -1,
          13 21 5 -1,
          15 21 13 -1,
          16 22 23 -1,
          24 25 26 -1,
          27 25 24 -1,
          28 25 27 -1,
          25 29 26 -1,
          29 30 26 -1,
          31 32 33 -1,
          34 32 31 -1,
          26 35 21 -1,
          30 35 26 -1,
          36 35 20 -1,
          3 35 36 -1,
          1 35 3 -1,
          21 35 1 -1,
          34 37 32 -1,
          34 38 37 -1,
          39 40 35 -1,
          34 41 38 -1,
          16 41 22 -1,
          42 41 34 -1,
          43 41 42 -1,
          22 41 43 -1,
          16 44 41 -1,
          45 46 47 -1,
          44 48 49 -1,
          44 50 48 -1,
          47 51 40 -1,
          52 51 46 -1,
          46 51 47 -1,
          53 54 51 -1,
          51 54 40 -1,
          55 56 57 -1,
          50 56 55 -1,
          54 58 40 -1,
          58 59 40 -1,
          56 60 61 -1,
          44 60 50 -1,
          50 60 56 -1,
          59 62 40 -1,
          40 62 35 -1,
          63 64 62 -1,
          64 65 62 -1,
          44 66 60 -1,
          67 66 68 -1,
          69 66 67 -1,
          60 66 69 -1,
          70 71 65 -1,
          72 71 70 -1,
          44 73 66 -1,
          74 73 75 -1,
          66 73 74 -1,
          71 76 65 -1,
          77 76 71 -1,
          73 78 79 -1,
          62 80 35 -1,
          65 80 62 -1,
          20 80 16 -1,
          76 80 65 -1,
          81 80 76 -1,
          73 80 78 -1,
          35 80 20 -1,
          16 80 44 -1,
          44 80 73 -1,
          81 82 80 -1,
          82 83 80 -1,
        ]
      }
    }
    Shape {
      appearance Appearance {
        material Material {
          diffuseColor 0.200 0.200 0.200
          specularColor 0.050 0.050 0.050
          shininess 0.15
        }
      }
      geometry IndexedFaceSet {
        creaseAngle 0.785398
        solid TRUE
        coord Coordinate { point [
          -1.8445 6.8999 0.7000,
          -1.7352 7.0342 0.7000,
          -1.8758 6.8699 0.7000,
          -1.8148 6.9314 0.7000,
          -1.7866 6.9644 0.7000,
          -1.7600 6.9986 0.7000,
          -1.9426 6.8146 0.7000,
          -2.0144 6.7661 0.7000,
          -1.9779 6.7895 0.7000,
          -2.0906 6.7248 0.7000,
          -2.0520 6.7445 0.7000,
          -1.9085 6.8415 0.7000,
          -1.6714 7.1474 0.7000,
          -1.6540 7.1871 0.7000,
          -1.6908 7.1086 0.7000,
          -1.6384 7.2275 0.7000,
          -1.7121 7.0709 0.7000,
          -2.1301 6.7070 0.7000,
          -2.2115 6.6773 0.7000,
          -2.1705 6.6912 0.7000,
          -2.2532 6.6654 0.7000,
          -1.6249 7.2687 0.7000,
          -1.6134 7.3105 0.7000,
          -1.6040 7.3528 0.7000,
          -2.2954 6.6557 0.7000,
          -2.3811 6.6423 0.7000,
          -2.3381 6.6479 0.7000,
          -2.4243 6.6388 0.7000,
          -1.5966 7.3955 0.7000,
          -1.5871 7.5251 0.7000,
          -1.5913 7.4386 0.7000,
          -1.5881 7.4818 0.7000,
          -1.5879 7.5637 0.7000,
          -1.5904 7.6021 0.7000,
          -2.4676 6.6374 0.7000,
          -2.5542 6.6409 0.7000,
          -2.5110 6.6381 0.7000,
          -1.5946 7.6405 0.7000,
          -1.6004 7.6786 0.7000,
          -2.6401 6.6528 0.7000,
          -2.5973 6.6458 0.7000,
          -1.5026 9.2045 0.7000,
          -2.3097 8.3974 0.7000,
          -0.7886 8.4905 0.7000,
          -4.1543 6.5529 0.7000,
          -3.4471 5.8457 0.7000,
          -3.3472 7.3599 0.7000,
          -3.3593 7.4476 0.7000,
          -3.3543 7.4036 0.7000,
          -2.4416 8.4123 0.7000,
          -2.4858 8.4129 0.7000,
          -2.3974 8.4095 0.7000,
          -3.3626 7.5361 0.7000,
          -3.3620 7.4918 0.7000,
          -2.5301 8.4112 0.7000,
          -2.6180 8.4013 0.7000,
          -2.5742 8.4073 0.7000,
          -3.3609 7.5803 0.7000,
          -3.3510 7.6683 0.7000,
          -3.3571 7.6244 0.7000,
          -3.3428 7.7118 0.7000,
          -2.6615 8.3931 0.7000,
          -2.7046 8.3827 0.7000,
          -2.7888 8.3555 0.7000,
          -2.3534 8.4046 0.7000,
          -2.7470 8.3702 0.7000,
          -3.3199 7.7973 0.7000,
          -3.2886 7.8801 0.7000,
          -3.3053 7.8391 0.7000,
          -3.3324 7.7548 0.7000,
          -2.8298 8.3389 0.7000,
          -2.8700 8.3202 0.7000,
          -3.2699 7.9202 0.7000,
          -3.2266 7.9974 0.7000,
          -3.2492 7.9594 0.7000,
          -3.2021 8.0343 0.7000,
          -3.1758 8.0699 0.7000,
          -2.9472 8.2769 0.7000,
          -3.0197 8.2261 0.7000,
          -2.9091 8.2995 0.7000,
          -2.9841 8.2524 0.7000,
          -3.0540 8.1981 0.7000,
          -3.1181 8.1370 0.7000,
          -3.1478 8.1042 0.7000,
          -3.0868 8.1683 0.7000,
        ] }
        coordIndex [
          0 1 2 -1,
          3 1 0 -1,
          4 1 3 -1,
          5 1 4 -1,
          6 7 8 -1,
          7 9 10 -1,
          11 9 6 -1,
          2 9 11 -1,
          6 9 7 -1,
          12 13 14 -1,
          13 15 14 -1,
          14 15 16 -1,
          17 18 19 -1,
          9 20 17 -1,
          17 20 18 -1,
          2 20 9 -1,
          21 22 15 -1,
          15 23 16 -1,
          22 23 15 -1,
          16 23 1 -1,
          24 25 26 -1,
          20 25 24 -1,
          20 27 25 -1,
          28 29 23 -1,
          30 29 28 -1,
          31 29 30 -1,
          29 32 23 -1,
          32 33 23 -1,
          34 35 36 -1,
          27 35 34 -1,
          37 38 33 -1,
          23 38 1 -1,
          33 38 23 -1,
          1 38 2 -1,
          35 39 40 -1,
          41 42 43 -1,
          43 42 38 -1,
          39 44 45 -1,
          39 46 44 -1,
          46 47 48 -1,
          49 50 51 -1,
          47 52 53 -1,
          46 52 47 -1,
          54 55 50 -1,
          56 55 54 -1,
          50 55 51 -1,
          57 58 59 -1,
          52 58 57 -1,
          39 60 46 -1,
          20 60 27 -1,
          27 60 35 -1,
          35 60 39 -1,
          46 60 52 -1,
          52 60 58 -1,
          61 62 55 -1,
          62 63 55 -1,
          51 63 64 -1,
          65 63 62 -1,
          55 63 51 -1,
          66 67 68 -1,
          69 67 66 -1,
          60 67 69 -1,
          70 71 63 -1,
          72 73 74 -1,
          67 73 72 -1,
          67 75 73 -1,
          60 76 67 -1,
          2 76 20 -1,
          67 76 75 -1,
          64 76 42 -1,
          38 76 2 -1,
          42 76 38 -1,
          20 76 60 -1,
          77 78 79 -1,
          80 78 77 -1,
          78 81 79 -1,
          79 81 71 -1,
          76 82 83 -1,
          71 84 63 -1,
          63 84 64 -1,
          64 84 76 -1,
          81 84 71 -1,
          76 84 82 -1,
        ]
      }
    }
    Shape {
      appearance Appearance {
        material Material {
          diffuseColor 0.200 0.200 0.200
          specularColor 0.050 0.050 0.050
          shininess 0.15
        }
      }
      geometry IndexedFaceSet {
        creaseAngle 0.785398
        solid TRUE
        coord Coordinate { point [
          0.5000 5.7664 7.5000,
          0.5351 5.7916 7.5000,
          0.5000 5.7664 0.7000,
          0.5351 5.7916 0.7000,
          0.5689 5.8184 7.5000,
          0.5689 5.8184 0.7000,
          0.6013 5.8469 7.5000,
          0.6013 5.8469 0.7000,
          0.6324 5.8769 7.5000,
          0.6324 5.8769 0.7000,
          0.6619 5.9083 7.5000,
          0.6619 5.9083 0.7000,
          0.6899 5.9412 7.5000,
          0.6899 5.9412 0.7000,
          0.7162 5.9754 7.5000,
          0.7162 5.9754 0.7000,
          0.7409 6.0108 0.7000,
          0.7409 6.0108 7.5000,
          0.7638 6.0474 7.5000,
          0.7638 6.0474 0.7000,
          0.7849 6.0851 0.7000,
          0.7849 6.0851 7.5000,
          0.8041 6.1237 7.5000,
          0.8041 6.1237 0.7000,
          0.8215 6.1633 7.5000,
          0.8215 6.1633 0.7000,
          0.8369 6.2036 7.5000,
          0.8369 6.2036 0.7000,
          0.8503 6.2446 0.7000,
          0.8503 6.2446 7.5000,
          0.8617 6.2863 0.7000,
          0.8617 6.2863 7.5000,
          0.8711 6.3284 7.5000,
          0.8711 6.3284 0.7000,
          0.8784 6.3709 7.5000,
          0.8784 6.3709 0.7000,
          0.8836 6.4138 7.5000,
          0.8836 6.4138 0.7000,
          0.8867 6.4568 7.5000,
          0.8867 6.4568 0.7000,
          0.8878 6.5000 7.5000,
          0.8878 6.5000 0.7000,
        ] }
        coordIndex [
          0 1 2 -1,
          2 1 3 -1,
          3 4 5 -1,
          1 4 3 -1,
          5 6 7 -1,
          4 6 5 -1,
          7 8 9 -1,
          6 8 7 -1,
          9 10 11 -1,
          8 10 9 -1,
          11 12 13 -1,
          10 12 11 -1,
          13 14 15 -1,
          15 14 16 -1,
          12 14 13 -1,
          14 17 16 -1,
          16 18 19 -1,
          19 18 20 -1,
          17 18 16 -1,
          18 21 20 -1,
          20 22 23 -1,
          21 22 20 -1,
          23 24 25 -1,
          22 24 23 -1,
          25 26 27 -1,
          27 26 28 -1,
          24 26 25 -1,
          26 29 28 -1,
          28 29 30 -1,
          29 31 30 -1,
          31 32 30 -1,
          30 32 33 -1,
          32 34 33 -1,
          33 34 35 -1,
          34 36 35 -1,
          35 36 37 -1,
          36 38 37 -1,
          37 38 39 -1,
          38 40 39 -1,
          39 40 41 -1,
        ]
      }
    }
    Shape {
      appearance Appearance {
        material Material {
          diffuseColor 0.200 0.200 0.200
          specularColor 0.050 0.050 0.050
          shininess 0.15
        }
      }
      geometry IndexedFaceSet {
        creaseAngle 0.785398
        solid TRUE
        coord Coordinate { point [
          0.5098 8.3750 7.5000,
          0.5098 8.3750 0.7000,
          0.5098 7.2268 7.5000,
          0.5098 7.2268 0.7000,
        ] }
        coordIndex [
          0 1 2 -1,
          2 1 3 -1,
        ]
      }
    }
    Shape {
      appearance Appearance {
        material Material {
          diffuseColor 0.200 0.200 0.200
          specularColor 0.050 0.050 0.050
          shininess 0.15
        }
      }
      geometry IndexedFaceSet {
        creaseAngle 0.785398
        solid TRUE
        coord Coordinate { point [
          0.5098 8.3750 0.7000,
          0.5098 8.3750 7.5000,
          -0.5000 8.3750 0.7000,
          -0.5000 8.3750 7.5000,
        ] }
        coordIndex [
          0 1 2 -1,
          2 1 3 -1,
        ]
      }
    }
    Shape {
      appearance Appearance {
        material Material {
          diffuseColor 0.200 0.200 0.200
          specularColor 0.050 0.050 0.050
          shininess 0.15
        }
      }
      geometry IndexedFaceSet {
        creaseAngle 0.785398
        solid TRUE
        coord Coordinate { point [
          -0.5000 8.3750 0.7000,
          -0.5000 8.3750 7.5000,
          -0.5000 7.2336 0.7000,
          -0.5000 7.2336 7.5000,
        ] }
        coordIndex [
          0 1 2 -1,
          2 1 3 -1,
        ]
      }
    }
    Shape {
      appearance Appearance {
        material Material {
          diffuseColor 0.200 0.200 0.200
          specularColor 0.050 0.050 0.050
          shininess 0.15
        }
      }
      geometry IndexedFaceSet {
        creaseAngle 0.785398
        solid TRUE
        coord Coordinate { point [
          -0.5000 7.2336 0.7000,
          -0.5000 7.2336 7.5000,
          -0.5360 7.2078 0.7000,
          -0.5360 7.2078 7.5000,
          -0.5706 7.1802 0.7000,
          -0.5706 7.1802 7.5000,
          -0.6038 7.1509 0.7000,
          -0.6038 7.1509 7.5000,
          -0.6355 7.1200 0.7000,
          -0.6355 7.1200 7.5000,
          -0.6656 7.0875 0.7000,
          -0.6656 7.0875 7.5000,
          -0.6940 7.0536 0.7000,
          -0.6940 7.0536 7.5000,
          -0.7208 7.0183 0.7000,
          -0.7208 7.0183 7.5000,
          -0.7457 6.9817 0.7000,
          -0.7457 6.9817 7.5000,
          -0.7688 6.9440 0.7000,
          -0.7688 6.9440 7.5000,
          -0.7900 6.9051 0.7000,
          -0.7900 6.9051 7.5000,
          -0.8092 6.8652 0.7000,
          -0.8092 6.8652 7.5000,
          -0.8264 6.8244 0.7000,
          -0.8264 6.8244 7.5000,
          -0.8415 6.7828 0.7000,
          -0.8415 6.7828 7.5000,
          -0.8546 6.7405 7.5000,
          -0.8546 6.7405 0.7000,
          -0.8655 6.6976 0.7000,
          -0.8655 6.6976 7.5000,
          -0.8743 6.6542 7.5000,
          -0.8743 6.6542 0.7000,
          -0.8809 6.6104 0.7000,
          -0.8809 6.6104 7.5000,
          -0.8853 6.5664 0.7000,
          -0.8853 6.5664 7.5000,
          -0.8875 6.5221 0.7000,
          -0.8875 6.5221 7.5000,
          -0.8875 6.4779 0.7000,
          -0.8875 6.4779 7.5000,
          -0.8853 6.4336 7.5000,
          -0.8853 6.4336 0.7000,
          -0.8809 6.3896 7.5000,
          -0.8809 6.3896 0.7000,
          -0.8743 6.3458 7.5000,
          -0.8743 6.3458 0.7000,
          -0.8655 6.3024 7.5000,
          -0.8655 6.3024 0.7000,
          -0.8546 6.2595 7.5000,
          -0.8546 6.2595 0.7000,
          -0.8415 6.2172 7.5000,
          -0.8415 6.2172 0.7000,
          -0.8264 6.1756 0.7000,
          -0.8264 6.1756 7.5000,
          -0.8092 6.1348 0.7000,
          -0.8092 6.1348 7.5000,
          -0.7900 6.0949 0.7000,
          -0.7900 6.0949 7.5000,
          -0.7688 6.0560 7.5000,
          -0.7688 6.0560 0.7000,
          -0.7457 6.0183 0.7000,
          -0.7457 6.0183 7.5000,
          -0.7208 5.9817 7.5000,
          -0.7208 5.9817 0.7000,
          -0.6940 5.9464 7.5000,
          -0.6940 5.9464 0.7000,
          -0.6656 5.9125 0.7000,
          -0.6656 5.9125 7.5000,
          -0.6355 5.8800 7.5000,
          -0.6355 5.8800 0.7000,
          -0.6038 5.8491 0.7000,
          -0.6038 5.8491 7.5000,
          -0.5706 5.8198 7.5000,
          -0.5706 5.8198 0.7000,
          -0.5360 5.7922 7.5000,
          -0.5360 5.7922 0.7000,
          -0.5000 5.7664 7.5000,
          -0.5000 5.7664 0.7000,
        ] }
        coordIndex [
          0 1 2 -1,
          2 3 4 -1,
          1 3 2 -1,
          4 5 6 -1,
          3 5 4 -1,
          6 7 8 -1,
          5 7 6 -1,
          7 9 8 -1,
          8 9 10 -1,
          9 11 10 -1,
          10 11 12 -1,
          12 13 14 -1,
          11 13 12 -1,
          13 15 14 -1,
          14 15 16 -1,
          16 17 18 -1,
          15 17 16 -1,
          18 19 20 -1,
          17 19 18 -1,
          20 21 22 -1,
          19 21 20 -1,
          22 23 24 -1,
          21 23 22 -1,
          24 25 26 -1,
          23 25 24 -1,
          25 27 26 -1,
          26 28 29 -1,
          29 28 30 -1,
          27 28 26 -1,
          28 31 30 -1,
          30 32 33 -1,
          33 32 34 -1,
          31 32 30 -1,
          34 35 36 -1,
          32 35 34 -1,
          36 37 38 -1,
          35 37 36 -1,
          38 39 40 -1,
          37 39 38 -1,
          39 41 40 -1,
          40 42 43 -1,
          41 42 40 -1,
          43 44 45 -1,
          42 44 43 -1,
          45 46 47 -1,
          44 46 45 -1,
          47 48 49 -1,
          46 48 47 -1,
          49 50 51 -1,
          48 50 49 -1,
          51 52 53 -1,
          53 52 54 -1,
          50 52 51 -1,
          54 55 56 -1,
          52 55 54 -1,
          56 57 58 -1,
          55 57 56 -1,
          57 59 58 -1,
          59 60 58 -1,
          58 60 61 -1,
          61 60 62 -1,
          60 63 62 -1,
          63 64 62 -1,
          62 64 65 -1,
          64 66 65 -1,
          65 66 67 -1,
          67 66 68 -1,
          66 69 68 -1,
          69 70 68 -1,
          68 70 71 -1,
          71 70 72 -1,
          70 73 72 -1,
          73 74 72 -1,
          72 74 75 -1,
          74 76 75 -1,
          75 76 77 -1,
          77 78 79 -1,
          76 78 77 -1,
        ]
      }
    }
    Shape {
      appearance Appearance {
        material Material {
          diffuseColor 0.200 0.200 0.200
          specularColor 0.050 0.050 0.050
          shininess 0.15
        }
      }
      geometry IndexedFaceSet {
        creaseAngle 0.785398
        solid TRUE
        coord Coordinate { point [
          -0.5000 5.7664 0.7000,
          -0.5000 5.7664 7.5000,
          -0.5000 4.6250 0.7000,
          -0.5000 4.6250 7.5000,
        ] }
        coordIndex [
          0 1 2 -1,
          2 1 3 -1,
        ]
      }
    }
    Shape {
      appearance Appearance {
        material Material {
          diffuseColor 0.200 0.200 0.200
          specularColor 0.050 0.050 0.050
          shininess 0.15
        }
      }
      geometry IndexedFaceSet {
        creaseAngle 0.785398
        solid TRUE
        coord Coordinate { point [
          0.5000 4.6250 7.5000,
          0.5000 4.6250 0.7000,
          -0.5000 4.6250 7.5000,
          -0.5000 4.6250 0.7000,
        ] }
        coordIndex [
          0 1 2 -1,
          2 1 3 -1,
        ]
      }
    }
    Shape {
      appearance Appearance {
        material Material {
          diffuseColor 0.200 0.200 0.200
          specularColor 0.050 0.050 0.050
          shininess 0.15
        }
      }
      geometry IndexedFaceSet {
        creaseAngle 0.785398
        solid TRUE
        coord Coordinate { point [
          0.5000 5.7664 7.5000,
          0.5000 5.7664 0.7000,
          0.5000 4.6250 7.5000,
          0.5000 4.6250 0.7000,
        ] }
        coordIndex [
          0 1 2 -1,
          2 1 3 -1,
        ]
      }
    }
    Shape {
      appearance Appearance {
        material Material {
          diffuseColor 0.200 0.200 0.200
          specularColor 0.050 0.050 0.050
          shininess 0.15
        }
      }
      geometry IndexedFaceSet {
        creaseAngle 0.785398
        solid TRUE
        coord Coordinate { point [
          0.5000 4.6250 0.7000,
          0.5000 5.7664 0.7000,
          -0.5000 4.6250 0.7000,
          0.5689 5.8184 0.7000,
          0.5351 5.7916 0.7000,
          0.6619 5.9083 0.7000,
          0.7409 6.0108 0.7000,
          0.6324 5.8769 0.7000,
          0.6899 5.9412 0.7000,
          0.7162 5.9754 0.7000,
          0.8041 6.1237 0.7000,
          0.8215 6.1633 0.7000,
          0.7849 6.0851 0.7000,
          0.8369 6.2036 0.7000,
          0.8617 6.2863 0.7000,
          0.8503 6.2446 0.7000,
          0.8784 6.3709 0.7000,
          0.8836 6.4138 0.7000,
          0.8711 6.3284 0.7000,
          0.8878 6.5000 0.7000,
          0.8868 6.5426 0.7000,
          0.8867 6.4568 0.7000,
          0.8715 6.6693 0.7000,
          0.8624 6.7108 0.7000,
          0.8786 6.6273 0.7000,
          0.8513 6.7519 0.7000,
          0.8837 6.5850 0.7000,
          0.8382 6.7925 0.7000,
          0.8233 6.8323 0.7000,
          0.7876 6.9096 0.7000,
          0.8064 6.8714 0.7000,
          -0.5000 5.7664 0.7000,
          0.7448 6.9832 0.7000,
          0.7208 7.0183 0.7000,
          0.7671 6.9469 0.7000,
          0.6951 7.0523 0.7000,
          0.7638 6.0474 0.7000,
          0.6678 7.0850 0.7000,
          0.6390 7.1163 0.7000,
          0.6087 7.1462 0.7000,
          -0.6038 5.8491 0.7000,
          -0.6656 5.9125 0.7000,
          -0.6355 5.8800 0.7000,
          -0.5706 5.8198 0.7000,
          -0.5360 5.7922 0.7000,
          0.5771 7.1747 0.7000,
          0.5441 7.2015 0.7000,
          0.5098 7.2268 0.7000,
          0.6013 5.8469 0.7000,
          -0.7208 5.9817 0.7000,
          -0.7688 6.0560 0.7000,
          -0.7457 6.0183 0.7000,
          -0.6940 5.9464 0.7000,
          -0.7900 6.0949 0.7000,
          -0.8092 6.1348 0.7000,
          -0.8415 6.2172 0.7000,
          -0.8264 6.1756 0.7000,
          -0.8546 6.2595 0.7000,
          -0.8655 6.3024 0.7000,
          -0.8809 6.3896 0.7000,
          -0.8743 6.3458 0.7000,
          -0.8875 6.4779 0.7000,
          -0.8853 6.4336 0.7000,
          -0.8875 6.5221 0.7000,
          -0.8853 6.5664 0.7000,
          -0.8809 6.6104 0.7000,
          -0.8743 6.6542 0.7000,
          -0.8655 6.6976 0.7000,
          -0.8546 6.7405 0.7000,
          -0.8415 6.7828 0.7000,
          -0.8092 6.8652 0.7000,
          -0.8264 6.8244 0.7000,
          -0.7900 6.9051 0.7000,
          -0.7688 6.9440 0.7000,
          -0.7208 7.0183 0.7000,
          -0.7457 6.9817 0.7000,
          -0.5000 7.2336 0.7000,
          -0.5360 7.2078 0.7000,
          -0.6656 7.0875 0.7000,
          -0.6940 7.0536 0.7000,
          -0.6355 7.1200 0.7000,
          -0.5706 7.1802 0.7000,
          -0.6038 7.1509 0.7000,
          0.5098 8.3750 0.7000,
          -0.5000 8.3750 0.7000,
        ] }
        coordIndex [
          0 1 2 -1,
          3 1 4 -1,
          5 6 7 -1,
          8 6 5 -1,
          9 6 8 -1,
          10 11 12 -1,
          13 14 11 -1,
          15 14 13 -1,
          16 17 18 -1,
          19 20 21 -1,
          22 23 24 -1,
          17 25 18 -1,
          23 25 24 -1,
          20 25 21 -1,
          26 25 20 -1,
          24 25 26 -1,
          18 25 14 -1,
          21 25 17 -1,
          27 28 25 -1,
          28 29 25 -1,
          30 29 28 -1,
          1 31 2 -1,
          32 33 34 -1,
          11 35 12 -1,
          14 35 11 -1,
          25 35 14 -1,
          29 35 25 -1,
          33 35 34 -1,
          34 35 29 -1,
          36 35 6 -1,
          12 35 36 -1,
          37 38 35 -1,
          38 39 35 -1,
          40 41 42 -1,
          43 41 40 -1,
          44 41 43 -1,
          31 41 44 -1,
          45 46 39 -1,
          39 46 35 -1,
          6 47 7 -1,
          35 47 6 -1,
          46 47 35 -1,
          48 47 3 -1,
          7 47 48 -1,
          49 50 51 -1,
          52 50 49 -1,
          41 50 52 -1,
          41 53 50 -1,
          54 55 56 -1,
          53 55 54 -1,
          41 55 53 -1,
          41 57 55 -1,
          58 59 60 -1,
          57 59 58 -1,
          59 61 62 -1,
          57 61 59 -1,
          57 63 61 -1,
          57 64 63 -1,
          57 65 64 -1,
          57 66 65 -1,
          57 67 66 -1,
          57 68 67 -1,
          69 70 71 -1,
          68 70 69 -1,
          68 72 70 -1,
          68 73 72 -1,
          73 74 75 -1,
          76 77 47 -1,
          74 78 79 -1,
          73 78 74 -1,
          3 80 1 -1,
          81 80 77 -1,
          82 80 81 -1,
          1 80 31 -1,
          57 80 68 -1,
          68 80 73 -1,
          73 80 78 -1,
          77 80 47 -1,
          31 80 41 -1,
          47 80 3 -1,
          41 80 57 -1,
          47 83 76 -1,
          83 84 76 -1,
        ]
      }
    }
    Shape {
      appearance Appearance {
        material Material {
          diffuseColor 0.200 0.200 0.200
          specularColor 0.050 0.050 0.050
          shininess 0.15
        }
      }
      geometry IndexedFaceSet {
        creaseAngle 0.785398
        solid TRUE
        coord Coordinate { point [
          2.3214 8.3996 7.5000,
          1.5095 9.2114 7.5000,
          2.3214 8.3996 0.7000,
          1.5095 9.2114 0.7000,
        ] }
        coordIndex [
          0 1 2 -1,
          2 1 3 -1,
        ]
      }
    }
    Shape {
      appearance Appearance {
        material Material {
          diffuseColor 0.200 0.200 0.200
          specularColor 0.050 0.050 0.050
          shininess 0.15
        }
      }
      geometry IndexedFaceSet {
        creaseAngle 0.785398
        solid TRUE
        coord Coordinate { point [
          3.3472 7.3599 7.5000,
          3.3539 7.4009 7.5000,
          3.3472 7.3599 0.7000,
          3.3539 7.4009 0.7000,
          3.3588 7.4422 7.5000,
          3.3588 7.4422 0.7000,
          3.3617 7.4836 7.5000,
          3.3617 7.4836 0.7000,
          3.3627 7.5251 7.5000,
          3.3627 7.5251 0.7000,
        ] }
        coordIndex [
          0 1 2 -1,
          2 1 3 -1,
          3 4 5 -1,
          1 4 3 -1,
          5 6 7 -1,
          4 6 5 -1,
          7 8 9 -1,
          6 8 7 -1,
        ]
      }
    }
    Shape {
      appearance Appearance {
        material Material {
          diffuseColor 0.200 0.200 0.200
          specularColor 0.050 0.050 0.050
          shininess 0.15
        }
      }
      geometry IndexedFaceSet {
        creaseAngle 0.785398
        solid TRUE
        coord Coordinate { point [
          1.5095 9.2114 0.7000,
          0.7955 8.4974 7.5000,
          0.7955 8.4974 0.7000,
          1.5095 9.2114 7.5000,
        ] }
        coordIndex [
          0 1 2 -1,
          3 1 0 -1,
        ]
      }
    }
    Shape {
      appearance Appearance {
        material Material {
          diffuseColor 0.200 0.200 0.200
          specularColor 0.050 0.050 0.050
          shininess 0.15
        }
      }
      geometry IndexedFaceSet {
        creaseAngle 0.785398
        solid TRUE
        coord Coordinate { point [
          0.7955 8.4974 0.7000,
          1.6026 7.6903 7.5000,
          1.6026 7.6903 0.7000,
          0.7955 8.4974 7.5000,
        ] }
        coordIndex [
          0 1 2 -1,
          3 1 0 -1,
        ]
      }
    }
    Shape {
      appearance Appearance {
        material Material {
          diffuseColor 0.200 0.200 0.200
          specularColor 0.050 0.050 0.050
          shininess 0.15
        }
      }
      geometry IndexedFaceSet {
        creaseAngle 0.785398
        solid TRUE
        coord Coordinate { point [
          1.6026 7.6903 0.7000,
          1.5954 7.6466 7.5000,
          1.5954 7.6466 0.7000,
          1.6026 7.6903 7.5000,
          1.5905 7.6026 7.5000,
          1.5905 7.6026 0.7000,
          1.5877 7.5584 7.5000,
          1.5877 7.5584 0.7000,
          1.5871 7.5142 7.5000,
          1.5871 7.5142 0.7000,
          1.5888 7.4699 7.5000,
          1.5888 7.4699 0.7000,
          1.5927 7.4258 7.5000,
          1.5927 7.4258 0.7000,
          1.5987 7.3820 7.5000,
          1.5987 7.3820 0.7000,
          1.6069 7.3385 7.5000,
          1.6069 7.3385 0.7000,
          1.6173 7.2954 7.5000,
          1.6173 7.2954 0.7000,
          1.6298 7.2530 7.5000,
          1.6298 7.2530 0.7000,
          1.6445 7.2112 7.5000,
          1.6445 7.2112 0.7000,
          1.6611 7.1702 7.5000,
          1.6611 7.1702 0.7000,
          1.6798 7.1300 7.5000,
          1.6798 7.1300 0.7000,
          1.7005 7.0909 7.5000,
          1.7005 7.0909 0.7000,
          1.7231 7.0528 7.5000,
          1.7231 7.0528 0.7000,
          1.7476 7.0159 7.5000,
          1.7476 7.0159 0.7000,
          1.7739 6.9803 7.5000,
          1.7739 6.9803 0.7000,
          1.8019 6.9460 7.5000,
          1.8019 6.9460 0.7000,
          1.8317 6.9132 7.5000,
          1.8317 6.9132 0.7000,
          1.8630 6.8819 7.5000,
          1.8630 6.8819 0.7000,
          1.8958 6.8522 0.7000,
          1.8958 6.8522 7.5000,
          1.9301 6.8242 7.5000,
          1.9301 6.8242 0.7000,
          1.9657 6.7979 0.7000,
          1.9657 6.7979 7.5000,
          2.0026 6.7734 0.7000,
          2.0026 6.7734 7.5000,
          2.0406 6.7508 7.5000,
          2.0406 6.7508 0.7000,
          2.0798 6.7301 7.5000,
          2.0798 6.7301 0.7000,
          2.1199 6.7114 0.7000,
          2.1199 6.7114 7.5000,
          2.1609 6.6947 7.5000,
          2.1609 6.6947 0.7000,
          2.2027 6.6801 0.7000,
          2.2027 6.6801 7.5000,
          2.2452 6.6676 0.7000,
          2.2452 6.6676 7.5000,
          2.2882 6.6572 7.5000,
          2.2882 6.6572 0.7000,
          2.3317 6.6490 7.5000,
          2.3317 6.6490 0.7000,
          2.3756 6.6429 0.7000,
          2.3756 6.6429 7.5000,
          2.4197 6.6391 7.5000,
          2.4197 6.6391 0.7000,
          2.4639 6.6374 7.5000,
          2.4639 6.6374 0.7000,
          2.5082 6.6380 7.5000,
          2.5082 6.6380 0.7000,
          2.5524 6.6407 7.5000,
          2.5524 6.6407 0.7000,
          2.5964 6.6457 7.5000,
          2.5964 6.6457 0.7000,
          2.6401 6.6528 0.7000,
          2.6401 6.6528 7.5000,
        ] }
        coordIndex [
          0 1 2 -1,
          3 1 0 -1,
          2 4 5 -1,
          1 4 2 -1,
          5 6 7 -1,
          4 6 5 -1,
          6 8 7 -1,
          7 8 9 -1,
          8 10 9 -1,
          9 10 11 -1,
          11 12 13 -1,
          10 12 11 -1,
          13 14 15 -1,
          12 14 13 -1,
          14 16 15 -1,
          15 16 17 -1,
          17 18 19 -1,
          16 18 17 -1,
          19 20 21 -1,
          18 20 19 -1,
          21 22 23 -1,
          20 22 21 -1,
          23 24 25 -1,
          22 24 23 -1,
          25 26 27 -1,
          24 26 25 -1,
          27 28 29 -1,
          26 28 27 -1,
          29 30 31 -1,
          28 30 29 -1,
          31 32 33 -1,
          30 32 31 -1,
          33 34 35 -1,
          32 34 33 -1,
          35 36 37 -1,
          34 36 35 -1,
          37 38 39 -1,
          36 38 37 -1,
          39 40 41 -1,
          41 40 42 -1,
          38 40 39 -1,
          40 43 42 -1,
          42 44 45 -1,
          45 44 46 -1,
          43 44 42 -1,
          46 47 48 -1,
          44 47 46 -1,
          47 49 48 -1,
          48 50 51 -1,
          49 50 48 -1,
          51 52 53 -1,
          53 52 54 -1,
          50 52 51 -1,
          52 55 54 -1,
          54 56 57 -1,
          57 56 58 -1,
          55 56 54 -1,
          58 59 60 -1,
          56 59 58 -1,
          59 61 60 -1,
          60 62 63 -1,
          61 62 60 -1,
          62 64 63 -1,
          63 64 65 -1,
          65 64 66 -1,
          64 67 66 -1,
          67 68 66 -1,
          66 68 69 -1,
          68 70 69 -1,
          69 70 71 -1,
          70 72 71 -1,
          71 72 73 -1,
          72 74 73 -1,
          73 74 75 -1,
          74 76 75 -1,
          75 76 77 -1,
          77 76 78 -1,
          76 79 78 -1,
        ]
      }
    }
    Shape {
      appearance Appearance {
        material Material {
          diffuseColor 0.200 0.200 0.200
          specularColor 0.050 0.050 0.050
          shininess 0.15
        }
      }
      geometry IndexedFaceSet {
        creaseAngle 0.785398
        solid TRUE
        coord Coordinate { point [
          2.6401 6.6528 0.7000,
          3.4471 5.8457 7.5000,
          3.4471 5.8457 0.7000,
          2.6401 6.6528 7.5000,
        ] }
        coordIndex [
          0 1 2 -1,
          3 1 0 -1,
        ]
      }
    }
    Shape {
      appearance Appearance {
        material Material {
          diffuseColor 0.200 0.200 0.200
          specularColor 0.050 0.050 0.050
          shininess 0.15
        }
      }
      geometry IndexedFaceSet {
        creaseAngle 0.785398
        solid TRUE
        coord Coordinate { point [
          3.4471 5.8457 0.7000,
          4.1543 6.5529 7.5000,
          4.1543 6.5529 0.7000,
          3.4471 5.8457 7.5000,
        ] }
        coordIndex [
          0 1 2 -1,
          3 1 0 -1,
        ]
      }
    }
    Shape {
      appearance Appearance {
        material Material {
          diffuseColor 0.200 0.200 0.200
          specularColor 0.050 0.050 0.050
          shininess 0.15
        }
      }
      geometry IndexedFaceSet {
        creaseAngle 0.785398
        solid TRUE
        coord Coordinate { point [
          4.1543 6.5529 0.7000,
          3.3472 7.3599 7.5000,
          3.3472 7.3599 0.7000,
          4.1543 6.5529 7.5000,
        ] }
        coordIndex [
          0 1 2 -1,
          3 1 0 -1,
        ]
      }
    }
    Shape {
      appearance Appearance {
        material Material {
          diffuseColor 0.200 0.200 0.200
          specularColor 0.050 0.050 0.050
          shininess 0.15
        }
      }
      geometry IndexedFaceSet {
        creaseAngle 0.785398
        solid TRUE
        coord Coordinate { point [
          -2.6401 6.6528 7.5000,
          -2.5973 6.6458 7.5000,
          -2.6401 6.6528 0.7000,
          -2.5973 6.6458 0.7000,
          -2.5542 6.6409 7.5000,
          -2.5542 6.6409 0.7000,
          -2.5110 6.6381 7.5000,
          -2.5110 6.6381 0.7000,
          -2.4676 6.6374 7.5000,
          -2.4676 6.6374 0.7000,
          -2.4243 6.6388 7.5000,
          -2.4243 6.6388 0.7000,
          -2.3811 6.6423 7.5000,
          -2.3811 6.6423 0.7000,
          -2.3381 6.6479 7.5000,
          -2.3381 6.6479 0.7000,
          -2.2954 6.6557 7.5000,
          -2.2954 6.6557 0.7000,
          -2.2532 6.6654 7.5000,
          -2.2532 6.6654 0.7000,
          -2.2115 6.6773 7.5000,
          -2.2115 6.6773 0.7000,
          -2.1705 6.6912 7.5000,
          -2.1705 6.6912 0.7000,
          -2.1301 6.7070 7.5000,
          -2.1301 6.7070 0.7000,
          -2.0906 6.7248 7.5000,
          -2.0906 6.7248 0.7000,
          -2.0520 6.7445 7.5000,
          -2.0520 6.7445 0.7000,
          -2.0144 6.7661 7.5000,
          -2.0144 6.7661 0.7000,
          -1.9779 6.7895 7.5000,
          -1.9779 6.7895 0.7000,
          -1.9426 6.8146 7.5000,
          -1.9426 6.8146 0.7000,
          -1.9085 6.8415 7.5000,
          -1.9085 6.8415 0.7000,
          -1.8758 6.8699 7.5000,
          -1.8758 6.8699 0.7000,
          -1.8445 6.8999 0.7000,
          -1.8445 6.8999 7.5000,
          -1.8148 6.9314 7.5000,
          -1.8148 6.9314 0.7000,
          -1.7866 6.9644 7.5000,
          -1.7866 6.9644 0.7000,
          -1.7600 6.9986 7.5000,
          -1.7600 6.9986 0.7000,
          -1.7352 7.0342 0.7000,
          -1.7352 7.0342 7.5000,
          -1.7121 7.0709 7.5000,
          -1.7121 7.0709 0.7000,
          -1.6908 7.1086 7.5000,
          -1.6908 7.1086 0.7000,
          -1.6714 7.1474 7.5000,
          -1.6714 7.1474 0.7000,
          -1.6540 7.1871 7.5000,
          -1.6540 7.1871 0.7000,
          -1.6384 7.2275 7.5000,
          -1.6384 7.2275 0.7000,
          -1.6249 7.2687 7.5000,
          -1.6249 7.2687 0.7000,
          -1.6134 7.3105 7.5000,
          -1.6134 7.3105 0.7000,
          -1.6040 7.3528 7.5000,
          -1.6040 7.3528 0.7000,
          -1.5966 7.3955 7.5000,
          -1.5966 7.3955 0.7000,
          -1.5913 7.4386 7.5000,
          -1.5913 7.4386 0.7000,
          -1.5881 7.4818 7.5000,
          -1.5881 7.4818 0.7000,
          -1.5871 7.5251 7.5000,
          -1.5871 7.5251 0.7000,
        ] }
        coordIndex [
          0 1 2 -1,
          2 1 3 -1,
          3 4 5 -1,
          1 4 3 -1,
          5 6 7 -1,
          4 6 5 -1,
          7 8 9 -1,
          6 8 7 -1,
          9 10 11 -1,
          8 10 9 -1,
          11 12 13 -1,
          10 12 11 -1,
          12 14 13 -1,
          13 14 15 -1,
          14 16 15 -1,
          15 16 17 -1,
          16 18 17 -1,
          17 18 19 -1,
          18 20 19 -1,
          19 20 21 -1,
          20 22 21 -1,
          21 22 23 -1,
          22 24 23 -1,
          23 24 25 -1,
          24 26 25 -1,
          25 26 27 -1,
          26 28 27 -1,
          27 28 29 -1,
          28 30 29 -1,
          29 30 31 -1,
          30 32 31 -1,
          31 32 33 -1,
          32 34 33 -1,
          33 34 35 -1,
          34 36 35 -1,
          35 36 37 -1,
          37 38 39 -1,
          36 38 37 -1,
          39 38 40 -1,
          38 41 40 -1,
          40 42 43 -1,
          41 42 40 -1,
          43 44 45 -1,
          42 44 43 -1,
          45 46 47 -1,
          47 46 48 -1,
          44 46 45 -1,
          46 49 48 -1,
          48 50 51 -1,
          49 50 48 -1,
          51 52 53 -1,
          50 52 51 -1,
          53 54 55 -1,
          52 54 53 -1,
          55 56 57 -1,
          54 56 55 -1,
          57 58 59 -1,
          56 58 57 -1,
          59 60 61 -1,
          58 60 59 -1,
          60 62 61 -1,
          61 62 63 -1,
          62 64 63 -1,
          63 64 65 -1,
          64 66 65 -1,
          65 66 67 -1,
          66 68 67 -1,
          67 68 69 -1,
          68 70 69 -1,
          69 70 71 -1,
          70 72 71 -1,
          71 72 73 -1,
        ]
      }
    }
    Shape {
      appearance Appearance {
        material Material {
          diffuseColor 0.200 0.200 0.200
          specularColor 0.050 0.050 0.050
          shininess 0.15
        }
      }
      geometry IndexedFaceSet {
        creaseAngle 0.785398
        solid TRUE
        coord Coordinate { point [
          -1.6004 7.6786 0.7000,
          -0.7886 8.4905 7.5000,
          -0.7886 8.4905 0.7000,
          -1.6004 7.6786 7.5000,
        ] }
        coordIndex [
          0 1 2 -1,
          3 1 0 -1,
        ]
      }
    }
    Shape {
      appearance Appearance {
        material Material {
          diffuseColor 0.200 0.200 0.200
          specularColor 0.050 0.050 0.050
          shininess 0.15
        }
      }
      geometry IndexedFaceSet {
        creaseAngle 0.785398
        solid TRUE
        coord Coordinate { point [
          -0.7886 8.4905 0.7000,
          -1.5026 9.2045 7.5000,
          -1.5026 9.2045 0.7000,
          -0.7886 8.4905 7.5000,
        ] }
        coordIndex [
          0 1 2 -1,
          3 1 0 -1,
        ]
      }
    }
    Shape {
      appearance Appearance {
        material Material {
          diffuseColor 0.200 0.200 0.200
          specularColor 0.050 0.050 0.050
          shininess 0.15
        }
      }
      geometry IndexedFaceSet {
        creaseAngle 0.785398
        solid TRUE
        coord Coordinate { point [
          -1.5026 9.2045 7.5000,
          -2.3097 8.3974 7.5000,
          -1.5026 9.2045 0.7000,
          -2.3097 8.3974 0.7000,
        ] }
        coordIndex [
          0 1 2 -1,
          2 1 3 -1,
        ]
      }
    }
    Shape {
      appearance Appearance {
        material Material {
          diffuseColor 0.200 0.200 0.200
          specularColor 0.050 0.050 0.050
          shininess 0.15
        }
      }
      geometry IndexedFaceSet {
        creaseAngle 0.785398
        solid TRUE
        coord Coordinate { point [
          -2.3097 8.3974 0.7000,
          -2.3097 8.3974 7.5000,
          -2.3534 8.4046 0.7000,
          -2.3534 8.4046 7.5000,
          -2.3974 8.4095 0.7000,
          -2.3974 8.4095 7.5000,
          -2.4416 8.4123 0.7000,
          -2.4416 8.4123 7.5000,
          -2.4858 8.4129 0.7000,
          -2.4858 8.4129 7.5000,
          -2.5301 8.4112 0.7000,
          -2.5301 8.4112 7.5000,
          -2.5742 8.4073 0.7000,
          -2.5742 8.4073 7.5000,
          -2.6180 8.4013 0.7000,
          -2.6180 8.4013 7.5000,
          -2.6615 8.3931 0.7000,
          -2.6615 8.3931 7.5000,
          -2.7046 8.3827 0.7000,
          -2.7046 8.3827 7.5000,
          -2.7470 8.3702 0.7000,
          -2.7470 8.3702 7.5000,
          -2.7888 8.3555 0.7000,
          -2.7888 8.3555 7.5000,
          -2.8298 8.3389 0.7000,
          -2.8298 8.3389 7.5000,
          -2.8700 8.3202 0.7000,
          -2.8700 8.3202 7.5000,
          -2.9091 8.2995 0.7000,
          -2.9091 8.2995 7.5000,
          -2.9472 8.2769 0.7000,
          -2.9472 8.2769 7.5000,
          -2.9841 8.2524 0.7000,
          -2.9841 8.2524 7.5000,
          -3.0197 8.2261 7.5000,
          -3.0197 8.2261 0.7000,
          -3.0540 8.1981 0.7000,
          -3.0540 8.1981 7.5000,
          -3.0868 8.1683 7.5000,
          -3.0868 8.1683 0.7000,
          -3.1181 8.1370 0.7000,
          -3.1181 8.1370 7.5000,
          -3.1478 8.1042 0.7000,
          -3.1478 8.1042 7.5000,
          -3.1758 8.0699 7.5000,
          -3.1758 8.0699 0.7000,
          -3.2021 8.0343 7.5000,
          -3.2021 8.0343 0.7000,
          -3.2266 7.9974 0.7000,
          -3.2266 7.9974 7.5000,
          -3.2492 7.9594 0.7000,
          -3.2492 7.9594 7.5000,
          -3.2699 7.9202 7.5000,
          -3.2699 7.9202 0.7000,
          -3.2886 7.8801 0.7000,
          -3.2886 7.8801 7.5000,
          -3.3053 7.8391 0.7000,
          -3.3053 7.8391 7.5000,
          -3.3199 7.7973 7.5000,
          -3.3199 7.7973 0.7000,
          -3.3324 7.7548 0.7000,
          -3.3324 7.7548 7.5000,
          -3.3428 7.7118 0.7000,
          -3.3428 7.7118 7.5000,
          -3.3510 7.6683 7.5000,
          -3.3510 7.6683 0.7000,
          -3.3571 7.6244 0.7000,
          -3.3571 7.6244 7.5000,
          -3.3609 7.5803 0.7000,
          -3.3609 7.5803 7.5000,
          -3.3626 7.5361 7.5000,
          -3.3626 7.5361 0.7000,
          -3.3620 7.4918 7.5000,
          -3.3620 7.4918 0.7000,
          -3.3593 7.4476 7.5000,
          -3.3593 7.4476 0.7000,
          -3.3543 7.4036 7.5000,
          -3.3543 7.4036 0.7000,
          -3.3472 7.3599 0.7000,
          -3.3472 7.3599 7.5000,
        ] }
        coordIndex [
          0 1 2 -1,
          2 3 4 -1,
          1 3 2 -1,
          4 5 6 -1,
          3 5 4 -1,
          6 7 8 -1,
          5 7 6 -1,
          7 9 8 -1,
          8 9 10 -1,
          9 11 10 -1,
          10 11 12 -1,
          12 13 14 -1,
          11 13 12 -1,
          13 15 14 -1,
          14 15 16 -1,
          16 17 18 -1,
          15 17 16 -1,
          18 19 20 -1,
          17 19 18 -1,
          20 21 22 -1,
          19 21 20 -1,
          22 23 24 -1,
          21 23 22 -1,
          24 25 26 -1,
          23 25 24 -1,
          26 27 28 -1,
          25 27 26 -1,
          28 29 30 -1,
          27 29 28 -1,
          30 31 32 -1,
          29 31 30 -1,
          31 33 32 -1,
          32 34 35 -1,
          35 34 36 -1,
          33 34 32 -1,
          34 37 36 -1,
          36 38 39 -1,
          39 38 40 -1,
          37 38 36 -1,
          40 41 42 -1,
          38 41 40 -1,
          41 43 42 -1,
          42 44 45 -1,
          43 44 42 -1,
          45 46 47 -1,
          47 46 48 -1,
          44 46 45 -1,
          48 49 50 -1,
          46 49 48 -1,
          49 51 50 -1,
          50 52 53 -1,
          53 52 54 -1,
          51 52 50 -1,
          54 55 56 -1,
          52 55 54 -1,
          55 57 56 -1,
          57 58 56 -1,
          56 58 59 -1,
          59 58 60 -1,
          58 61 60 -1,
          60 61 62 -1,
          61 63 62 -1,
          63 64 62 -1,
          62 64 65 -1,
          65 64 66 -1,
          64 67 66 -1,
          66 67 68 -1,
          67 69 68 -1,
          69 70 68 -1,
          68 70 71 -1,
          70 72 71 -1,
          71 72 73 -1,
          72 74 73 -1,
          73 74 75 -1,
          74 76 75 -1,
          75 76 77 -1,
          77 76 78 -1,
          76 79 78 -1,
        ]
      }
    }
    Shape {
      appearance Appearance {
        material Material {
          diffuseColor 0.200 0.200 0.200
          specularColor 0.050 0.050 0.050
          shininess 0.15
        }
      }
      geometry IndexedFaceSet {
        creaseAngle 0.785398
        solid TRUE
        coord Coordinate { point [
          -3.3472 7.3599 0.7000,
          -4.1543 6.5529 7.5000,
          -4.1543 6.5529 0.7000,
          -3.3472 7.3599 7.5000,
        ] }
        coordIndex [
          0 1 2 -1,
          3 1 0 -1,
        ]
      }
    }
    Shape {
      appearance Appearance {
        material Material {
          diffuseColor 0.200 0.200 0.200
          specularColor 0.050 0.050 0.050
          shininess 0.15
        }
      }
      geometry IndexedFaceSet {
        creaseAngle 0.785398
        solid TRUE
        coord Coordinate { point [
          -4.1543 6.5529 0.7000,
          -3.4471 5.8457 7.5000,
          -3.4471 5.8457 0.7000,
          -4.1543 6.5529 7.5000,
        ] }
        coordIndex [
          0 1 2 -1,
          3 1 0 -1,
        ]
      }
    }
    Shape {
      appearance Appearance {
        material Material {
          diffuseColor 0.200 0.200 0.200
          specularColor 0.050 0.050 0.050
          shininess 0.15
        }
      }
      geometry IndexedFaceSet {
        creaseAngle 0.785398
        solid TRUE
        coord Coordinate { point [
          -3.4471 5.8457 0.7000,
          -2.6401 6.6528 7.5000,
          -2.6401 6.6528 0.7000,
          -3.4471 5.8457 7.5000,
        ] }
        coordIndex [
          0 1 2 -1,
          3 1 0 -1,
        ]
      }
    }
    Shape {
      appearance Appearance {
        material Material {
          diffuseColor 0.200 0.200 0.200
          specularColor 0.050 0.050 0.050
          shininess 0.15
        }
      }
      geometry IndexedFaceSet {
        creaseAngle 0.785398
        solid TRUE
        coord Coordinate { point [
          5.1794 9.0277 0.7000,
          3.6652 9.1277 0.7000,
          4.4723 8.3206 0.7000,
          4.3723 9.8348 0.7000,
          4.3791 9.8758 0.7000,
          4.3839 9.9170 0.7000,
          4.3868 9.9585 0.7000,
          3.5781 9.1156 0.7000,
          3.4903 9.1123 0.7000,
          3.5342 9.1129 0.7000,
          3.6218 9.1206 0.7000,
          4.3878 10.0000 0.7000,
          4.3867 10.0433 0.7000,
          3.4463 9.1138 0.7000,
          4.3836 10.0866 0.7000,
          4.3783 10.1296 0.7000,
          3.4025 9.1176 0.7000,
          3.3157 9.1315 0.7000,
          3.3589 9.1235 0.7000,
          4.3615 10.2146 0.7000,
          4.3500 10.2564 0.7000,
          4.3709 10.1723 0.7000,
          3.2307 9.1540 0.7000,
          3.2730 9.1417 0.7000,
          4.3364 10.2976 0.7000,
          3.1892 9.1684 0.7000,
          3.1085 9.2032 0.7000,
          3.1484 9.1848 0.7000,
          4.3209 10.3381 0.7000,
          4.2840 10.4165 0.7000,
          4.3034 10.3777 0.7000,
          4.2628 10.4543 0.7000,
          3.0316 9.2458 0.7000,
          3.0695 9.2236 0.7000,
          2.9948 9.2700 0.7000,
          4.2397 10.4910 0.7000,
          4.2148 10.5265 0.7000,
          2.9251 9.3235 0.7000,
          2.9593 9.2959 0.7000,
          4.1883 10.5608 0.7000,
          4.1601 10.5937 0.7000,
          2.8923 9.3528 0.7000,
          2.8610 9.3837 0.7000,
          4.1303 10.6252 0.7000,
          4.0664 10.6837 0.7000,
          4.0991 10.6552 0.7000,
          2.8032 9.4499 0.7000,
          2.8313 9.4161 0.7000,
          4.0323 10.7105 0.7000,
          2.7768 9.4851 0.7000,
          2.7294 9.5591 0.7000,
          2.7522 9.5215 0.7000,
          3.9970 10.7356 0.7000,
          3.8843 10.8003 0.7000,
          3.9605 10.7590 0.7000,
          3.9229 10.7806 0.7000,
          2.6896 9.6375 0.7000,
          2.7085 9.5978 0.7000,
          2.6577 9.7194 0.7000,
          2.6726 9.6780 0.7000,
          3.8044 10.8340 0.7000,
          3.7634 10.8478 0.7000,
          3.8448 10.8181 0.7000,
          2.6449 9.7614 0.7000,
          2.6341 9.8041 0.7000,
          3.7217 10.8597 0.7000,
          3.6368 10.8772 0.7000,
          3.6794 10.8695 0.7000,
          2.6190 9.8907 0.7000,
          2.6255 9.8472 0.7000,
          3.5938 10.8828 0.7000,
          2.6125 9.9783 0.7000,
          2.6146 9.9344 0.7000,
          3.5506 10.8864 0.7000,
          3.5073 10.8878 0.7000,
          2.6125 10.0223 0.7000,
          3.4639 10.8871 0.7000,
          2.6190 10.1100 0.7000,
          2.6147 10.0662 0.7000,
          2.6256 10.1534 0.7000,
          3.3348 10.8723 0.7000,
          3.4207 10.8842 0.7000,
          3.3776 10.8793 0.7000,
          1.8137 10.9653 0.7000,
          2.5277 11.6794 0.7000,
        ] }
        coordIndex [
          0 1 2 -1,
          0 3 1 -1,
          4 5 3 -1,
          5 6 3 -1,
          7 8 9 -1,
          10 8 7 -1,
          1 8 10 -1,
          11 12 6 -1,
          1 13 8 -1,
          12 14 6 -1,
          14 15 6 -1,
          16 17 18 -1,
          13 17 16 -1,
          19 20 21 -1,
          13 22 17 -1,
          17 22 23 -1,
          15 24 6 -1,
          20 24 21 -1,
          21 24 15 -1,
          6 24 3 -1,
          25 26 27 -1,
          22 26 25 -1,
          28 29 24 -1,
          30 29 28 -1,
          29 31 24 -1,
          26 32 33 -1,
          26 34 32 -1,
          35 36 31 -1,
          34 37 38 -1,
          39 40 36 -1,
          36 40 31 -1,
          22 41 26 -1,
          34 41 37 -1,
          26 41 34 -1,
          22 42 41 -1,
          43 44 40 -1,
          45 44 43 -1,
          42 46 47 -1,
          22 46 42 -1,
          31 48 24 -1,
          44 48 40 -1,
          40 48 31 -1,
          22 49 46 -1,
          49 50 51 -1,
          52 53 48 -1,
          54 53 52 -1,
          55 53 54 -1,
          50 56 57 -1,
          49 56 50 -1,
          56 58 59 -1,
          49 58 56 -1,
          60 61 62 -1,
          49 63 58 -1,
          49 64 63 -1,
          65 66 61 -1,
          67 66 65 -1,
          64 68 69 -1,
          61 70 62 -1,
          66 70 61 -1,
          62 70 53 -1,
          53 70 48 -1,
          68 71 72 -1,
          73 74 70 -1,
          64 75 68 -1,
          68 75 71 -1,
          74 76 70 -1,
          75 77 78 -1,
          49 77 64 -1,
          13 77 22 -1,
          64 77 75 -1,
          22 77 49 -1,
          1 79 13 -1,
          13 79 77 -1,
          3 79 1 -1,
          70 80 48 -1,
          76 80 70 -1,
          24 80 3 -1,
          3 80 79 -1,
          48 80 24 -1,
          81 80 76 -1,
          82 80 81 -1,
          80 83 79 -1,
          80 84 83 -1,
        ]
      }
    }
    Shape {
      appearance Appearance {
        material Material {
          diffuseColor 0.200 0.200 0.200
          specularColor 0.050 0.050 0.050
          shininess 0.15
        }
      }
      geometry IndexedFaceSet {
        creaseAngle 0.785398
        solid TRUE
        coord Coordinate { point [
          4.4723 8.3206 0.7000,
          4.4723 8.3206 7.5000,
          5.1794 9.0277 0.7000,
          5.1794 9.0277 7.5000,
        ] }
        coordIndex [
          0 1 2 -1,
          1 3 2 -1,
        ]
      }
    }
    Shape {
      appearance Appearance {
        material Material {
          diffuseColor 0.200 0.200 0.200
          specularColor 0.050 0.050 0.050
          shininess 0.15
        }
      }
      geometry IndexedFaceSet {
        creaseAngle 0.785398
        solid TRUE
        coord Coordinate { point [
          5.1794 9.0277 0.7000,
          4.3723 9.8348 7.5000,
          4.3723 9.8348 0.7000,
          5.1794 9.0277 7.5000,
        ] }
        coordIndex [
          0 1 2 -1,
          3 1 0 -1,
        ]
      }
    }
    Shape {
      appearance Appearance {
        material Material {
          diffuseColor 0.200 0.200 0.200
          specularColor 0.050 0.050 0.050
          shininess 0.15
        }
      }
      geometry IndexedFaceSet {
        creaseAngle 0.785398
        solid TRUE
        coord Coordinate { point [
          4.3723 9.8348 7.5000,
          4.3791 9.8758 7.5000,
          4.3723 9.8348 0.7000,
          4.3791 9.8758 0.7000,
          4.3839 9.9170 7.5000,
          4.3839 9.9170 0.7000,
          4.3868 9.9585 0.7000,
          4.3868 9.9585 7.5000,
          4.3878 10.0000 0.7000,
          4.3878 10.0000 7.5000,
        ] }
        coordIndex [
          0 1 2 -1,
          2 1 3 -1,
          3 4 5 -1,
          5 4 6 -1,
          1 4 3 -1,
          6 7 8 -1,
          4 7 6 -1,
          7 9 8 -1,
        ]
      }
    }
    Shape {
      appearance Appearance {
        material Material {
          diffuseColor 0.200 0.200 0.200
          specularColor 0.050 0.050 0.050
          shininess 0.15
        }
      }
      geometry IndexedFaceSet {
        creaseAngle 0.785398
        solid TRUE
        coord Coordinate { point [
          3.3348 10.8723 0.7000,
          2.5277 11.6794 7.5000,
          2.5277 11.6794 0.7000,
          3.3348 10.8723 7.5000,
        ] }
        coordIndex [
          0 1 2 -1,
          3 1 0 -1,
        ]
      }
    }
    Shape {
      appearance Appearance {
        material Material {
          diffuseColor 0.200 0.200 0.200
          specularColor 0.050 0.050 0.050
          shininess 0.15
        }
      }
      geometry IndexedFaceSet {
        creaseAngle 0.785398
        solid TRUE
        coord Coordinate { point [
          2.5277 11.6794 0.7000,
          1.8137 10.9653 7.5000,
          1.8137 10.9653 0.7000,
          2.5277 11.6794 7.5000,
        ] }
        coordIndex [
          0 1 2 -1,
          3 1 0 -1,
        ]
      }
    }
    Shape {
      appearance Appearance {
        material Material {
          diffuseColor 0.200 0.200 0.200
          specularColor 0.050 0.050 0.050
          shininess 0.15
        }
      }
      geometry IndexedFaceSet {
        creaseAngle 0.785398
        solid TRUE
        coord Coordinate { point [
          1.8137 10.9653 0.7000,
          1.8137 10.9653 7.5000,
          2.6256 10.1534 0.7000,
          2.6256 10.1534 7.5000,
        ] }
        coordIndex [
          0 1 2 -1,
          1 3 2 -1,
        ]
      }
    }
    Shape {
      appearance Appearance {
        material Material {
          diffuseColor 0.200 0.200 0.200
          specularColor 0.050 0.050 0.050
          shininess 0.15
        }
      }
      geometry IndexedFaceSet {
        creaseAngle 0.785398
        solid TRUE
        coord Coordinate { point [
          2.6256 10.1534 0.7000,
          2.6256 10.1534 7.5000,
          2.6190 10.1100 0.7000,
          2.6190 10.1100 7.5000,
          2.6147 10.0662 7.5000,
          2.6147 10.0662 0.7000,
          2.6125 10.0223 7.5000,
          2.6125 10.0223 0.7000,
          2.6125 9.9783 0.7000,
          2.6125 9.9783 7.5000,
          2.6146 9.9344 7.5000,
          2.6146 9.9344 0.7000,
          2.6190 9.8907 7.5000,
          2.6190 9.8907 0.7000,
          2.6255 9.8472 7.5000,
          2.6255 9.8472 0.7000,
          2.6341 9.8041 0.7000,
          2.6341 9.8041 7.5000,
          2.6449 9.7614 7.5000,
          2.6449 9.7614 0.7000,
          2.6577 9.7194 7.5000,
          2.6577 9.7194 0.7000,
          2.6726 9.6780 7.5000,
          2.6726 9.6780 0.7000,
          2.6896 9.6375 7.5000,
          2.6896 9.6375 0.7000,
          2.7085 9.5978 7.5000,
          2.7085 9.5978 0.7000,
          2.7294 9.5591 7.5000,
          2.7294 9.5591 0.7000,
          2.7522 9.5215 7.5000,
          2.7522 9.5215 0.7000,
          2.7768 9.4851 7.5000,
          2.7768 9.4851 0.7000,
          2.8032 9.4499 0.7000,
          2.8032 9.4499 7.5000,
          2.8313 9.4161 7.5000,
          2.8313 9.4161 0.7000,
          2.8610 9.3837 7.5000,
          2.8610 9.3837 0.7000,
          2.8923 9.3528 7.5000,
          2.8923 9.3528 0.7000,
          2.9251 9.3235 0.7000,
          2.9251 9.3235 7.5000,
          2.9593 9.2959 0.7000,
          2.9593 9.2959 7.5000,
          2.9948 9.2700 0.7000,
          2.9948 9.2700 7.5000,
          3.0316 9.2458 7.5000,
          3.0316 9.2458 0.7000,
          3.0695 9.2236 0.7000,
          3.0695 9.2236 7.5000,
          3.1085 9.2032 0.7000,
          3.1085 9.2032 7.5000,
          3.1484 9.1848 7.5000,
          3.1484 9.1848 0.7000,
          3.1892 9.1684 7.5000,
          3.1892 9.1684 0.7000,
          3.2307 9.1540 7.5000,
          3.2307 9.1540 0.7000,
          3.2730 9.1417 7.5000,
          3.2730 9.1417 0.7000,
          3.3157 9.1315 7.5000,
          3.3157 9.1315 0.7000,
          3.3589 9.1235 7.5000,
          3.3589 9.1235 0.7000,
          3.4025 9.1176 0.7000,
          3.4025 9.1176 7.5000,
          3.4463 9.1138 0.7000,
          3.4463 9.1138 7.5000,
          3.4903 9.1123 7.5000,
          3.4903 9.1123 0.7000,
          3.5342 9.1129 7.5000,
          3.5342 9.1129 0.7000,
          3.5781 9.1156 0.7000,
          3.5781 9.1156 7.5000,
          3.6218 9.1206 7.5000,
          3.6218 9.1206 0.7000,
          3.6652 9.1277 7.5000,
          3.6652 9.1277 0.7000,
        ] }
        coordIndex [
          0 1 2 -1,
          1 3 2 -1,
          2 4 5 -1,
          3 4 2 -1,
          5 6 7 -1,
          7 6 8 -1,
          4 6 5 -1,
          6 9 8 -1,
          9 10 8 -1,
          8 10 11 -1,
          11 12 13 -1,
          10 12 11 -1,
          13 14 15 -1,
          15 14 16 -1,
          12 14 13 -1,
          14 17 16 -1,
          16 18 19 -1,
          17 18 16 -1,
          19 20 21 -1,
          18 20 19 -1,
          21 22 23 -1,
          20 22 21 -1,
          23 24 25 -1,
          22 24 23 -1,
          25 26 27 -1,
          24 26 25 -1,
          27 28 29 -1,
          26 28 27 -1,
          29 30 31 -1,
          28 30 29 -1,
          31 32 33 -1,
          33 32 34 -1,
          30 32 31 -1,
          32 35 34 -1,
          34 36 37 -1,
          35 36 34 -1,
          37 38 39 -1,
          36 38 37 -1,
          39 40 41 -1,
          41 40 42 -1,
          38 40 39 -1,
          42 43 44 -1,
          40 43 42 -1,
          44 45 46 -1,
          43 45 44 -1,
          45 47 46 -1,
          46 48 49 -1,
          49 48 50 -1,
          47 48 46 -1,
          50 51 52 -1,
          48 51 50 -1,
          51 53 52 -1,
          52 54 55 -1,
          53 54 52 -1,
          55 56 57 -1,
          54 56 55 -1,
          57 58 59 -1,
          56 58 57 -1,
          58 60 59 -1,
          59 60 61 -1,
          60 62 61 -1,
          61 62 63 -1,
          62 64 63 -1,
          63 64 65 -1,
          65 64 66 -1,
          64 67 66 -1,
          66 67 68 -1,
          67 69 68 -1,
          69 70 68 -1,
          68 70 71 -1,
          70 72 71 -1,
          71 72 73 -1,
          73 72 74 -1,
          72 75 74 -1,
          75 76 74 -1,
          74 76 77 -1,
          77 78 79 -1,
          76 78 77 -1,
        ]
      }
    }
    Shape {
      appearance Appearance {
        material Material {
          diffuseColor 0.200 0.200 0.200
          specularColor 0.050 0.050 0.050
          shininess 0.15
        }
      }
      geometry IndexedFaceSet {
        creaseAngle 0.785398
        solid TRUE
        coord Coordinate { point [
          3.6652 9.1277 0.7000,
          3.6652 9.1277 7.5000,
          4.4723 8.3206 0.7000,
          4.4723 8.3206 7.5000,
        ] }
        coordIndex [
          0 1 2 -1,
          1 3 2 -1,
        ]
      }
    }
    Shape {
      appearance Appearance {
        material Material {
          diffuseColor 0.200 0.200 0.200
          specularColor 0.050 0.050 0.050
          shininess 0.15
        }
      }
      geometry IndexedFaceSet {
        creaseAngle 0.785398
        solid TRUE
        coord Coordinate { point [
          -2.8117 9.4392 0.7000,
          -2.7372 9.5457 0.7000,
          -2.8399 9.4063 0.7000,
          -2.7852 9.4735 0.7000,
          -2.7603 9.5090 0.7000,
          -3.0395 9.2410 0.7000,
          -3.1157 9.1997 0.7000,
          -3.0771 9.2194 0.7000,
          -3.0030 9.2644 0.7000,
          -2.9677 9.2895 0.7000,
          -2.6966 9.6223 0.7000,
          -2.6791 9.6619 0.7000,
          -2.7160 9.5835 0.7000,
          -3.1956 9.1660 0.7000,
          -3.1552 9.1819 0.7000,
          -2.9336 9.3163 0.7000,
          -2.9009 9.3448 0.7000,
          -2.6636 9.7024 0.7000,
          -2.8697 9.3748 0.7000,
          -3.2783 9.1403 0.7000,
          -3.2366 9.1522 0.7000,
          -2.6500 9.7436 0.7000,
          -2.6385 9.7854 0.7000,
          -3.3632 9.1228 0.7000,
          -3.3206 9.1305 0.7000,
          -2.6217 9.8704 0.7000,
          -2.6291 9.8277 0.7000,
          -2.6122 10.0000 0.7000,
          -2.6130 10.0385 0.7000,
          -2.6133 9.9567 0.7000,
          -2.6156 10.0770 0.7000,
          -2.6197 10.1153 0.7000,
          -2.6164 9.9134 0.7000,
          -3.6652 9.1277 0.7000,
          -3.5793 9.1158 0.7000,
          -3.6224 9.1207 0.7000,
          -3.5361 9.1129 0.7000,
          -3.4927 9.1122 0.7000,
          -3.4494 9.1136 0.7000,
          -3.4062 9.1172 0.7000,
          -1.8137 10.9653 0.7000,
          -3.3348 10.8723 0.7000,
          -2.6256 10.1534 0.7000,
          -2.5277 11.6794 0.7000,
          -4.3723 9.8348 0.7000,
          -5.1794 9.0277 0.7000,
          -4.4723 8.3206 0.7000,
          -3.4225 10.8844 0.7000,
          -3.4667 10.8872 0.7000,
          -3.3785 10.8794 0.7000,
          -4.3794 9.8785 0.7000,
          -4.3872 9.9667 0.7000,
          -4.3844 9.9225 0.7000,
          -4.3861 10.0552 0.7000,
          -4.3877 10.0110 0.7000,
          -3.5110 10.8877 0.7000,
          -3.5993 10.8822 0.7000,
          -3.5552 10.8861 0.7000,
          -4.3822 10.0993 0.7000,
          -3.6867 10.8679 0.7000,
          -3.7297 10.8576 0.7000,
          -3.6432 10.8762 0.7000,
          -4.3762 10.1432 0.7000,
          -4.3576 10.2297 0.7000,
          -4.3679 10.1867 0.7000,
          -3.7722 10.8450 0.7000,
          -3.8140 10.8304 0.7000,
          -3.8550 10.8137 0.7000,
          -4.3137 10.3550 0.7000,
          -4.3450 10.2722 0.7000,
          -4.3304 10.3140 0.7000,
          -3.8951 10.7950 0.7000,
          -3.9342 10.7743 0.7000,
          -4.2743 10.4342 0.7000,
          -4.2950 10.3951 0.7000,
          -3.9723 10.7517 0.7000,
          -4.0092 10.7273 0.7000,
          -4.2517 10.4723 0.7000,
          -4.2010 10.5448 0.7000,
          -4.2273 10.5092 0.7000,
          -4.0448 10.7010 0.7000,
          -4.0791 10.6729 0.7000,
          -4.1119 10.6432 0.7000,
          -4.1729 10.5791 0.7000,
          -4.1432 10.6119 0.7000,
        ] }
        coordIndex [
          0 1 2 -1,
          3 1 0 -1,
          4 1 3 -1,
          5 6 7 -1,
          8 6 5 -1,
          9 6 8 -1,
          10 11 12 -1,
          9 13 6 -1,
          6 13 14 -1,
          15 13 9 -1,
          16 13 15 -1,
          11 17 12 -1,
          18 17 16 -1,
          2 17 18 -1,
          12 17 1 -1,
          1 17 2 -1,
          13 19 20 -1,
          21 22 17 -1,
          19 23 24 -1,
          22 25 17 -1,
          26 25 22 -1,
          27 28 29 -1,
          28 30 29 -1,
          30 31 29 -1,
          32 31 25 -1,
          29 31 32 -1,
          17 33 16 -1,
          16 33 13 -1,
          13 33 19 -1,
          19 33 23 -1,
          25 33 17 -1,
          31 33 25 -1,
          34 33 35 -1,
          36 33 34 -1,
          37 33 36 -1,
          38 33 37 -1,
          39 33 38 -1,
          23 33 39 -1,
          40 41 42 -1,
          40 43 41 -1,
          44 45 33 -1,
          33 45 46 -1,
          47 48 49 -1,
          50 51 52 -1,
          51 53 54 -1,
          44 53 50 -1,
          50 53 51 -1,
          55 56 48 -1,
          57 56 55 -1,
          44 58 53 -1,
          59 60 61 -1,
          62 63 64 -1,
          49 65 41 -1,
          61 65 56 -1,
          56 65 48 -1,
          48 65 49 -1,
          60 65 61 -1,
          66 67 65 -1,
          44 68 58 -1,
          62 68 63 -1,
          69 68 70 -1,
          63 68 69 -1,
          58 68 62 -1,
          31 68 33 -1,
          42 68 31 -1,
          33 68 44 -1,
          71 72 67 -1,
          68 73 74 -1,
          75 76 72 -1,
          72 76 67 -1,
          77 78 79 -1,
          73 78 77 -1,
          68 78 73 -1,
          76 80 67 -1,
          81 82 80 -1,
          83 82 84 -1,
          78 82 83 -1,
          42 82 68 -1,
          68 82 78 -1,
          80 82 67 -1,
          41 82 42 -1,
          67 82 65 -1,
          65 82 41 -1,
        ]
      }
    }
    Shape {
      appearance Appearance {
        material Material {
          diffuseColor 0.200 0.200 0.200
          specularColor 0.050 0.050 0.050
          shininess 0.15
        }
      }
      geometry IndexedFaceSet {
        creaseAngle 0.785398
        solid TRUE
        coord Coordinate { point [
          -3.6652 9.1277 7.5000,
          -3.6224 9.1207 7.5000,
          -3.6652 9.1277 0.7000,
          -3.6224 9.1207 0.7000,
          -3.5793 9.1158 7.5000,
          -3.5793 9.1158 0.7000,
          -3.5361 9.1129 7.5000,
          -3.5361 9.1129 0.7000,
          -3.4927 9.1122 7.5000,
          -3.4927 9.1122 0.7000,
          -3.4494 9.1136 0.7000,
          -3.4494 9.1136 7.5000,
          -3.4062 9.1172 0.7000,
          -3.4062 9.1172 7.5000,
          -3.3632 9.1228 7.5000,
          -3.3632 9.1228 0.7000,
          -3.3206 9.1305 7.5000,
          -3.3206 9.1305 0.7000,
          -3.2783 9.1403 0.7000,
          -3.2783 9.1403 7.5000,
          -3.2366 9.1522 0.7000,
          -3.2366 9.1522 7.5000,
          -3.1956 9.1660 7.5000,
          -3.1956 9.1660 0.7000,
          -3.1552 9.1819 0.7000,
          -3.1552 9.1819 7.5000,
          -3.1157 9.1997 7.5000,
          -3.1157 9.1997 0.7000,
          -3.0771 9.2194 7.5000,
          -3.0771 9.2194 0.7000,
          -3.0395 9.2410 7.5000,
          -3.0395 9.2410 0.7000,
          -3.0030 9.2644 0.7000,
          -3.0030 9.2644 7.5000,
          -2.9677 9.2895 0.7000,
          -2.9677 9.2895 7.5000,
          -2.9336 9.3163 7.5000,
          -2.9336 9.3163 0.7000,
          -2.9009 9.3448 0.7000,
          -2.9009 9.3448 7.5000,
          -2.8697 9.3748 7.5000,
          -2.8697 9.3748 0.7000,
          -2.8399 9.4063 7.5000,
          -2.8399 9.4063 0.7000,
          -2.8117 9.4392 7.5000,
          -2.8117 9.4392 0.7000,
          -2.7852 9.4735 0.7000,
          -2.7852 9.4735 7.5000,
          -2.7603 9.5090 7.5000,
          -2.7603 9.5090 0.7000,
          -2.7372 9.5457 7.5000,
          -2.7372 9.5457 0.7000,
          -2.7160 9.5835 7.5000,
          -2.7160 9.5835 0.7000,
          -2.6966 9.6223 7.5000,
          -2.6966 9.6223 0.7000,
          -2.6791 9.6619 0.7000,
          -2.6791 9.6619 7.5000,
          -2.6636 9.7024 7.5000,
          -2.6636 9.7024 0.7000,
          -2.6500 9.7436 7.5000,
          -2.6500 9.7436 0.7000,
          -2.6385 9.7854 7.5000,
          -2.6385 9.7854 0.7000,
          -2.6291 9.8277 0.7000,
          -2.6291 9.8277 7.5000,
          -2.6217 9.8704 7.5000,
          -2.6217 9.8704 0.7000,
          -2.6164 9.9134 7.5000,
          -2.6164 9.9134 0.7000,
          -2.6133 9.9567 0.7000,
          -2.6133 9.9567 7.5000,
          -2.6122 10.0000 7.5000,
          -2.6122 10.0000 0.7000,
        ] }
        coordIndex [
          0 1 2 -1,
          2 1 3 -1,
          3 4 5 -1,
          1 4 3 -1,
          5 6 7 -1,
          4 6 5 -1,
          7 8 9 -1,
          9 8 10 -1,
          6 8 7 -1,
          10 11 12 -1,
          8 11 10 -1,
          11 13 12 -1,
          13 14 12 -1,
          12 14 15 -1,
          14 16 15 -1,
          15 16 17 -1,
          17 16 18 -1,
          16 19 18 -1,
          18 19 20 -1,
          19 21 20 -1,
          21 22 20 -1,
          20 22 23 -1,
          23 22 24 -1,
          22 25 24 -1,
          25 26 24 -1,
          24 26 27 -1,
          26 28 27 -1,
          27 28 29 -1,
          28 30 29 -1,
          29 30 31 -1,
          31 30 32 -1,
          30 33 32 -1,
          32 33 34 -1,
          33 35 34 -1,
          35 36 34 -1,
          34 36 37 -1,
          37 36 38 -1,
          36 39 38 -1,
          38 40 41 -1,
          39 40 38 -1,
          41 42 43 -1,
          40 42 41 -1,
          43 44 45 -1,
          45 44 46 -1,
          42 44 43 -1,
          44 47 46 -1,
          46 48 49 -1,
          47 48 46 -1,
          49 50 51 -1,
          48 50 49 -1,
          51 52 53 -1,
          50 52 51 -1,
          53 54 55 -1,
          55 54 56 -1,
          52 54 53 -1,
          54 57 56 -1,
          56 58 59 -1,
          57 58 56 -1,
          59 60 61 -1,
          58 60 59 -1,
          60 62 61 -1,
          61 62 63 -1,
          63 62 64 -1,
          62 65 64 -1,
          65 66 64 -1,
          64 66 67 -1,
          66 68 67 -1,
          67 68 69 -1,
          69 68 70 -1,
          68 71 70 -1,
          71 72 70 -1,
          70 72 73 -1,
        ]
      }
    }
    Shape {
      appearance Appearance {
        material Material {
          diffuseColor 0.200 0.200 0.200
          specularColor 0.050 0.050 0.050
          shininess 0.15
        }
      }
      geometry IndexedFaceSet {
        creaseAngle 0.785398
        solid TRUE
        coord Coordinate { point [
          -2.6256 10.1534 0.7000,
          -1.8137 10.9653 7.5000,
          -1.8137 10.9653 0.7000,
          -2.6256 10.1534 7.5000,
        ] }
        coordIndex [
          0 1 2 -1,
          3 1 0 -1,
        ]
      }
    }
    Shape {
      appearance Appearance {
        material Material {
          diffuseColor 0.200 0.200 0.200
          specularColor 0.050 0.050 0.050
          shininess 0.15
        }
      }
      geometry IndexedFaceSet {
        creaseAngle 0.785398
        solid TRUE
        coord Coordinate { point [
          -1.8137 10.9653 0.7000,
          -2.5277 11.6794 7.5000,
          -2.5277 11.6794 0.7000,
          -1.8137 10.9653 7.5000,
        ] }
        coordIndex [
          0 1 2 -1,
          3 1 0 -1,
        ]
      }
    }
    Shape {
      appearance Appearance {
        material Material {
          diffuseColor 0.200 0.200 0.200
          specularColor 0.050 0.050 0.050
          shininess 0.15
        }
      }
      geometry IndexedFaceSet {
        creaseAngle 0.785398
        solid TRUE
        coord Coordinate { point [
          -2.5277 11.6794 0.7000,
          -3.3348 10.8723 7.5000,
          -3.3348 10.8723 0.7000,
          -2.5277 11.6794 7.5000,
        ] }
        coordIndex [
          0 1 2 -1,
          3 1 0 -1,
        ]
      }
    }
    Shape {
      appearance Appearance {
        material Material {
          diffuseColor 0.200 0.200 0.200
          specularColor 0.050 0.050 0.050
          shininess 0.15
        }
      }
      geometry IndexedFaceSet {
        creaseAngle 0.785398
        solid TRUE
        coord Coordinate { point [
          -3.3348 10.8723 0.7000,
          -3.3348 10.8723 7.5000,
          -3.3785 10.8794 0.7000,
          -3.3785 10.8794 7.5000,
          -3.4225 10.8844 0.7000,
          -3.4225 10.8844 7.5000,
          -3.4667 10.8872 0.7000,
          -3.4667 10.8872 7.5000,
          -3.5110 10.8877 0.7000,
          -3.5110 10.8877 7.5000,
          -3.5552 10.8861 0.7000,
          -3.5552 10.8861 7.5000,
          -3.5993 10.8822 0.7000,
          -3.5993 10.8822 7.5000,
          -3.6432 10.8762 0.7000,
          -3.6432 10.8762 7.5000,
          -3.6867 10.8679 0.7000,
          -3.6867 10.8679 7.5000,
          -3.7297 10.8576 0.7000,
          -3.7297 10.8576 7.5000,
          -3.7722 10.8450 0.7000,
          -3.7722 10.8450 7.5000,
          -3.8140 10.8304 0.7000,
          -3.8140 10.8304 7.5000,
          -3.8550 10.8137 0.7000,
          -3.8550 10.8137 7.5000,
          -3.8951 10.7950 0.7000,
          -3.8951 10.7950 7.5000,
          -3.9342 10.7743 0.7000,
          -3.9342 10.7743 7.5000,
          -3.9723 10.7517 0.7000,
          -3.9723 10.7517 7.5000,
          -4.0092 10.7273 7.5000,
          -4.0092 10.7273 0.7000,
          -4.0448 10.7010 0.7000,
          -4.0448 10.7010 7.5000,
          -4.0791 10.6729 7.5000,
          -4.0791 10.6729 0.7000,
          -4.1119 10.6432 7.5000,
          -4.1119 10.6432 0.7000,
          -4.1432 10.6119 0.7000,
          -4.1432 10.6119 7.5000,
          -4.1729 10.5791 0.7000,
          -4.1729 10.5791 7.5000,
          -4.2010 10.5448 7.5000,
          -4.2010 10.5448 0.7000,
          -4.2273 10.5092 7.5000,
          -4.2273 10.5092 0.7000,
          -4.2517 10.4723 0.7000,
          -4.2517 10.4723 7.5000,
          -4.2743 10.4342 0.7000,
          -4.2743 10.4342 7.5000,
          -4.2950 10.3951 0.7000,
          -4.2950 10.3951 7.5000,
          -4.3137 10.3550 7.5000,
          -4.3137 10.3550 0.7000,
          -4.3304 10.3140 0.7000,
          -4.3304 10.3140 7.5000,
          -4.3450 10.2722 7.5000,
          -4.3450 10.2722 0.7000,
          -4.3576 10.2297 0.7000,
          -4.3576 10.2297 7.5000,
          -4.3679 10.1867 7.5000,
          -4.3679 10.1867 0.7000,
          -4.3762 10.1432 7.5000,
          -4.3762 10.1432 0.7000,
          -4.3822 10.0993 0.7000,
          -4.3822 10.0993 7.5000,
          -4.3861 10.0552 0.7000,
          -4.3861 10.0552 7.5000,
          -4.3877 10.0110 7.5000,
          -4.3877 10.0110 0.7000,
          -4.3872 9.9667 0.7000,
          -4.3872 9.9667 7.5000,
          -4.3844 9.9225 7.5000,
          -4.3844 9.9225 0.7000,
          -4.3794 9.8785 7.5000,
          -4.3794 9.8785 0.7000,
          -4.3723 9.8348 0.7000,
          -4.3723 9.8348 7.5000,
        ] }
        coordIndex [
          0 1 2 -1,
          2 3 4 -1,
          1 3 2 -1,
          4 5 6 -1,
          3 5 4 -1,
          6 7 8 -1,
          5 7 6 -1,
          7 9 8 -1,
          8 9 10 -1,
          9 11 10 -1,
          10 11 12 -1,
          12 13 14 -1,
          11 13 12 -1,
          13 15 14 -1,
          14 15 16 -1,
          16 17 18 -1,
          15 17 16 -1,
          18 19 20 -1,
          17 19 18 -1,
          20 21 22 -1,
          19 21 20 -1,
          22 23 24 -1,
          21 23 22 -1,
          24 25 26 -1,
          23 25 24 -1,
          26 27 28 -1,
          25 27 26 -1,
          28 29 30 -1,
          27 29 28 -1,
          29 31 30 -1,
          30 32 33 -1,
          33 32 34 -1,
          31 32 30 -1,
          32 35 34 -1,
          34 36 37 -1,
          35 36 34 -1,
          37 38 39 -1,
          39 38 40 -1,
          36 38 37 -1,
          40 41 42 -1,
          38 41 40 -1,
          41 43 42 -1,
          42 44 45 -1,
          43 44 42 -1,
          45 46 47 -1,
          47 46 48 -1,
          44 46 45 -1,
          48 49 50 -1,
          46 49 48 -1,
          50 51 52 -1,
          49 51 50 -1,
          51 53 52 -1,
          52 54 55 -1,
          55 54 56 -1,
          53 54 52 -1,
          54 57 56 -1,
          57 58 56 -1,
          56 58 59 -1,
          59 58 60 -1,
          58 61 60 -1,
          60 62 63 -1,
          61 62 60 -1,
          62 64 63 -1,
          63 64 65 -1,
          65 64 66 -1,
          64 67 66 -1,
          66 67 68 -1,
          67 69 68 -1,
          69 70 68 -1,
          68 70 71 -1,
          71 70 72 -1,
          70 73 72 -1,
          73 74 72 -1,
          72 74 75 -1,
          74 76 75 -1,
          75 76 77 -1,
          77 76 78 -1,
          76 79 78 -1,
        ]
      }
    }
    Shape {
      appearance Appearance {
        material Material {
          diffuseColor 0.200 0.200 0.200
          specularColor 0.050 0.050 0.050
          shininess 0.15
        }
      }
      geometry IndexedFaceSet {
        creaseAngle 0.785398
        solid TRUE
        coord Coordinate { point [
          -4.3723 9.8348 0.7000,
          -5.1794 9.0277 7.5000,
          -5.1794 9.0277 0.7000,
          -4.3723 9.8348 7.5000,
        ] }
        coordIndex [
          0 1 2 -1,
          3 1 0 -1,
        ]
      }
    }
    Shape {
      appearance Appearance {
        material Material {
          diffuseColor 0.200 0.200 0.200
          specularColor 0.050 0.050 0.050
          shininess 0.15
        }
      }
      geometry IndexedFaceSet {
        creaseAngle 0.785398
        solid TRUE
        coord Coordinate { point [
          -5.1794 9.0277 0.7000,
          -4.4723 8.3206 7.5000,
          -4.4723 8.3206 0.7000,
          -5.1794 9.0277 7.5000,
        ] }
        coordIndex [
          0 1 2 -1,
          3 1 0 -1,
        ]
      }
    }
    Shape {
      appearance Appearance {
        material Material {
          diffuseColor 0.200 0.200 0.200
          specularColor 0.050 0.050 0.050
          shininess 0.15
        }
      }
      geometry IndexedFaceSet {
        creaseAngle 0.785398
        solid TRUE
        coord Coordinate { point [
          -4.4723 8.3206 0.7000,
          -3.6652 9.1277 7.5000,
          -3.6652 9.1277 0.7000,
          -4.4723 8.3206 7.5000,
        ] }
        coordIndex [
          0 1 2 -1,
          3 1 0 -1,
        ]
      }
    }
    Shape {
      appearance Appearance {
        material Material {
          diffuseColor 0.200 0.200 0.200
          specularColor 0.050 0.050 0.050
          shininess 0.15
        }
      }
      geometry IndexedFaceSet {
        creaseAngle 0.785398
        solid TRUE
        coord Coordinate { point [
          0.8000 19.5000 7.3000,
          0.8625 19.5849 7.3667,
          0.7990 19.5399 7.3000,
          0.7960 19.5797 7.3000,
          0.7911 19.6192 7.3000,
          0.8500 19.6691 7.3667,
          0.7841 19.6585 7.3000,
          0.7753 19.6974 7.3000,
          0.9888 19.6490 7.5000,
          0.9288 19.5915 7.4333,
          0.9950 19.5996 7.5000,
          0.9988 19.5498 7.5000,
          1.0000 19.5000 7.5000,
          0.8293 19.7516 7.3667,
          0.7645 19.7358 7.3000,
          0.7518 19.7736 7.3000,
          0.9154 19.6821 7.4333,
          0.9691 19.7468 7.5000,
          0.9802 19.6981 7.5000,
          0.8007 19.8317 7.3667,
          0.7372 19.8107 7.3000,
          0.7208 19.8471 7.3000,
          0.8931 19.7709 7.4333,
          0.9397 19.8420 7.5000,
          0.9556 19.7948 7.5000,
          0.7643 19.9085 7.3667,
          0.7026 19.8826 7.3000,
          0.6826 19.9171 7.3000,
          0.8623 19.8572 7.4333,
          0.9010 19.9339 7.5000,
          0.9215 19.8884 7.5000,
          0.7206 19.9815 7.3667,
          0.6610 19.9507 7.3000,
          0.6377 19.9830 7.3000,
          0.8231 19.9400 7.4333,
          0.8533 20.0214 7.5000,
          0.8782 19.9783 7.5000,
          0.6699 20.0498 7.3667,
          0.6128 20.0142 7.3000,
          0.5864 20.0441 7.3000,
          0.7760 20.0185 7.4333,
          0.7971 20.1038 7.5000,
          0.8262 20.0633 7.5000,
          0.6128 20.1128 7.3667,
          0.5586 20.0727 7.3000,
          0.5293 20.0998 7.3000,
          0.7215 20.0921 7.4333,
          0.7331 20.1802 7.5000,
          0.7660 20.1428 7.5000,
          0.5498 20.1699 7.3667,
          0.4988 20.1255 7.3000,
          0.4670 20.1496 7.3000,
          0.6600 20.1600 7.4333,
          0.6617 20.2498 7.5000,
          0.6982 20.2159 7.5000,
          0.4815 20.2206 7.3667,
          0.4340 20.1720 7.3000,
          0.4000 20.1928 7.3000,
          0.5921 20.2215 7.4333,
          0.5837 20.3119 7.5000,
          0.6235 20.2818 7.5000,
          0.4085 20.2643 7.3667,
          0.3650 20.2119 7.3000,
          0.3290 20.2292 7.3000,
          0.5185 20.2760 7.4333,
          0.5000 20.3660 7.5000,
          0.5425 20.3400 7.5000,
          0.3317 20.3007 7.3667,
          0.2923 20.2447 7.3000,
          0.2548 20.2583 7.3000,
          0.4113 20.4115 7.5000,
          0.4400 20.3231 7.4333,
          0.4562 20.3899 7.5000,
          0.2516 20.3293 7.3667,
          0.2167 20.2701 7.3000,
          0.1780 20.2799 7.3000,
          0.3572 20.3623 7.4333,
          0.3185 20.4479 7.5000,
          0.3653 20.4309 7.5000,
          0.1691 20.3500 7.3667,
          0.1389 20.2878 7.3000,
          0.0995 20.2938 7.3000,
          0.2709 20.3931 7.4333,
          0.2225 20.4749 7.5000,
          0.2708 20.4626 7.5000,
          0.0849 20.3625 7.3667,
          0.0598 20.2978 7.3000,
          0.0199 20.2998 7.3000,
          0.1821 20.4154 7.4333,
          0.1243 20.4922 7.5000,
          0.1736 20.4848 7.5000,
          -0.0000 20.3667 7.3667,
          -0.0199 20.2998 7.3000,
          0.0249 20.4997 7.5000,
          0.0915 20.4288 7.4333,
          0.0747 20.4972 7.5000,
          -0.0849 20.3625 7.3667,
          -0.0598 20.2978 7.3000,
          -0.0995 20.2938 7.3000,
          -0.0000 20.4333 7.4333,
          -0.0249 20.4997 7.5000,
          -0.1691 20.3500 7.3667,
          -0.1389 20.2878 7.3000,
          -0.1780 20.2799 7.3000,
          -0.0915 20.4288 7.4333,
          -0.1243 20.4922 7.5000,
          -0.0747 20.4972 7.5000,
          -0.2516 20.3293 7.3667,
          -0.2167 20.2701 7.3000,
          -0.2548 20.2583 7.3000,
          -0.1821 20.4154 7.4333,
          -0.2225 20.4749 7.5000,
          -0.1736 20.4848 7.5000,
          -0.3317 20.3007 7.3667,
          -0.2923 20.2447 7.3000,
          -0.3290 20.2292 7.3000,
          -0.2709 20.3931 7.4333,
          -0.3185 20.4479 7.5000,
          -0.2708 20.4626 7.5000,
          -0.4085 20.2643 7.3667,
          -0.3650 20.2119 7.3000,
          -0.4000 20.1928 7.3000,
          -0.4113 20.4115 7.5000,
          -0.3572 20.3623 7.4333,
          -0.3653 20.4309 7.5000,
          -0.4815 20.2206 7.3667,
          -0.4340 20.1720 7.3000,
          -0.4670 20.1496 7.3000,
          -0.4400 20.3231 7.4333,
          -0.5000 20.3660 7.5000,
          -0.4562 20.3899 7.5000,
          -0.5498 20.1699 7.3667,
          -0.4988 20.1255 7.3000,
          -0.5293 20.0998 7.3000,
          -0.5837 20.3119 7.5000,
          -0.5185 20.2760 7.4333,
          -0.5425 20.3400 7.5000,
          -0.6128 20.1128 7.3667,
          -0.5586 20.0727 7.3000,
          -0.5864 20.0441 7.3000,
          -0.6617 20.2498 7.5000,
          -0.5921 20.2215 7.4333,
          -0.6235 20.2818 7.5000,
          -0.6699 20.0498 7.3667,
          -0.6128 20.0142 7.3000,
          -0.6377 19.9830 7.3000,
          -0.7331 20.1802 7.5000,
          -0.6600 20.1600 7.4333,
          -0.6982 20.2159 7.5000,
          -0.7206 19.9815 7.3667,
          -0.6610 19.9507 7.3000,
          -0.6826 19.9171 7.3000,
          -0.7971 20.1038 7.5000,
          -0.7215 20.0921 7.4333,
          -0.7660 20.1428 7.5000,
          -0.7643 19.9085 7.3667,
          -0.7026 19.8826 7.3000,
          -0.7208 19.8471 7.3000,
          -0.8533 20.0214 7.5000,
          -0.7760 20.0185 7.4333,
          -0.8262 20.0633 7.5000,
          -0.8007 19.8317 7.3667,
          -0.7372 19.8107 7.3000,
          -0.7518 19.7736 7.3000,
          -0.8231 19.9400 7.4333,
          -0.9010 19.9339 7.5000,
          -0.8782 19.9783 7.5000,
          -0.8293 19.7516 7.3667,
          -0.7645 19.7358 7.3000,
          -0.7753 19.6974 7.3000,
          -0.9397 19.8420 7.5000,
          -0.8623 19.8572 7.4333,
          -0.9215 19.8884 7.5000,
          -0.8500 19.6691 7.3667,
          -0.7841 19.6585 7.3000,
          -0.7911 19.6192 7.3000,
          -0.8931 19.7709 7.4333,
          -0.9691 19.7468 7.5000,
          -0.9556 19.7948 7.5000,
          -0.8625 19.5849 7.3667,
          -0.7960 19.5797 7.3000,
          -0.7990 19.5399 7.3000,
          -0.8000 19.5000 7.3000,
          -1.0000 19.5000 7.5000,
          -0.9888 19.6490 7.5000,
          -0.9154 19.6821 7.4333,
          -0.9802 19.6981 7.5000,
          -0.9288 19.5915 7.4333,
          -0.9988 19.5498 7.5000,
          -0.9950 19.5996 7.5000,
        ] }
        coordIndex [
          0 1 2 -1,
          2 1 3 -1,
          3 1 4 -1,
          1 5 4 -1,
          4 5 6 -1,
          6 5 7 -1,
          8 9 10 -1,
          10 9 11 -1,
          11 9 12 -1,
          12 9 0 -1,
          0 9 1 -1,
          5 13 7 -1,
          7 13 14 -1,
          14 13 15 -1,
          1 16 5 -1,
          17 16 18 -1,
          18 16 8 -1,
          8 16 9 -1,
          9 16 1 -1,
          13 19 15 -1,
          15 19 20 -1,
          20 19 21 -1,
          17 22 16 -1,
          16 22 5 -1,
          23 22 24 -1,
          24 22 17 -1,
          5 22 13 -1,
          19 25 21 -1,
          21 25 26 -1,
          26 25 27 -1,
          23 28 22 -1,
          22 28 13 -1,
          29 28 30 -1,
          30 28 23 -1,
          13 28 19 -1,
          27 31 32 -1,
          25 31 27 -1,
          32 31 33 -1,
          29 34 28 -1,
          28 34 19 -1,
          35 34 36 -1,
          36 34 29 -1,
          19 34 25 -1,
          31 37 33 -1,
          33 37 38 -1,
          38 37 39 -1,
          25 40 31 -1,
          41 40 42 -1,
          42 40 35 -1,
          34 40 25 -1,
          35 40 34 -1,
          37 43 39 -1,
          39 43 44 -1,
          44 43 45 -1,
          31 46 37 -1,
          40 46 31 -1,
          47 46 48 -1,
          48 46 41 -1,
          41 46 40 -1,
          43 49 45 -1,
          45 49 50 -1,
          50 49 51 -1,
          37 52 43 -1,
          53 52 54 -1,
          47 52 46 -1,
          54 52 47 -1,
          46 52 37 -1,
          49 55 51 -1,
          51 55 56 -1,
          56 55 57 -1,
          53 58 52 -1,
          59 58 60 -1,
          60 58 53 -1,
          52 58 43 -1,
          43 58 49 -1,
          55 61 57 -1,
          57 61 62 -1,
          62 61 63 -1,
          49 64 55 -1,
          59 64 58 -1,
          65 64 66 -1,
          66 64 59 -1,
          58 64 49 -1,
          61 67 63 -1,
          63 67 68 -1,
          68 67 69 -1,
          70 71 72 -1,
          72 71 65 -1,
          65 71 64 -1,
          55 71 61 -1,
          64 71 55 -1,
          67 73 69 -1,
          69 73 74 -1,
          74 73 75 -1,
          70 76 71 -1,
          71 76 61 -1,
          77 76 78 -1,
          78 76 70 -1,
          61 76 67 -1,
          73 79 75 -1,
          75 79 80 -1,
          80 79 81 -1,
          76 82 67 -1,
          83 82 84 -1,
          84 82 77 -1,
          77 82 76 -1,
          67 82 73 -1,
          79 85 81 -1,
          81 85 86 -1,
          86 85 87 -1,
          73 88 79 -1,
          82 88 73 -1,
          89 88 90 -1,
          90 88 83 -1,
          83 88 82 -1,
          85 91 87 -1,
          87 91 92 -1,
          93 94 95 -1,
          95 94 89 -1,
          79 94 85 -1,
          89 94 88 -1,
          88 94 79 -1,
          85 94 91 -1,
          91 96 92 -1,
          92 96 97 -1,
          97 96 98 -1,
          91 99 96 -1,
          100 99 93 -1,
          93 99 94 -1,
          94 99 91 -1,
          96 101 98 -1,
          98 101 102 -1,
          102 101 103 -1,
          99 104 96 -1,
          105 104 106 -1,
          106 104 100 -1,
          100 104 99 -1,
          103 107 108 -1,
          108 107 109 -1,
          101 107 103 -1,
          104 110 96 -1,
          111 110 112 -1,
          112 110 105 -1,
          96 110 101 -1,
          105 110 104 -1,
          109 113 114 -1,
          114 113 115 -1,
          107 113 109 -1,
          110 116 101 -1,
          111 116 110 -1,
          117 116 118 -1,
          118 116 111 -1,
          101 116 107 -1,
          115 119 120 -1,
          120 119 121 -1,
          113 119 115 -1,
          122 123 124 -1,
          124 123 117 -1,
          107 123 113 -1,
          116 123 107 -1,
          117 123 116 -1,
          121 125 126 -1,
          126 125 127 -1,
          119 125 121 -1,
          122 128 123 -1,
          129 128 130 -1,
          130 128 122 -1,
          113 128 119 -1,
          123 128 113 -1,
          127 131 132 -1,
          132 131 133 -1,
          125 131 127 -1,
          134 135 136 -1,
          136 135 129 -1,
          128 135 119 -1,
          119 135 125 -1,
          129 135 128 -1,
          133 137 138 -1,
          138 137 139 -1,
          131 137 133 -1,
          140 141 142 -1,
          142 141 134 -1,
          125 141 131 -1,
          135 141 125 -1,
          134 141 135 -1,
          139 143 144 -1,
          144 143 145 -1,
          137 143 139 -1,
          146 147 148 -1,
          148 147 140 -1,
          140 147 141 -1,
          131 147 137 -1,
          141 147 131 -1,
          145 149 150 -1,
          150 149 151 -1,
          143 149 145 -1,
          152 153 154 -1,
          154 153 146 -1,
          146 153 147 -1,
          137 153 143 -1,
          147 153 137 -1,
          143 153 149 -1,
          151 155 156 -1,
          156 155 157 -1,
          149 155 151 -1,
          158 159 160 -1,
          160 159 152 -1,
          153 159 149 -1,
          152 159 153 -1,
          157 161 162 -1,
          162 161 163 -1,
          155 161 157 -1,
          149 164 155 -1,
          165 164 166 -1,
          166 164 158 -1,
          159 164 149 -1,
          158 164 159 -1,
          161 167 163 -1,
          163 167 168 -1,
          168 167 169 -1,
          170 171 172 -1,
          172 171 165 -1,
          155 171 161 -1,
          165 171 164 -1,
          164 171 155 -1,
          167 173 169 -1,
          169 173 174 -1,
          174 173 175 -1,
          161 176 167 -1,
          177 176 178 -1,
          178 176 170 -1,
          170 176 171 -1,
          171 176 161 -1,
          173 179 175 -1,
          175 179 180 -1,
          180 179 181 -1,
          181 179 182 -1,
          182 179 183 -1,
          184 185 186 -1,
          186 185 177 -1,
          176 185 167 -1,
          173 185 179 -1,
          167 185 173 -1,
          177 185 176 -1,
          183 187 188 -1,
          188 187 189 -1,
          189 187 184 -1,
          184 187 185 -1,
          185 187 179 -1,
          179 187 183 -1,
        ]
      }
    }
    Shape {
      appearance Appearance {
        material Material {
          diffuseColor 0.200 0.200 0.200
          specularColor 0.050 0.050 0.050
          shininess 0.15
        }
      }
      geometry IndexedFaceSet {
        creaseAngle 0.785398
        solid TRUE
        coord Coordinate { point [
          9.4099 5.9851 7.3000,
          9.4724 6.0701 7.3667,
          9.4089 6.0250 7.3000,
          9.4059 6.0648 7.3000,
          9.4010 6.1044 7.3000,
          9.4599 6.1542 7.3667,
          9.3941 6.1436 7.3000,
          9.3852 6.1825 7.3000,
          9.5988 6.1342 7.5000,
          9.5388 6.0766 7.4333,
          9.6050 6.0847 7.5000,
          9.6087 6.0350 7.5000,
          9.6099 5.9851 7.5000,
          9.4393 6.2367 7.3667,
          9.3744 6.2209 7.3000,
          9.3617 6.2587 7.3000,
          9.5253 6.1672 7.4333,
          9.5790 6.2319 7.5000,
          9.5901 6.1833 7.5000,
          9.4106 6.3168 7.3667,
          9.3471 6.2959 7.3000,
          9.3307 6.3322 7.3000,
          9.5031 6.2561 7.4333,
          9.5496 6.3271 7.5000,
          9.5655 6.2799 7.5000,
          9.3743 6.3937 7.3667,
          9.3125 6.3677 7.3000,
          9.2926 6.4023 7.3000,
          9.4722 6.3423 7.4333,
          9.5109 6.4190 7.5000,
          9.5314 6.3736 7.5000,
          9.3305 6.4666 7.3667,
          9.2709 6.4358 7.3000,
          9.2476 6.4682 7.3000,
          9.4331 6.4251 7.4333,
          9.4632 6.5066 7.5000,
          9.4881 6.4634 7.5000,
          9.2799 6.5349 7.3667,
          9.2228 6.4994 7.3000,
          9.1964 6.5293 7.3000,
          9.3860 6.5037 7.4333,
          9.4071 6.5889 7.5000,
          9.4362 6.5484 7.5000,
          9.2227 6.5980 7.3667,
          9.1685 6.5578 7.3000,
          9.1393 6.5850 7.3000,
          9.3314 6.5772 7.4333,
          9.3430 6.6653 7.5000,
          9.3760 6.6279 7.5000,
          9.1597 6.6551 7.3667,
          9.1087 6.6106 7.3000,
          9.0769 6.6347 7.3000,
          9.2699 6.6451 7.4333,
          9.2716 6.7349 7.5000,
          9.3082 6.7010 7.5000,
          9.0914 6.7057 7.3667,
          9.0440 6.6571 7.3000,
          9.0099 6.6779 7.3000,
          9.2020 6.7066 7.4333,
          9.1937 6.7971 7.5000,
          9.2334 6.7670 7.5000,
          9.0185 6.7495 7.3667,
          8.9749 6.6970 7.3000,
          8.9390 6.7143 7.3000,
          9.1285 6.7612 7.4333,
          9.1099 6.8512 7.5000,
          9.1525 6.8252 7.5000,
          8.9416 6.7858 7.3667,
          8.9022 6.7298 7.3000,
          8.8647 6.7435 7.3000,
          9.0212 6.8966 7.5000,
          9.0499 6.8083 7.4333,
          9.0661 6.8750 7.5000,
          8.8615 6.8145 7.3667,
          8.8266 6.7552 7.3000,
          8.7879 6.7651 7.3000,
          8.9671 6.8474 7.4333,
          8.9284 6.9331 7.5000,
          8.9753 6.9160 7.5000,
          8.7790 6.8351 7.3667,
          8.7488 6.7730 7.3000,
          8.7094 6.7789 7.3000,
          8.8809 6.8783 7.4333,
          8.8324 6.9601 7.5000,
          8.8808 6.9478 7.5000,
          8.6949 6.8476 7.3667,
          8.6697 6.7829 7.3000,
          8.6299 6.7849 7.3000,
          8.7920 6.9005 7.4333,
          8.7343 6.9774 7.5000,
          8.7836 6.9699 7.5000,
          8.6099 6.8518 7.3667,
          8.5900 6.7849 7.3000,
          8.6349 6.9848 7.5000,
          8.7014 6.9140 7.4333,
          8.6847 6.9823 7.5000,
          8.5250 6.8476 7.3667,
          8.5501 6.7829 7.3000,
          8.5104 6.7789 7.3000,
          8.5850 6.9848 7.5000,
          8.6099 6.9185 7.4333,
          8.4408 6.8351 7.3667,
          8.4710 6.7730 7.3000,
          8.4319 6.7651 7.3000,
          8.5184 6.9140 7.4333,
          8.4856 6.9774 7.5000,
          8.5352 6.9823 7.5000,
          8.3583 6.8145 7.3667,
          8.3933 6.7552 7.3000,
          8.3551 6.7435 7.3000,
          8.4278 6.9005 7.4333,
          8.3874 6.9601 7.5000,
          8.4363 6.9699 7.5000,
          8.2783 6.7858 7.3667,
          8.3177 6.7298 7.3000,
          8.2809 6.7143 7.3000,
          8.2914 6.9331 7.5000,
          8.3390 6.8783 7.4333,
          8.3391 6.9478 7.5000,
          8.2014 6.7495 7.3667,
          8.2450 6.6970 7.3000,
          8.2099 6.6779 7.3000,
          8.1986 6.8966 7.5000,
          8.2528 6.8474 7.4333,
          8.2446 6.9160 7.5000,
          8.1284 6.7057 7.3667,
          8.1759 6.6571 7.3000,
          8.1429 6.6347 7.3000,
          8.1700 6.8083 7.4333,
          8.1099 6.8512 7.5000,
          8.1537 6.8750 7.5000,
          8.0601 6.6551 7.3667,
          8.1111 6.6106 7.3000,
          8.0806 6.5850 7.3000,
          8.0262 6.7971 7.5000,
          8.0914 6.7612 7.4333,
          8.0674 6.8252 7.5000,
          7.9971 6.5980 7.3667,
          8.0513 6.5578 7.3000,
          8.0235 6.5293 7.3000,
          7.9482 6.7349 7.5000,
          8.0178 6.7066 7.4333,
          7.9864 6.7670 7.5000,
          7.9400 6.5349 7.3667,
          7.9971 6.4994 7.3000,
          7.9722 6.4682 7.3000,
          7.8769 6.6653 7.5000,
          7.9500 6.6451 7.4333,
          7.9117 6.7010 7.5000,
          7.8893 6.4666 7.3667,
          7.9489 6.4358 7.3000,
          7.9273 6.4023 7.3000,
          7.8128 6.5889 7.5000,
          7.8884 6.5772 7.4333,
          7.8439 6.6279 7.5000,
          7.8456 6.3937 7.3667,
          7.9073 6.3677 7.3000,
          7.8891 6.3322 7.3000,
          7.7566 6.5066 7.5000,
          7.8339 6.5037 7.4333,
          7.7837 6.5484 7.5000,
          7.8092 6.3168 7.3667,
          7.8727 6.2959 7.3000,
          7.8582 6.2587 7.3000,
          7.7868 6.4251 7.4333,
          7.7090 6.4190 7.5000,
          7.7317 6.4634 7.5000,
          7.7806 6.2367 7.3667,
          7.8455 6.2209 7.3000,
          7.8347 6.1825 7.3000,
          7.7476 6.3423 7.4333,
          7.6702 6.3271 7.5000,
          7.6884 6.3736 7.5000,
          7.7599 6.1542 7.3667,
          7.8258 6.1436 7.3000,
          7.8189 6.1044 7.3000,
          7.6408 6.2319 7.5000,
          7.7168 6.2561 7.4333,
          7.6544 6.2799 7.5000,
          7.7474 6.0701 7.3667,
          7.8139 6.0648 7.3000,
          7.8109 6.0250 7.3000,
          7.8099 5.9851 7.3000,
          7.6211 6.1342 7.5000,
          7.6945 6.1672 7.4333,
          7.6298 6.1833 7.5000,
          7.6099 5.9851 7.5000,
          7.6811 6.0766 7.4333,
          7.6112 6.0350 7.5000,
          7.6149 6.0847 7.5000,
        ] }
        coordIndex [
          0 1 2 -1,
          2 1 3 -1,
          3 1 4 -1,
          1 5 4 -1,
          4 5 6 -1,
          6 5 7 -1,
          8 9 10 -1,
          10 9 11 -1,
          11 9 12 -1,
          12 9 0 -1,
          0 9 1 -1,
          5 13 7 -1,
          7 13 14 -1,
          14 13 15 -1,
          1 16 5 -1,
          17 16 18 -1,
          18 16 8 -1,
          8 16 9 -1,
          9 16 1 -1,
          13 19 15 -1,
          15 19 20 -1,
          20 19 21 -1,
          17 22 16 -1,
          16 22 5 -1,
          23 22 24 -1,
          24 22 17 -1,
          5 22 13 -1,
          19 25 21 -1,
          21 25 26 -1,
          26 25 27 -1,
          23 28 22 -1,
          22 28 13 -1,
          29 28 30 -1,
          30 28 23 -1,
          13 28 19 -1,
          27 31 32 -1,
          25 31 27 -1,
          32 31 33 -1,
          29 34 28 -1,
          28 34 19 -1,
          35 34 36 -1,
          36 34 29 -1,
          19 34 25 -1,
          31 37 33 -1,
          33 37 38 -1,
          38 37 39 -1,
          25 40 31 -1,
          41 40 42 -1,
          42 40 35 -1,
          34 40 25 -1,
          35 40 34 -1,
          37 43 39 -1,
          39 43 44 -1,
          44 43 45 -1,
          31 46 37 -1,
          40 46 31 -1,
          47 46 48 -1,
          48 46 41 -1,
          41 46 40 -1,
          43 49 45 -1,
          45 49 50 -1,
          50 49 51 -1,
          37 52 43 -1,
          53 52 54 -1,
          47 52 46 -1,
          54 52 47 -1,
          46 52 37 -1,
          49 55 51 -1,
          51 55 56 -1,
          56 55 57 -1,
          53 58 52 -1,
          59 58 60 -1,
          60 58 53 -1,
          52 58 43 -1,
          43 58 49 -1,
          55 61 57 -1,
          57 61 62 -1,
          62 61 63 -1,
          49 64 55 -1,
          59 64 58 -1,
          65 64 66 -1,
          66 64 59 -1,
          58 64 49 -1,
          61 67 63 -1,
          63 67 68 -1,
          68 67 69 -1,
          70 71 72 -1,
          72 71 65 -1,
          65 71 64 -1,
          55 71 61 -1,
          64 71 55 -1,
          67 73 69 -1,
          69 73 74 -1,
          74 73 75 -1,
          70 76 71 -1,
          71 76 61 -1,
          77 76 78 -1,
          78 76 70 -1,
          61 76 67 -1,
          73 79 75 -1,
          75 79 80 -1,
          80 79 81 -1,
          76 82 67 -1,
          83 82 84 -1,
          84 82 77 -1,
          67 82 73 -1,
          77 82 76 -1,
          79 85 81 -1,
          81 85 86 -1,
          86 85 87 -1,
          73 88 79 -1,
          82 88 73 -1,
          89 88 90 -1,
          90 88 83 -1,
          83 88 82 -1,
          85 91 87 -1,
          87 91 92 -1,
          93 94 95 -1,
          95 94 89 -1,
          79 94 85 -1,
          89 94 88 -1,
          88 94 79 -1,
          91 96 92 -1,
          92 96 97 -1,
          97 96 98 -1,
          99 100 93 -1,
          94 100 85 -1,
          93 100 94 -1,
          85 100 91 -1,
          96 101 98 -1,
          98 101 102 -1,
          102 101 103 -1,
          91 104 96 -1,
          105 104 106 -1,
          106 104 99 -1,
          100 104 91 -1,
          99 104 100 -1,
          96 104 101 -1,
          103 107 108 -1,
          108 107 109 -1,
          101 107 103 -1,
          104 110 101 -1,
          111 110 112 -1,
          112 110 105 -1,
          105 110 104 -1,
          109 113 114 -1,
          114 113 115 -1,
          107 113 109 -1,
          116 117 118 -1,
          110 117 101 -1,
          118 117 111 -1,
          107 117 113 -1,
          111 117 110 -1,
          101 117 107 -1,
          115 119 120 -1,
          120 119 121 -1,
          113 119 115 -1,
          122 123 124 -1,
          124 123 116 -1,
          117 123 113 -1,
          116 123 117 -1,
          121 125 126 -1,
          126 125 127 -1,
          119 125 121 -1,
          122 128 123 -1,
          129 128 130 -1,
          130 128 122 -1,
          123 128 113 -1,
          113 128 119 -1,
          127 131 132 -1,
          132 131 133 -1,
          125 131 127 -1,
          134 135 136 -1,
          136 135 129 -1,
          128 135 119 -1,
          129 135 128 -1,
          119 135 125 -1,
          133 137 138 -1,
          138 137 139 -1,
          131 137 133 -1,
          140 141 142 -1,
          142 141 134 -1,
          134 141 135 -1,
          125 141 131 -1,
          135 141 125 -1,
          131 141 137 -1,
          139 143 144 -1,
          144 143 145 -1,
          137 143 139 -1,
          146 147 148 -1,
          148 147 140 -1,
          140 147 141 -1,
          141 147 137 -1,
          145 149 150 -1,
          150 149 151 -1,
          143 149 145 -1,
          152 153 154 -1,
          154 153 146 -1,
          146 153 147 -1,
          137 153 143 -1,
          147 153 137 -1,
          143 153 149 -1,
          149 155 151 -1,
          151 155 156 -1,
          156 155 157 -1,
          158 159 160 -1,
          160 159 152 -1,
          153 159 149 -1,
          152 159 153 -1,
          155 161 157 -1,
          157 161 162 -1,
          162 161 163 -1,
          159 164 149 -1,
          165 164 166 -1,
          166 164 158 -1,
          158 164 159 -1,
          149 164 155 -1,
          161 167 163 -1,
          163 167 168 -1,
          168 167 169 -1,
          155 170 161 -1,
          171 170 172 -1,
          172 170 165 -1,
          165 170 164 -1,
          164 170 155 -1,
          167 173 169 -1,
          169 173 174 -1,
          174 173 175 -1,
          176 177 178 -1,
          178 177 171 -1,
          171 177 170 -1,
          170 177 161 -1,
          161 177 167 -1,
          173 179 175 -1,
          175 179 180 -1,
          180 179 181 -1,
          181 179 182 -1,
          183 184 185 -1,
          185 184 176 -1,
          173 184 179 -1,
          177 184 167 -1,
          176 184 177 -1,
          167 184 173 -1,
          186 187 188 -1,
          188 187 189 -1,
          189 187 183 -1,
          183 187 184 -1,
          182 187 186 -1,
          179 187 182 -1,
          184 187 179 -1,
        ]
      }
    }
    Shape {
      appearance Appearance {
        material Material {
          diffuseColor 0.200 0.200 0.200
          specularColor 0.050 0.050 0.050
          shininess 0.15
        }
      }
      geometry IndexedFaceSet {
        creaseAngle 0.785398
        solid TRUE
        coord Coordinate { point [
          -7.8099 5.9851 7.3000,
          -7.7474 6.0701 7.3667,
          -7.8109 6.0250 7.3000,
          -7.8139 6.0648 7.3000,
          -7.8189 6.1044 7.3000,
          -7.7599 6.1542 7.3667,
          -7.8258 6.1436 7.3000,
          -7.8347 6.1825 7.3000,
          -7.6211 6.1342 7.5000,
          -7.6811 6.0766 7.4333,
          -7.6149 6.0847 7.5000,
          -7.6112 6.0350 7.5000,
          -7.6099 5.9851 7.5000,
          -7.7806 6.2367 7.3667,
          -7.8455 6.2209 7.3000,
          -7.8582 6.2587 7.3000,
          -7.6945 6.1672 7.4333,
          -7.6408 6.2319 7.5000,
          -7.6298 6.1833 7.5000,
          -7.8092 6.3168 7.3667,
          -7.8727 6.2959 7.3000,
          -7.8891 6.3322 7.3000,
          -7.7168 6.2561 7.4333,
          -7.6702 6.3271 7.5000,
          -7.6544 6.2799 7.5000,
          -7.8456 6.3937 7.3667,
          -7.9073 6.3677 7.3000,
          -7.9273 6.4023 7.3000,
          -7.7476 6.3423 7.4333,
          -7.7090 6.4190 7.5000,
          -7.6884 6.3736 7.5000,
          -7.8893 6.4666 7.3667,
          -7.9489 6.4358 7.3000,
          -7.9722 6.4682 7.3000,
          -7.7868 6.4251 7.4333,
          -7.7566 6.5066 7.5000,
          -7.7317 6.4634 7.5000,
          -7.9400 6.5349 7.3667,
          -7.9971 6.4994 7.3000,
          -8.0235 6.5293 7.3000,
          -7.8339 6.5037 7.4333,
          -7.8128 6.5889 7.5000,
          -7.7837 6.5484 7.5000,
          -7.9971 6.5980 7.3667,
          -8.0513 6.5578 7.3000,
          -8.0806 6.5850 7.3000,
          -7.8884 6.5772 7.4333,
          -7.8769 6.6653 7.5000,
          -7.8439 6.6279 7.5000,
          -8.0601 6.6551 7.3667,
          -8.1111 6.6106 7.3000,
          -8.1429 6.6347 7.3000,
          -7.9500 6.6451 7.4333,
          -7.9482 6.7349 7.5000,
          -7.9117 6.7010 7.5000,
          -8.1284 6.7057 7.3667,
          -8.1759 6.6571 7.3000,
          -8.2099 6.6779 7.3000,
          -8.0178 6.7066 7.4333,
          -8.0262 6.7971 7.5000,
          -7.9864 6.7670 7.5000,
          -8.2014 6.7495 7.3667,
          -8.2450 6.6970 7.3000,
          -8.2809 6.7143 7.3000,
          -8.0914 6.7612 7.4333,
          -8.1099 6.8512 7.5000,
          -8.0674 6.8252 7.5000,
          -8.2783 6.7858 7.3667,
          -8.3177 6.7298 7.3000,
          -8.3551 6.7435 7.3000,
          -8.1986 6.8966 7.5000,
          -8.1700 6.8083 7.4333,
          -8.1537 6.8750 7.5000,
          -8.3583 6.8145 7.3667,
          -8.3933 6.7552 7.3000,
          -8.4319 6.7651 7.3000,
          -8.2528 6.8474 7.4333,
          -8.2914 6.9331 7.5000,
          -8.2446 6.9160 7.5000,
          -8.4408 6.8351 7.3667,
          -8.4710 6.7730 7.3000,
          -8.5104 6.7789 7.3000,
          -8.3390 6.8783 7.4333,
          -8.3874 6.9601 7.5000,
          -8.3391 6.9478 7.5000,
          -8.5250 6.8476 7.3667,
          -8.5501 6.7829 7.3000,
          -8.5900 6.7849 7.3000,
          -8.4278 6.9005 7.4333,
          -8.4856 6.9774 7.5000,
          -8.4363 6.9699 7.5000,
          -8.6099 6.8518 7.3667,
          -8.6299 6.7849 7.3000,
          -8.5850 6.9848 7.5000,
          -8.5184 6.9140 7.4333,
          -8.5352 6.9823 7.5000,
          -8.6949 6.8476 7.3667,
          -8.6697 6.7829 7.3000,
          -8.7094 6.7789 7.3000,
          -8.6099 6.9185 7.4333,
          -8.6349 6.9848 7.5000,
          -8.7790 6.8351 7.3667,
          -8.7488 6.7730 7.3000,
          -8.7879 6.7651 7.3000,
          -8.7014 6.9140 7.4333,
          -8.7343 6.9774 7.5000,
          -8.6847 6.9823 7.5000,
          -8.8615 6.8145 7.3667,
          -8.8266 6.7552 7.3000,
          -8.8647 6.7435 7.3000,
          -8.8324 6.9601 7.5000,
          -8.7920 6.9005 7.4333,
          -8.7836 6.9699 7.5000,
          -8.9416 6.7858 7.3667,
          -8.9022 6.7298 7.3000,
          -8.9390 6.7143 7.3000,
          -8.8809 6.8783 7.4333,
          -8.9284 6.9331 7.5000,
          -8.8808 6.9478 7.5000,
          -9.0185 6.7495 7.3667,
          -8.9749 6.6970 7.3000,
          -9.0099 6.6779 7.3000,
          -9.0212 6.8966 7.5000,
          -8.9671 6.8474 7.4333,
          -8.9753 6.9160 7.5000,
          -9.0914 6.7057 7.3667,
          -9.0440 6.6571 7.3000,
          -9.0769 6.6347 7.3000,
          -9.0499 6.8083 7.4333,
          -9.1099 6.8512 7.5000,
          -9.0661 6.8750 7.5000,
          -9.1597 6.6551 7.3667,
          -9.1087 6.6106 7.3000,
          -9.1393 6.5850 7.3000,
          -9.1937 6.7971 7.5000,
          -9.1285 6.7612 7.4333,
          -9.1525 6.8252 7.5000,
          -9.2227 6.5980 7.3667,
          -9.1685 6.5578 7.3000,
          -9.1964 6.5293 7.3000,
          -9.2716 6.7349 7.5000,
          -9.2020 6.7066 7.4333,
          -9.2334 6.7670 7.5000,
          -9.2799 6.5349 7.3667,
          -9.2228 6.4994 7.3000,
          -9.2476 6.4682 7.3000,
          -9.3430 6.6653 7.5000,
          -9.2699 6.6451 7.4333,
          -9.3082 6.7010 7.5000,
          -9.3305 6.4666 7.3667,
          -9.2709 6.4358 7.3000,
          -9.2926 6.4023 7.3000,
          -9.4071 6.5889 7.5000,
          -9.3314 6.5772 7.4333,
          -9.3760 6.6279 7.5000,
          -9.3743 6.3937 7.3667,
          -9.3125 6.3677 7.3000,
          -9.3307 6.3322 7.3000,
          -9.3860 6.5037 7.4333,
          -9.4632 6.5066 7.5000,
          -9.4362 6.5484 7.5000,
          -9.4106 6.3168 7.3667,
          -9.3471 6.2959 7.3000,
          -9.3617 6.2587 7.3000,
          -9.4331 6.4251 7.4333,
          -9.5109 6.4190 7.5000,
          -9.4881 6.4634 7.5000,
          -9.4393 6.2367 7.3667,
          -9.3744 6.2209 7.3000,
          -9.3852 6.1825 7.3000,
          -9.5496 6.3271 7.5000,
          -9.4722 6.3423 7.4333,
          -9.5314 6.3736 7.5000,
          -9.4599 6.1542 7.3667,
          -9.3941 6.1436 7.3000,
          -9.4010 6.1044 7.3000,
          -9.5790 6.2319 7.5000,
          -9.5031 6.2561 7.4333,
          -9.5655 6.2799 7.5000,
          -9.4724 6.0701 7.3667,
          -9.4059 6.0648 7.3000,
          -9.4089 6.0250 7.3000,
          -9.4099 5.9851 7.3000,
          -9.5988 6.1342 7.5000,
          -9.5253 6.1672 7.4333,
          -9.5901 6.1833 7.5000,
          -9.6099 5.9851 7.5000,
          -9.5388 6.0766 7.4333,
          -9.6087 6.0350 7.5000,
          -9.6050 6.0847 7.5000,
        ] }
        coordIndex [
          0 1 2 -1,
          2 1 3 -1,
          3 1 4 -1,
          1 5 4 -1,
          4 5 6 -1,
          6 5 7 -1,
          8 9 10 -1,
          10 9 11 -1,
          11 9 12 -1,
          12 9 0 -1,
          0 9 1 -1,
          5 13 7 -1,
          7 13 14 -1,
          14 13 15 -1,
          1 16 5 -1,
          17 16 18 -1,
          18 16 8 -1,
          8 16 9 -1,
          9 16 1 -1,
          13 19 15 -1,
          15 19 20 -1,
          20 19 21 -1,
          17 22 16 -1,
          16 22 5 -1,
          23 22 24 -1,
          24 22 17 -1,
          5 22 13 -1,
          19 25 21 -1,
          21 25 26 -1,
          26 25 27 -1,
          23 28 22 -1,
          22 28 13 -1,
          29 28 30 -1,
          30 28 23 -1,
          13 28 19 -1,
          27 31 32 -1,
          25 31 27 -1,
          32 31 33 -1,
          29 34 28 -1,
          28 34 19 -1,
          35 34 36 -1,
          36 34 29 -1,
          19 34 25 -1,
          31 37 33 -1,
          33 37 38 -1,
          38 37 39 -1,
          25 40 31 -1,
          41 40 42 -1,
          42 40 35 -1,
          34 40 25 -1,
          35 40 34 -1,
          37 43 39 -1,
          39 43 44 -1,
          44 43 45 -1,
          31 46 37 -1,
          40 46 31 -1,
          47 46 48 -1,
          48 46 41 -1,
          41 46 40 -1,
          43 49 45 -1,
          45 49 50 -1,
          50 49 51 -1,
          37 52 43 -1,
          53 52 54 -1,
          47 52 46 -1,
          54 52 47 -1,
          46 52 37 -1,
          49 55 51 -1,
          51 55 56 -1,
          56 55 57 -1,
          53 58 52 -1,
          59 58 60 -1,
          60 58 53 -1,
          52 58 43 -1,
          43 58 49 -1,
          55 61 57 -1,
          57 61 62 -1,
          62 61 63 -1,
          49 64 55 -1,
          59 64 58 -1,
          65 64 66 -1,
          66 64 59 -1,
          58 64 49 -1,
          61 67 63 -1,
          63 67 68 -1,
          68 67 69 -1,
          70 71 72 -1,
          72 71 65 -1,
          65 71 64 -1,
          55 71 61 -1,
          64 71 55 -1,
          67 73 69 -1,
          69 73 74 -1,
          74 73 75 -1,
          70 76 71 -1,
          71 76 61 -1,
          77 76 78 -1,
          78 76 70 -1,
          61 76 67 -1,
          73 79 75 -1,
          75 79 80 -1,
          80 79 81 -1,
          76 82 67 -1,
          77 82 76 -1,
          83 82 84 -1,
          84 82 77 -1,
          67 82 73 -1,
          79 85 81 -1,
          81 85 86 -1,
          86 85 87 -1,
          73 88 79 -1,
          82 88 73 -1,
          89 88 90 -1,
          90 88 83 -1,
          79 88 85 -1,
          83 88 82 -1,
          85 91 87 -1,
          87 91 92 -1,
          93 94 95 -1,
          95 94 89 -1,
          88 94 85 -1,
          89 94 88 -1,
          91 96 92 -1,
          92 96 97 -1,
          97 96 98 -1,
          91 99 96 -1,
          100 99 93 -1,
          94 99 85 -1,
          93 99 94 -1,
          85 99 91 -1,
          96 101 98 -1,
          98 101 102 -1,
          102 101 103 -1,
          100 104 99 -1,
          99 104 96 -1,
          105 104 106 -1,
          106 104 100 -1,
          96 104 101 -1,
          103 107 108 -1,
          108 107 109 -1,
          101 107 103 -1,
          110 111 112 -1,
          104 111 101 -1,
          112 111 105 -1,
          105 111 104 -1,
          109 113 114 -1,
          114 113 115 -1,
          107 113 109 -1,
          110 116 111 -1,
          117 116 118 -1,
          118 116 110 -1,
          111 116 101 -1,
          101 116 107 -1,
          115 119 120 -1,
          120 119 121 -1,
          113 119 115 -1,
          122 123 124 -1,
          124 123 117 -1,
          107 123 113 -1,
          116 123 107 -1,
          117 123 116 -1,
          121 125 126 -1,
          126 125 127 -1,
          119 125 121 -1,
          113 128 119 -1,
          129 128 130 -1,
          130 128 122 -1,
          123 128 113 -1,
          122 128 123 -1,
          127 131 132 -1,
          132 131 133 -1,
          125 131 127 -1,
          134 135 136 -1,
          136 135 129 -1,
          128 135 119 -1,
          129 135 128 -1,
          119 135 125 -1,
          133 137 138 -1,
          138 137 139 -1,
          131 137 133 -1,
          140 141 142 -1,
          142 141 134 -1,
          135 141 125 -1,
          134 141 135 -1,
          125 141 131 -1,
          131 141 137 -1,
          137 143 139 -1,
          139 143 144 -1,
          144 143 145 -1,
          146 147 148 -1,
          148 147 140 -1,
          140 147 141 -1,
          141 147 137 -1,
          145 149 150 -1,
          150 149 151 -1,
          143 149 145 -1,
          152 153 154 -1,
          154 153 146 -1,
          137 153 143 -1,
          146 153 147 -1,
          147 153 137 -1,
          143 153 149 -1,
          151 155 156 -1,
          156 155 157 -1,
          149 155 151 -1,
          153 158 149 -1,
          159 158 160 -1,
          160 158 152 -1,
          152 158 153 -1,
          157 161 162 -1,
          162 161 163 -1,
          155 161 157 -1,
          149 164 155 -1,
          159 164 158 -1,
          165 164 166 -1,
          166 164 159 -1,
          155 164 161 -1,
          158 164 149 -1,
          161 167 163 -1,
          163 167 168 -1,
          168 167 169 -1,
          170 171 172 -1,
          172 171 165 -1,
          165 171 164 -1,
          164 171 161 -1,
          167 173 169 -1,
          169 173 174 -1,
          174 173 175 -1,
          176 177 178 -1,
          178 177 170 -1,
          161 177 167 -1,
          171 177 161 -1,
          170 177 171 -1,
          173 179 175 -1,
          175 179 180 -1,
          180 179 181 -1,
          181 179 182 -1,
          183 184 185 -1,
          185 184 176 -1,
          167 184 173 -1,
          177 184 167 -1,
          176 184 177 -1,
          186 187 188 -1,
          188 187 189 -1,
          189 187 183 -1,
          183 187 184 -1,
          182 187 186 -1,
          179 187 182 -1,
          184 187 173 -1,
          173 187 179 -1,
        ]
      }
    }
    Shape {
      appearance Appearance {
        material Material {
          diffuseColor 0.200 0.200 0.200
          specularColor 0.050 0.050 0.050
          shininess 0.15
        }
      }
      geometry IndexedFaceSet {
        creaseAngle 0.785398
        solid TRUE
        coord Coordinate { point [
          8.4710 5.1973 1.5000,
          8.3933 5.2150 1.5000,
          8.4319 5.2052 1.5000,
          8.7094 5.1913 1.5000,
          8.6299 5.1854 1.5000,
          8.6697 5.1874 1.5000,
          8.7879 5.2052 1.5000,
          8.7488 5.1973 1.5000,
          7.8347 6.1825 1.5000,
          7.8258 6.1436 1.5000,
          7.8189 6.1044 1.5000,
          8.9022 5.2404 1.5000,
          8.8266 5.2150 1.5000,
          8.8647 5.2268 1.5000,
          9.0099 5.2923 1.5000,
          8.9390 5.2559 1.5000,
          8.9749 5.2732 1.5000,
          7.9273 6.4023 1.5000,
          7.9073 6.3677 1.5000,
          7.8891 6.3322 1.5000,
          7.8727 6.2959 1.5000,
          7.8582 6.2587 1.5000,
          7.8455 6.2209 1.5000,
          9.1087 5.3597 1.5000,
          9.0440 5.3131 1.5000,
          9.0769 5.3356 1.5000,
          7.9971 6.4994 1.5000,
          7.9722 6.4682 1.5000,
          7.9489 6.4358 1.5000,
          9.1685 5.4124 1.5000,
          9.1393 5.3853 1.5000,
          9.2228 5.4709 1.5000,
          9.1964 5.4410 1.5000,
          9.2476 5.5021 1.5000,
          8.1429 6.6347 1.5000,
          8.1111 6.6106 1.5000,
          8.0806 6.5850 1.5000,
          8.0513 6.5578 1.5000,
          8.2099 6.6779 1.5000,
          8.1759 6.6571 1.5000,
          9.3125 5.6025 1.5000,
          9.2709 5.5345 1.5000,
          9.2926 5.5680 1.5000,
          9.3307 5.6380 1.5000,
          8.2809 6.7143 1.5000,
          8.2450 6.6970 1.5000,
          8.3177 6.7298 1.5000,
          8.3933 6.7552 1.5000,
          8.3551 6.7435 1.5000,
          9.3941 5.8266 1.5000,
          9.3471 5.6744 1.5000,
          9.3617 5.7115 1.5000,
          9.3744 5.7493 1.5000,
          9.3852 5.7877 1.5000,
          9.4010 5.8659 1.5000,
          9.4099 5.9851 1.5000,
          9.4059 5.9055 1.5000,
          9.4089 5.9452 1.5000,
          9.4089 6.0250 1.5000,
          8.7488 6.7730 1.5000,
          8.7094 6.7789 1.5000,
          8.6697 6.7829 1.5000,
          9.3941 6.1436 1.5000,
          9.4059 6.0648 1.5000,
          9.4010 6.1044 1.5000,
          9.3852 6.1825 1.5000,
          9.3744 6.2209 1.5000,
          8.8647 6.7435 1.5000,
          8.8266 6.7552 1.5000,
          8.7879 6.7651 1.5000,
          8.6299 6.7849 1.5000,
          9.0099 6.6779 1.5000,
          8.9749 6.6970 1.5000,
          8.9390 6.7143 1.5000,
          8.9022 6.7298 1.5000,
          9.0440 6.6571 1.5000,
          9.2709 6.4358 1.5000,
          9.3617 6.2587 1.5000,
          9.3471 6.2959 1.5000,
          9.3307 6.3322 1.5000,
          9.3125 6.3677 1.5000,
          9.2926 6.4023 1.5000,
          9.2228 6.4994 1.5000,
          9.2476 6.4682 1.5000,
          9.1393 6.5850 1.5000,
          9.1087 6.6106 1.5000,
          9.0769 6.6347 1.5000,
          9.1685 6.5578 1.5000,
          9.1964 6.5293 1.5000,
          8.5900 6.7849 1.5000,
          8.5501 6.7829 1.5000,
          8.5104 6.7789 1.5000,
          8.4710 6.7730 1.5000,
          8.4319 6.7651 1.5000,
          8.0235 6.5293 1.5000,
          7.8139 6.0648 1.5000,
          7.8109 6.0250 1.5000,
          7.8099 5.9851 1.5000,
          7.8109 5.9452 1.5000,
          7.8139 5.9055 1.5000,
          7.8189 5.8659 1.5000,
          7.8258 5.8266 1.5000,
          7.8347 5.7877 1.5000,
          7.8455 5.7493 1.5000,
          7.8582 5.7115 1.5000,
          7.8727 5.6744 1.5000,
          7.8891 5.6380 1.5000,
          7.9073 5.6025 1.5000,
          7.9273 5.5680 1.5000,
          7.9489 5.5345 1.5000,
          7.9722 5.5021 1.5000,
          7.9971 5.4709 1.5000,
          8.0235 5.4410 1.5000,
          8.0513 5.4124 1.5000,
          8.0806 5.3853 1.5000,
          8.1111 5.3597 1.5000,
          8.1429 5.3356 1.5000,
          8.1759 5.3131 1.5000,
          8.2099 5.2923 1.5000,
          8.2450 5.2732 1.5000,
          8.2809 5.2559 1.5000,
          8.3177 5.2404 1.5000,
          8.3551 5.2268 1.5000,
          8.5104 5.1913 1.5000,
          8.5501 5.1874 1.5000,
          8.5900 5.1854 1.5000,
        ] }
        coordIndex [
          0 1 2 -1,
          3 4 5 -1,
          6 3 7 -1,
          8 9 10 -1,
          11 12 13 -1,
          14 11 15 -1,
          14 15 16 -1,
          14 12 11 -1,
          14 6 12 -1,
          17 18 19 -1,
          17 19 20 -1,
          17 20 21 -1,
          17 21 22 -1,
          17 22 8 -1,
          23 14 24 -1,
          23 24 25 -1,
          26 27 28 -1,
          26 28 17 -1,
          29 23 30 -1,
          29 14 23 -1,
          31 29 32 -1,
          33 29 31 -1,
          34 35 36 -1,
          34 36 37 -1,
          38 39 34 -1,
          40 33 41 -1,
          40 41 42 -1,
          43 33 40 -1,
          44 45 38 -1,
          46 44 38 -1,
          47 48 46 -1,
          47 46 38 -1,
          49 50 51 -1,
          49 51 52 -1,
          49 52 53 -1,
          54 43 50 -1,
          54 33 43 -1,
          54 29 33 -1,
          54 50 49 -1,
          55 54 56 -1,
          55 56 57 -1,
          58 54 55 -1,
          59 60 61 -1,
          62 63 64 -1,
          65 58 63 -1,
          65 63 62 -1,
          66 58 65 -1,
          67 68 69 -1,
          67 69 59 -1,
          67 61 70 -1,
          67 59 61 -1,
          71 72 73 -1,
          71 73 74 -1,
          71 74 67 -1,
          75 71 67 -1,
          76 66 77 -1,
          76 77 78 -1,
          76 78 79 -1,
          76 79 80 -1,
          76 80 81 -1,
          76 58 66 -1,
          82 76 83 -1,
          84 85 86 -1,
          84 86 75 -1,
          87 58 76 -1,
          87 4 3 -1,
          87 17 8 -1,
          87 67 70 -1,
          87 75 67 -1,
          87 82 88 -1,
          87 14 29 -1,
          87 54 58 -1,
          87 26 17 -1,
          87 47 38 -1,
          87 70 89 -1,
          87 89 90 -1,
          87 6 14 -1,
          87 90 91 -1,
          87 91 92 -1,
          87 92 93 -1,
          87 93 47 -1,
          87 37 94 -1,
          87 94 26 -1,
          87 8 10 -1,
          87 10 95 -1,
          87 95 96 -1,
          87 96 97 -1,
          87 97 98 -1,
          87 38 34 -1,
          87 98 99 -1,
          87 99 100 -1,
          87 100 101 -1,
          87 84 75 -1,
          87 101 102 -1,
          87 76 82 -1,
          87 102 103 -1,
          87 103 104 -1,
          87 104 105 -1,
          87 105 106 -1,
          87 106 107 -1,
          87 107 108 -1,
          87 108 109 -1,
          87 109 110 -1,
          87 110 111 -1,
          87 111 112 -1,
          87 1 0 -1,
          87 112 113 -1,
          87 29 54 -1,
          87 113 114 -1,
          87 114 115 -1,
          87 115 116 -1,
          87 116 117 -1,
          87 117 118 -1,
          87 118 119 -1,
          87 119 120 -1,
          87 120 121 -1,
          87 121 122 -1,
          87 122 1 -1,
          87 0 123 -1,
          87 123 124 -1,
          87 34 37 -1,
          87 124 125 -1,
          87 125 4 -1,
          87 3 6 -1,
        ]
      }
    }
    Shape {
      appearance Appearance {
        material Material {
          diffuseColor 0.200 0.200 0.200
          specularColor 0.050 0.050 0.050
          shininess 0.15
        }
      }
      geometry IndexedFaceSet {
        creaseAngle 0.785398
        solid TRUE
        coord Coordinate { point [
          -8.9390 5.2559 1.5000,
          -9.0099 5.2923 1.5000,
          -8.9749 5.2732 1.5000,
          -8.8266 5.2150 1.5000,
          -8.9022 5.2404 1.5000,
          -8.8647 5.2268 1.5000,
          -8.7094 5.1913 1.5000,
          -8.7879 5.2052 1.5000,
          -8.7488 5.1973 1.5000,
          -8.5104 5.1913 1.5000,
          -8.5900 5.1854 1.5000,
          -8.5501 5.1874 1.5000,
          -9.3852 6.1825 1.5000,
          -9.3941 6.1436 1.5000,
          -9.4010 6.1044 1.5000,
          -8.2809 5.2559 1.5000,
          -8.3933 5.2150 1.5000,
          -8.3551 5.2268 1.5000,
          -8.3177 5.2404 1.5000,
          -8.2099 5.2923 1.5000,
          -8.2450 5.2732 1.5000,
          -9.2926 6.4023 1.5000,
          -9.3125 6.3677 1.5000,
          -9.3307 6.3322 1.5000,
          -9.3471 6.2959 1.5000,
          -8.1759 5.3131 1.5000,
          -8.1429 5.3356 1.5000,
          -8.4319 5.2052 1.5000,
          -9.2228 6.4994 1.5000,
          -9.2476 6.4682 1.5000,
          -9.2709 6.4358 1.5000,
          -8.0806 5.3853 1.5000,
          -8.1111 5.3597 1.5000,
          -7.9971 5.4709 1.5000,
          -8.0513 5.4124 1.5000,
          -8.0235 5.4410 1.5000,
          -9.1087 6.6106 1.5000,
          -9.1393 6.5850 1.5000,
          -9.1685 6.5578 1.5000,
          -9.1964 6.5293 1.5000,
          -7.9722 5.5021 1.5000,
          -9.0769 6.6347 1.5000,
          -7.9489 5.5345 1.5000,
          -7.9273 5.5680 1.5000,
          -8.9749 6.6970 1.5000,
          -9.0099 6.6779 1.5000,
          -9.0440 6.6571 1.5000,
          -7.8727 5.6744 1.5000,
          -7.9073 5.6025 1.5000,
          -7.8891 5.6380 1.5000,
          -9.2709 5.5345 1.5000,
          -9.2476 5.5021 1.5000,
          -9.2228 5.4709 1.5000,
          -9.1964 5.4410 1.5000,
          -9.1685 5.4124 1.5000,
          -9.1393 5.3853 1.5000,
          -9.1087 5.3597 1.5000,
          -9.0769 5.3356 1.5000,
          -9.0440 5.3131 1.5000,
          -8.6697 5.1874 1.5000,
          -8.6299 5.1854 1.5000,
          -8.4710 5.1973 1.5000,
          -8.9022 6.7298 1.5000,
          -8.9390 6.7143 1.5000,
          -8.8647 6.7435 1.5000,
          -7.8455 5.7493 1.5000,
          -7.8582 5.7115 1.5000,
          -8.8266 6.7552 1.5000,
          -8.7879 6.7651 1.5000,
          -9.3617 6.2587 1.5000,
          -9.3744 6.2209 1.5000,
          -7.8189 5.8659 1.5000,
          -7.8347 5.7877 1.5000,
          -7.8258 5.8266 1.5000,
          -8.7094 6.7789 1.5000,
          -8.7488 6.7730 1.5000,
          -7.8109 5.9452 1.5000,
          -7.8139 5.9055 1.5000,
          -7.8099 5.9851 1.5000,
          -7.8189 6.1044 1.5000,
          -7.8109 6.0250 1.5000,
          -7.8139 6.0648 1.5000,
          -8.4710 6.7730 1.5000,
          -8.5104 6.7789 1.5000,
          -8.5501 6.7829 1.5000,
          -7.8258 6.1436 1.5000,
          -7.8347 6.1825 1.5000,
          -8.3933 6.7552 1.5000,
          -8.4319 6.7651 1.5000,
          -8.3551 6.7435 1.5000,
          -8.5900 6.7849 1.5000,
          -8.2809 6.7143 1.5000,
          -8.3177 6.7298 1.5000,
          -7.8891 6.3322 1.5000,
          -7.8582 6.2587 1.5000,
          -7.8727 6.2959 1.5000,
          -8.2450 6.6970 1.5000,
          -8.6299 6.7849 1.5000,
          -7.9273 6.4023 1.5000,
          -7.9073 6.3677 1.5000,
          -8.1429 6.6347 1.5000,
          -8.1759 6.6571 1.5000,
          -8.2099 6.6779 1.5000,
          -7.9722 6.4682 1.5000,
          -7.8455 6.2209 1.5000,
          -7.9489 6.4358 1.5000,
          -8.0513 6.5578 1.5000,
          -7.9971 6.4994 1.5000,
          -8.0235 6.5293 1.5000,
          -8.0806 6.5850 1.5000,
          -8.1111 6.6106 1.5000,
          -8.6697 6.7829 1.5000,
          -9.4059 6.0648 1.5000,
          -9.4089 6.0250 1.5000,
          -9.4099 5.9851 1.5000,
          -9.4089 5.9452 1.5000,
          -9.4059 5.9055 1.5000,
          -9.4010 5.8659 1.5000,
          -9.3941 5.8266 1.5000,
          -9.3852 5.7877 1.5000,
          -9.3744 5.7493 1.5000,
          -9.3617 5.7115 1.5000,
          -9.3471 5.6744 1.5000,
          -9.3307 5.6380 1.5000,
          -9.3125 5.6025 1.5000,
          -9.2926 5.5680 1.5000,
        ] }
        coordIndex [
          0 1 2 -1,
          3 4 5 -1,
          6 7 8 -1,
          9 10 11 -1,
          12 13 14 -1,
          15 16 17 -1,
          15 17 18 -1,
          19 15 20 -1,
          21 22 23 -1,
          21 23 24 -1,
          25 15 19 -1,
          26 15 25 -1,
          26 16 15 -1,
          26 27 16 -1,
          28 29 30 -1,
          28 30 21 -1,
          31 26 32 -1,
          33 34 35 -1,
          36 37 38 -1,
          36 38 39 -1,
          40 34 33 -1,
          41 39 28 -1,
          41 36 39 -1,
          42 31 34 -1,
          42 34 40 -1,
          43 31 42 -1,
          44 45 46 -1,
          44 46 41 -1,
          47 10 9 -1,
          47 26 31 -1,
          47 43 48 -1,
          47 48 49 -1,
          47 27 26 -1,
          47 31 43 -1,
          47 1 0 -1,
          47 4 3 -1,
          47 50 51 -1,
          47 51 52 -1,
          47 52 53 -1,
          47 53 54 -1,
          47 54 55 -1,
          47 55 56 -1,
          47 56 57 -1,
          47 7 6 -1,
          47 57 58 -1,
          47 58 1 -1,
          47 0 4 -1,
          47 3 7 -1,
          47 6 59 -1,
          47 59 60 -1,
          47 60 10 -1,
          47 9 61 -1,
          47 61 27 -1,
          62 63 44 -1,
          64 62 44 -1,
          65 47 66 -1,
          67 64 44 -1,
          68 21 24 -1,
          68 28 21 -1,
          68 24 69 -1,
          68 69 70 -1,
          68 70 12 -1,
          68 44 41 -1,
          68 67 44 -1,
          68 41 28 -1,
          71 65 72 -1,
          71 72 73 -1,
          71 47 65 -1,
          74 75 68 -1,
          76 71 77 -1,
          78 71 76 -1,
          79 80 81 -1,
          82 83 84 -1,
          85 80 79 -1,
          86 78 80 -1,
          86 80 85 -1,
          87 88 82 -1,
          89 82 84 -1,
          89 84 90 -1,
          89 87 82 -1,
          91 92 89 -1,
          93 94 95 -1,
          96 91 89 -1,
          96 90 97 -1,
          96 89 90 -1,
          98 93 99 -1,
          100 101 102 -1,
          100 102 96 -1,
          103 86 104 -1,
          103 104 94 -1,
          103 98 105 -1,
          103 94 93 -1,
          103 93 98 -1,
          106 47 71 -1,
          106 12 14 -1,
          106 71 78 -1,
          106 103 107 -1,
          106 78 86 -1,
          106 107 108 -1,
          106 109 110 -1,
          106 110 100 -1,
          106 74 68 -1,
          106 96 97 -1,
          106 97 111 -1,
          106 111 74 -1,
          106 50 47 -1,
          106 100 96 -1,
          106 86 103 -1,
          106 14 112 -1,
          106 112 113 -1,
          106 113 114 -1,
          106 114 115 -1,
          106 115 116 -1,
          106 116 117 -1,
          106 117 118 -1,
          106 118 119 -1,
          106 119 120 -1,
          106 120 121 -1,
          106 121 122 -1,
          106 122 123 -1,
          106 123 124 -1,
          106 124 125 -1,
          106 125 50 -1,
          106 68 12 -1,
        ]
      }
    }
    Shape {
      appearance Appearance {
        material Material {
          diffuseColor 0.200 0.200 0.200
          specularColor 0.050 0.050 0.050
          shininess 0.15
        }
      }
      geometry IndexedFaceSet {
        creaseAngle 0.785398
        solid TRUE
        coord Coordinate { point [
          2.8122 10.1979 -6.6500,
          7.2294 4.2274 -4.5000,
          7.2294 4.2274 -6.6500,
          2.8122 10.1979 -4.5000,
        ] }
        coordIndex [
          0 1 2 -1,
          3 1 0 -1,
        ]
      }
    }
    Shape {
      appearance Appearance {
        material Material {
          diffuseColor 0.200 0.200 0.200
          specularColor 0.050 0.050 0.050
          shininess 0.15
        }
      }
      geometry IndexedFaceSet {
        creaseAngle 0.785398
        solid TRUE
        coord Coordinate { point [
          7.3000 2.8000 -6.6500,
          7.7000 2.8000 -6.6500,
          7.3000 0.8000 -6.6500,
          7.7000 0.8000 -6.6500,
          7.2976 2.8980 -6.6500,
          7.6971 2.9175 -6.6500,
          7.2784 3.0929 -6.6500,
          7.6885 3.0348 -6.6500,
          7.2904 2.9957 -6.6500,
          7.6741 3.1515 -6.6500,
          7.2403 3.2851 -6.6500,
          7.6541 3.2674 -6.6500,
          7.2617 3.1895 -6.6500,
          7.6283 3.3821 -6.6500,
          7.1835 3.4726 -6.6500,
          7.5970 3.4954 -6.6500,
          7.2142 3.3795 -6.6500,
          7.5602 3.6071 -6.6500,
          7.1483 3.5640 -6.6500,
          7.5180 3.7168 -6.6500,
          7.1087 3.6536 -6.6500,
          7.4704 3.8244 -6.6500,
          7.0647 3.7412 -6.6500,
          7.4176 3.9294 -6.6500,
          7.0165 3.8265 -6.6500,
          7.3598 4.0318 -6.6500,
          6.9641 3.9093 -6.6500,
          7.2970 4.1312 -6.6500,
          6.9078 3.9895 -6.6500,
          7.2294 4.2274 -6.6500,
          2.5000 9.9474 -6.6500,
          2.8122 10.1979 -6.6500,
        ] }
        coordIndex [
          0 1 2 -1,
          2 1 3 -1,
          4 5 0 -1,
          0 5 1 -1,
          6 7 8 -1,
          8 7 4 -1,
          4 7 5 -1,
          6 9 7 -1,
          10 11 12 -1,
          12 11 6 -1,
          6 11 9 -1,
          10 13 11 -1,
          14 15 16 -1,
          16 15 10 -1,
          10 15 13 -1,
          14 17 15 -1,
          18 19 14 -1,
          14 19 17 -1,
          20 21 18 -1,
          18 21 19 -1,
          22 23 20 -1,
          20 23 21 -1,
          24 25 22 -1,
          22 25 23 -1,
          26 27 24 -1,
          24 27 25 -1,
          28 29 26 -1,
          26 29 27 -1,
          28 30 29 -1,
          30 31 29 -1,
        ]
      }
    }
    Shape {
      appearance Appearance {
        material Material {
          diffuseColor 0.200 0.200 0.200
          specularColor 0.050 0.050 0.050
          shininess 0.15
        }
      }
      geometry IndexedFaceSet {
        creaseAngle 0.785398
        solid TRUE
        coord Coordinate { point [
          2.5000 9.9474 -6.6500,
          2.8122 10.1979 -4.5000,
          2.8122 10.1979 -6.6500,
          2.5000 9.9474 -4.5000,
        ] }
        coordIndex [
          0 1 2 -1,
          3 1 0 -1,
        ]
      }
    }
    Shape {
      appearance Appearance {
        material Material {
          diffuseColor 0.200 0.200 0.200
          specularColor 0.050 0.050 0.050
          shininess 0.15
        }
      }
      geometry IndexedFaceSet {
        creaseAngle 0.785398
        solid TRUE
        coord Coordinate { point [
          7.7000 2.8000 -4.5000,
          7.3000 2.8000 -4.5000,
          7.3000 -3.3660 -4.5000,
          7.7000 -3.3660 -4.5000,
          7.6971 2.9175 -4.5000,
          7.2904 2.9957 -4.5000,
          7.2976 2.8980 -4.5000,
          7.6885 3.0348 -4.5000,
          7.2784 3.0929 -4.5000,
          7.6741 3.1515 -4.5000,
          7.2617 3.1895 -4.5000,
          7.6541 3.2674 -4.5000,
          7.6283 3.3821 -4.5000,
          7.2142 3.3795 -4.5000,
          7.2403 3.2851 -4.5000,
          7.5970 3.4954 -4.5000,
          7.5602 3.6071 -4.5000,
          7.1835 3.4726 -4.5000,
          7.5180 3.7168 -4.5000,
          7.1483 3.5640 -4.5000,
          7.4704 3.8244 -4.5000,
          7.0647 3.7412 -4.5000,
          7.1087 3.6536 -4.5000,
          7.4176 3.9294 -4.5000,
          7.3598 4.0318 -4.5000,
          6.9641 3.9093 -4.5000,
          7.0165 3.8265 -4.5000,
          7.2970 4.1312 -4.5000,
          7.2294 4.2274 -4.5000,
          6.9078 3.9895 -4.5000,
          2.5000 9.9474 -4.5000,
          2.8122 10.1979 -4.5000,
        ] }
        coordIndex [
          0 1 2 -1,
          0 2 3 -1,
          4 5 6 -1,
          4 6 1 -1,
          4 1 0 -1,
          7 8 5 -1,
          7 5 4 -1,
          9 10 8 -1,
          9 8 7 -1,
          11 10 9 -1,
          12 13 14 -1,
          12 14 10 -1,
          12 10 11 -1,
          15 13 12 -1,
          16 17 13 -1,
          16 13 15 -1,
          18 19 17 -1,
          18 17 16 -1,
          20 21 22 -1,
          20 22 19 -1,
          20 19 18 -1,
          23 21 20 -1,
          24 25 26 -1,
          24 26 21 -1,
          24 21 23 -1,
          27 25 24 -1,
          28 29 25 -1,
          28 25 27 -1,
          30 29 28 -1,
          31 30 28 -1,
        ]
      }
    }
    Shape {
      appearance Appearance {
        material Material {
          diffuseColor 0.200 0.200 0.200
          specularColor 0.050 0.050 0.050
          shininess 0.15
        }
      }
      geometry IndexedFaceSet {
        creaseAngle 0.785398
        solid TRUE
        coord Coordinate { point [
          7.2970 4.1312 -6.6500,
          7.2294 4.2274 -4.5000,
          7.2970 4.1312 -4.5000,
          7.2294 4.2274 -6.6500,
          7.3598 4.0318 -6.6500,
          7.3598 4.0318 -4.5000,
          7.4176 3.9294 -4.5000,
          7.4176 3.9294 -6.6500,
          7.4704 3.8244 -6.6500,
          7.4704 3.8244 -4.5000,
          7.5180 3.7168 -6.6500,
          7.5180 3.7168 -4.5000,
          7.5602 3.6071 -6.6500,
          7.5602 3.6071 -4.5000,
          7.5970 3.4954 -6.6500,
          7.5970 3.4954 -4.5000,
          7.6283 3.3821 -6.6500,
          7.6283 3.3821 -4.5000,
          7.6541 3.2674 -6.6500,
          7.6541 3.2674 -4.5000,
          7.6741 3.1515 -6.6500,
          7.6741 3.1515 -4.5000,
          7.6885 3.0348 -6.6500,
          7.6885 3.0348 -4.5000,
          7.6971 2.9175 -6.6500,
          7.6971 2.9175 -4.5000,
          7.7000 2.8000 -6.6500,
          7.7000 2.8000 -4.5000,
        ] }
        coordIndex [
          0 1 2 -1,
          0 3 1 -1,
          4 5 6 -1,
          4 2 5 -1,
          4 0 2 -1,
          7 4 6 -1,
          8 6 9 -1,
          8 7 6 -1,
          10 9 11 -1,
          10 8 9 -1,
          12 11 13 -1,
          12 10 11 -1,
          14 13 15 -1,
          14 12 13 -1,
          16 15 17 -1,
          16 14 15 -1,
          18 17 19 -1,
          18 16 17 -1,
          20 19 21 -1,
          20 18 19 -1,
          22 21 23 -1,
          22 20 21 -1,
          24 23 25 -1,
          24 22 23 -1,
          26 25 27 -1,
          26 24 25 -1,
        ]
      }
    }
    Shape {
      appearance Appearance {
        material Material {
          diffuseColor 0.200 0.200 0.200
          specularColor 0.050 0.050 0.050
          shininess 0.15
        }
      }
      geometry IndexedFaceSet {
        creaseAngle 0.785398
        solid TRUE
        coord Coordinate { point [
          7.7000 2.8000 -4.5000,
          7.7000 0.8000 -5.5000,
          7.7000 2.8000 -6.6500,
          7.7000 0.8000 -6.6500,
          7.7000 -3.3660 -4.5000,
          7.7000 -3.3660 -5.5000,
          7.7000 -3.5000 -5.0000,
        ] }
        coordIndex [
          0 1 2 -1,
          2 1 3 -1,
          1 4 5 -1,
          5 4 6 -1,
          0 4 1 -1,
        ]
      }
    }
    Shape {
      appearance Appearance {
        material Material {
          diffuseColor 0.200 0.200 0.200
          specularColor 0.050 0.050 0.050
          shininess 0.15
        }
      }
      geometry IndexedFaceSet {
        creaseAngle 0.785398
        solid TRUE
        coord Coordinate { point [
          7.7000 0.8000 -5.5000,
          7.3000 0.8000 -5.5000,
          7.7000 0.8000 -6.6500,
          7.3000 0.8000 -6.6500,
        ] }
        coordIndex [
          0 1 2 -1,
          2 1 3 -1,
        ]
      }
    }
    Shape {
      appearance Appearance {
        material Material {
          diffuseColor 0.200 0.200 0.200
          specularColor 0.050 0.050 0.050
          shininess 0.15
        }
      }
      geometry IndexedFaceSet {
        creaseAngle 0.785398
        solid TRUE
        coord Coordinate { point [
          7.3000 -3.3660 -4.5000,
          7.3000 -3.3660 -5.5000,
          7.3000 -3.5000 -5.0000,
          7.3000 0.8000 -5.5000,
          7.3000 2.8000 -4.5000,
          7.3000 2.8000 -6.6500,
          7.3000 0.8000 -6.6500,
        ] }
        coordIndex [
          0 1 2 -1,
          0 3 1 -1,
          0 4 3 -1,
          3 5 6 -1,
          4 5 3 -1,
        ]
      }
    }
    Shape {
      appearance Appearance {
        material Material {
          diffuseColor 0.200 0.200 0.200
          specularColor 0.050 0.050 0.050
          shininess 0.15
        }
      }
      geometry IndexedFaceSet {
        creaseAngle 0.785398
        solid TRUE
        coord Coordinate { point [
          6.9078 3.9895 -6.6500,
          6.9641 3.9093 -6.6500,
          6.9078 3.9895 -4.5000,
          6.9641 3.9093 -4.5000,
          7.0165 3.8265 -6.6500,
          7.0165 3.8265 -4.5000,
          7.0647 3.7412 -6.6500,
          7.0647 3.7412 -4.5000,
          7.1087 3.6536 -6.6500,
          7.1087 3.6536 -4.5000,
          7.1483 3.5640 -6.6500,
          7.1483 3.5640 -4.5000,
          7.1835 3.4726 -4.5000,
          7.1835 3.4726 -6.6500,
          7.2142 3.3795 -6.6500,
          7.2142 3.3795 -4.5000,
          7.2403 3.2851 -4.5000,
          7.2403 3.2851 -6.6500,
          7.2617 3.1895 -6.6500,
          7.2617 3.1895 -4.5000,
          7.2784 3.0929 -6.6500,
          7.2784 3.0929 -4.5000,
          7.2904 2.9957 -4.5000,
          7.2904 2.9957 -6.6500,
          7.2976 2.8980 -6.6500,
          7.2976 2.8980 -4.5000,
          7.3000 2.8000 -4.5000,
          7.3000 2.8000 -6.6500,
        ] }
        coordIndex [
          0 1 2 -1,
          2 1 3 -1,
          3 4 5 -1,
          1 4 3 -1,
          5 6 7 -1,
          4 6 5 -1,
          7 8 9 -1,
          6 8 7 -1,
          9 10 11 -1,
          11 10 12 -1,
          8 10 9 -1,
          10 13 12 -1,
          12 14 15 -1,
          15 14 16 -1,
          13 14 12 -1,
          14 17 16 -1,
          16 18 19 -1,
          17 18 16 -1,
          19 20 21 -1,
          21 20 22 -1,
          18 20 19 -1,
          20 23 22 -1,
          22 24 25 -1,
          25 24 26 -1,
          23 24 22 -1,
          24 27 26 -1,
        ]
      }
    }
    Shape {
      appearance Appearance {
        material Material {
          diffuseColor 0.200 0.200 0.200
          specularColor 0.050 0.050 0.050
          shininess 0.15
        }
      }
      geometry IndexedFaceSet {
        creaseAngle 0.785398
        solid TRUE
        coord Coordinate { point [
          6.9078 3.9895 -6.6500,
          2.5000 9.9474 -4.5000,
          2.5000 9.9474 -6.6500,
          6.9078 3.9895 -4.5000,
        ] }
        coordIndex [
          0 1 2 -1,
          3 1 0 -1,
        ]
      }
    }
    Shape {
      appearance Appearance {
        material Material {
          diffuseColor 0.200 0.200 0.200
          specularColor 0.050 0.050 0.050
          shininess 0.15
        }
      }
      geometry IndexedFaceSet {
        creaseAngle 0.785398
        solid TRUE
        coord Coordinate { point [
          7.7000 -3.5000 -5.0000,
          7.7000 -3.3660 -4.5000,
          7.3000 -3.5000 -5.0000,
          7.3000 -3.3660 -4.5000,
        ] }
        coordIndex [
          0 1 2 -1,
          2 1 3 -1,
        ]
      }
    }
    Shape {
      appearance Appearance {
        material Material {
          diffuseColor 0.200 0.200 0.200
          specularColor 0.050 0.050 0.050
          shininess 0.15
        }
      }
      geometry IndexedFaceSet {
        creaseAngle 0.785398
        solid TRUE
        coord Coordinate { point [
          7.7000 -3.3660 -5.5000,
          7.7000 -3.5000 -5.0000,
          7.3000 -3.3660 -5.5000,
          7.3000 -3.5000 -5.0000,
        ] }
        coordIndex [
          0 1 2 -1,
          2 1 3 -1,
        ]
      }
    }
    Shape {
      appearance Appearance {
        material Material {
          diffuseColor 0.200 0.200 0.200
          specularColor 0.050 0.050 0.050
          shininess 0.15
        }
      }
      geometry IndexedFaceSet {
        creaseAngle 0.785398
        solid TRUE
        coord Coordinate { point [
          7.3000 0.8000 -5.5000,
          7.7000 0.8000 -5.5000,
          7.3000 -3.3660 -5.5000,
          7.7000 -3.3660 -5.5000,
        ] }
        coordIndex [
          0 1 2 -1,
          2 1 3 -1,
        ]
      }
    }
    Shape {
      appearance Appearance {
        material Material {
          diffuseColor 0.200 0.200 0.200
          specularColor 0.050 0.050 0.050
          shininess 0.15
        }
      }
      geometry IndexedFaceSet {
        creaseAngle 0.785398
        solid TRUE
        coord Coordinate { point [
          4.8002 -3.5000 -7.5000,
          4.8002 -3.3660 -7.0000,
          4.8002 -3.3660 -8.0000,
          4.8002 0.8000 -8.0000,
          4.8002 0.8000 -7.0000,
          4.8002 4.2351 -8.3000,
          4.8002 0.8000 -8.3000,
          4.8002 0.8000 -4.5000,
          4.8002 4.2351 -4.5000,
        ] }
        coordIndex [
          0 1 2 -1,
          1 3 2 -1,
          1 4 3 -1,
          3 5 6 -1,
          4 5 3 -1,
          7 8 4 -1,
          4 8 5 -1,
        ]
      }
    }
    Shape {
      appearance Appearance {
        material Material {
          diffuseColor 0.200 0.200 0.200
          specularColor 0.050 0.050 0.050
          shininess 0.15
        }
      }
      geometry IndexedFaceSet {
        creaseAngle 0.785398
        solid TRUE
        coord Coordinate { point [
          5.1998 -3.3660 -8.0000,
          5.1998 -3.5000 -7.5000,
          4.8002 -3.3660 -8.0000,
          4.8002 -3.5000 -7.5000,
        ] }
        coordIndex [
          0 1 2 -1,
          2 1 3 -1,
        ]
      }
    }
    Shape {
      appearance Appearance {
        material Material {
          diffuseColor 0.200 0.200 0.200
          specularColor 0.050 0.050 0.050
          shininess 0.15
        }
      }
      geometry IndexedFaceSet {
        creaseAngle 0.785398
        solid TRUE
        coord Coordinate { point [
          5.1998 -3.5000 -7.5000,
          5.1998 -3.3660 -7.0000,
          4.8002 -3.5000 -7.5000,
          4.8002 -3.3660 -7.0000,
        ] }
        coordIndex [
          0 1 2 -1,
          2 1 3 -1,
        ]
      }
    }
    Shape {
      appearance Appearance {
        material Material {
          diffuseColor 0.200 0.200 0.200
          specularColor 0.050 0.050 0.050
          shininess 0.15
        }
      }
      geometry IndexedFaceSet {
        creaseAngle 0.785398
        solid TRUE
        coord Coordinate { point [
          5.1998 -3.3660 -7.0000,
          5.1998 0.8000 -7.0000,
          4.8002 -3.3660 -7.0000,
          4.8002 0.8000 -7.0000,
        ] }
        coordIndex [
          0 1 2 -1,
          1 3 2 -1,
        ]
      }
    }
    Shape {
      appearance Appearance {
        material Material {
          diffuseColor 0.200 0.200 0.200
          specularColor 0.050 0.050 0.050
          shininess 0.15
        }
      }
      geometry IndexedFaceSet {
        creaseAngle 0.785398
        solid TRUE
        coord Coordinate { point [
          5.1998 0.8000 -7.0000,
          5.1998 0.8000 -4.5000,
          4.8002 0.8000 -7.0000,
          4.8002 0.8000 -4.5000,
        ] }
        coordIndex [
          0 1 2 -1,
          1 3 2 -1,
        ]
      }
    }
    Shape {
      appearance Appearance {
        material Material {
          diffuseColor 0.200 0.200 0.200
          specularColor 0.050 0.050 0.050
          shininess 0.15
        }
      }
      geometry IndexedFaceSet {
        creaseAngle 0.785398
        solid TRUE
        coord Coordinate { point [
          5.1998 4.2351 -4.5000,
          4.8002 4.2351 -4.5000,
          4.8002 0.8000 -4.5000,
          5.1998 0.8000 -4.5000,
          5.1970 4.3526 -4.5000,
          4.7978 4.3330 -4.5000,
          5.1883 4.4698 -4.5000,
          4.7906 4.4307 -4.5000,
          5.1740 4.5865 -4.5000,
          4.7786 4.5280 -4.5000,
          5.1539 4.7024 -4.5000,
          4.7404 4.7201 -4.5000,
          4.7619 4.6245 -4.5000,
          5.1282 4.8171 -4.5000,
          4.7143 4.8146 -4.5000,
          5.0969 4.9304 -4.5000,
          4.6837 4.9076 -4.5000,
          5.0601 5.0421 -4.5000,
          5.0178 5.1518 -4.5000,
          4.6088 5.0887 -4.5000,
          4.6485 4.9991 -4.5000,
          4.9703 5.2593 -4.5000,
          4.5648 5.1763 -4.5000,
          4.9175 5.3643 -4.5000,
          4.5166 5.2616 -4.5000,
          4.8597 5.4667 -4.5000,
          4.7969 5.5661 -4.5000,
          4.4643 5.3444 -4.5000,
          4.7293 5.6623 -4.5000,
          4.4080 5.4246 -4.5000,
          1.9690 8.7212 -4.5000,
          2.2810 8.9715 -4.5000,
        ] }
        coordIndex [
          0 1 2 -1,
          0 2 3 -1,
          4 5 1 -1,
          4 1 0 -1,
          6 7 5 -1,
          6 5 4 -1,
          8 9 7 -1,
          8 7 6 -1,
          10 11 12 -1,
          10 12 9 -1,
          10 9 8 -1,
          13 14 11 -1,
          13 11 10 -1,
          15 16 14 -1,
          15 14 13 -1,
          17 16 15 -1,
          18 19 20 -1,
          18 20 16 -1,
          18 16 17 -1,
          21 22 19 -1,
          21 19 18 -1,
          23 24 22 -1,
          23 22 21 -1,
          25 24 23 -1,
          26 27 24 -1,
          26 24 25 -1,
          28 29 27 -1,
          28 27 26 -1,
          30 29 28 -1,
          31 30 28 -1,
        ]
      }
    }
    Shape {
      appearance Appearance {
        material Material {
          diffuseColor 0.200 0.200 0.200
          specularColor 0.050 0.050 0.050
          shininess 0.15
        }
      }
      geometry IndexedFaceSet {
        creaseAngle 0.785398
        solid TRUE
        coord Coordinate { point [
          4.4080 5.4246 -8.3000,
          4.4643 5.3444 -8.3000,
          4.4080 5.4246 -4.5000,
          4.4643 5.3444 -4.5000,
          4.5166 5.2616 -8.3000,
          4.5166 5.2616 -4.5000,
          4.5648 5.1763 -8.3000,
          4.5648 5.1763 -4.5000,
          4.6088 5.0887 -8.3000,
          4.6088 5.0887 -4.5000,
          4.6485 4.9991 -8.3000,
          4.6485 4.9991 -4.5000,
          4.6837 4.9076 -8.3000,
          4.6837 4.9076 -4.5000,
          4.7143 4.8146 -8.3000,
          4.7143 4.8146 -4.5000,
          4.7404 4.7201 -8.3000,
          4.7404 4.7201 -4.5000,
          4.7619 4.6245 -8.3000,
          4.7619 4.6245 -4.5000,
          4.7786 4.5280 -8.3000,
          4.7786 4.5280 -4.5000,
          4.7906 4.4307 -8.3000,
          4.7906 4.4307 -4.5000,
          4.7978 4.3330 -8.3000,
          4.7978 4.3330 -4.5000,
          4.8002 4.2351 -8.3000,
          4.8002 4.2351 -4.5000,
        ] }
        coordIndex [
          0 1 2 -1,
          2 1 3 -1,
          3 4 5 -1,
          1 4 3 -1,
          5 6 7 -1,
          4 6 5 -1,
          7 8 9 -1,
          6 8 7 -1,
          9 10 11 -1,
          8 10 9 -1,
          11 12 13 -1,
          10 12 11 -1,
          13 14 15 -1,
          12 14 13 -1,
          15 16 17 -1,
          14 16 15 -1,
          17 18 19 -1,
          16 18 17 -1,
          19 20 21 -1,
          18 20 19 -1,
          21 22 23 -1,
          20 22 21 -1,
          23 24 25 -1,
          22 24 23 -1,
          25 26 27 -1,
          24 26 25 -1,
        ]
      }
    }
    Shape {
      appearance Appearance {
        material Material {
          diffuseColor 0.200 0.200 0.200
          specularColor 0.050 0.050 0.050
          shininess 0.15
        }
      }
      geometry IndexedFaceSet {
        creaseAngle 0.785398
        solid TRUE
        coord Coordinate { point [
          4.8002 0.8000 -8.3000,
          4.8002 4.2351 -8.3000,
          5.1998 0.8000 -8.3000,
          5.1998 4.2351 -8.3000,
          4.7978 4.3330 -8.3000,
          5.1970 4.3526 -8.3000,
          4.7906 4.4307 -8.3000,
          5.1883 4.4698 -8.3000,
          4.7786 4.5280 -8.3000,
          5.1740 4.5865 -8.3000,
          4.7619 4.6245 -8.3000,
          5.1539 4.7024 -8.3000,
          4.7404 4.7201 -8.3000,
          5.1282 4.8171 -8.3000,
          4.7143 4.8146 -8.3000,
          5.0969 4.9304 -8.3000,
          4.6837 4.9076 -8.3000,
          5.0601 5.0421 -8.3000,
          4.6485 4.9991 -8.3000,
          5.0178 5.1518 -8.3000,
          4.6088 5.0887 -8.3000,
          4.9703 5.2593 -8.3000,
          4.5648 5.1763 -8.3000,
          4.9175 5.3643 -8.3000,
          4.5166 5.2616 -8.3000,
          4.8597 5.4667 -8.3000,
          4.4643 5.3444 -8.3000,
          4.7969 5.5661 -8.3000,
          4.4080 5.4246 -8.3000,
          4.7293 5.6623 -8.3000,
          2.2071 8.3994 -8.3000,
          2.5191 8.6497 -8.3000,
        ] }
        coordIndex [
          0 1 2 -1,
          1 3 2 -1,
          4 5 1 -1,
          1 5 3 -1,
          6 7 4 -1,
          4 7 5 -1,
          8 9 6 -1,
          10 9 8 -1,
          6 9 7 -1,
          10 11 9 -1,
          12 13 10 -1,
          14 13 12 -1,
          10 13 11 -1,
          14 15 13 -1,
          16 17 14 -1,
          18 17 16 -1,
          14 17 15 -1,
          18 19 17 -1,
          20 21 18 -1,
          18 21 19 -1,
          22 23 20 -1,
          20 23 21 -1,
          24 25 22 -1,
          26 25 24 -1,
          22 25 23 -1,
          26 27 25 -1,
          28 29 26 -1,
          26 29 27 -1,
          28 30 29 -1,
          30 31 29 -1,
        ]
      }
    }
    Shape {
      appearance Appearance {
        material Material {
          diffuseColor 0.200 0.200 0.200
          specularColor 0.050 0.050 0.050
          shininess 0.15
        }
      }
      geometry IndexedFaceSet {
        creaseAngle 0.785398
        solid TRUE
        coord Coordinate { point [
          5.1998 0.8000 -8.0000,
          4.8002 0.8000 -8.0000,
          5.1998 0.8000 -8.3000,
          4.8002 0.8000 -8.3000,
        ] }
        coordIndex [
          0 1 2 -1,
          2 1 3 -1,
        ]
      }
    }
    Shape {
      appearance Appearance {
        material Material {
          diffuseColor 0.200 0.200 0.200
          specularColor 0.050 0.050 0.050
          shininess 0.15
        }
      }
      geometry IndexedFaceSet {
        creaseAngle 0.785398
        solid TRUE
        coord Coordinate { point [
          4.8002 -3.3660 -8.0000,
          4.8002 0.8000 -8.0000,
          5.1998 -3.3660 -8.0000,
          5.1998 0.8000 -8.0000,
        ] }
        coordIndex [
          0 1 2 -1,
          1 3 2 -1,
        ]
      }
    }
    Shape {
      appearance Appearance {
        material Material {
          diffuseColor 0.200 0.200 0.200
          specularColor 0.050 0.050 0.050
          shininess 0.15
        }
      }
      geometry IndexedFaceSet {
        creaseAngle 0.785398
        solid TRUE
        coord Coordinate { point [
          5.1998 4.2351 -8.3000,
          5.1998 0.8000 -8.0000,
          5.1998 0.8000 -8.3000,
          5.1998 4.2351 -4.5000,
          5.1998 0.8000 -7.0000,
          5.1998 0.8000 -4.5000,
          5.1998 -3.3660 -7.0000,
          5.1998 -3.3660 -8.0000,
          5.1998 -3.5000 -7.5000,
        ] }
        coordIndex [
          0 1 2 -1,
          3 4 0 -1,
          0 4 1 -1,
          3 5 4 -1,
          1 6 7 -1,
          7 6 8 -1,
          4 6 1 -1,
        ]
      }
    }
    Shape {
      appearance Appearance {
        material Material {
          diffuseColor 0.200 0.200 0.200
          specularColor 0.050 0.050 0.050
          shininess 0.15
        }
      }
      geometry IndexedFaceSet {
        creaseAngle 0.785398
        solid TRUE
        coord Coordinate { point [
          4.4080 5.4246 -8.3000,
          4.4080 5.4246 -4.5000,
          2.2071 8.3994 -8.3000,
          1.9690 8.7212 -7.9000,
          2.1956 8.4149 -8.2995,
          2.1840 8.4306 -8.2981,
          2.1722 8.4466 -8.2957,
          2.1614 8.4611 -8.2926,
          2.1517 8.4742 -8.2890,
          2.1420 8.4873 -8.2848,
          2.1323 8.5004 -8.2798,
          2.1227 8.5135 -8.2740,
          2.1131 8.5265 -8.2675,
          2.1036 8.5393 -8.2602,
          2.0942 8.5520 -8.2521,
          2.0850 8.5644 -8.2434,
          2.0760 8.5766 -8.2338,
          2.0672 8.5885 -8.2236,
          2.0586 8.6001 -8.2127,
          2.0504 8.6112 -8.2011,
          2.0424 8.6220 -8.1889,
          2.0348 8.6323 -8.1760,
          2.0275 8.6421 -8.1627,
          2.0207 8.6514 -8.1488,
          2.0142 8.6601 -8.1344,
          2.0081 8.6683 -8.1196,
          2.0025 8.6760 -8.1044,
          1.9973 8.6830 -8.0889,
          1.9925 8.6894 -8.0732,
          1.9882 8.6953 -8.0572,
          1.9843 8.7005 -8.0411,
          1.9809 8.7051 -8.0248,
          1.9780 8.7091 -8.0085,
          1.9754 8.7125 -7.9922,
          1.9734 8.7153 -7.9759,
          1.9717 8.7176 -7.9597,
          1.9704 8.7192 -7.9436,
          1.9696 8.7204 -7.9277,
          1.9692 8.7210 -7.9137,
          1.9690 8.7212 -4.5000,
        ] }
        coordIndex [
          0 1 2 -1,
          2 3 4 -1,
          4 3 5 -1,
          5 3 6 -1,
          6 3 7 -1,
          7 3 8 -1,
          8 3 9 -1,
          9 3 10 -1,
          10 3 11 -1,
          11 3 12 -1,
          12 3 13 -1,
          13 3 14 -1,
          14 3 15 -1,
          15 3 16 -1,
          16 3 17 -1,
          17 3 18 -1,
          18 3 19 -1,
          19 3 20 -1,
          20 3 21 -1,
          21 3 22 -1,
          22 3 23 -1,
          23 3 24 -1,
          24 3 25 -1,
          25 3 26 -1,
          26 3 27 -1,
          27 3 28 -1,
          28 3 29 -1,
          29 3 30 -1,
          30 3 31 -1,
          31 3 32 -1,
          32 3 33 -1,
          33 3 34 -1,
          34 3 35 -1,
          35 3 36 -1,
          36 3 37 -1,
          37 3 38 -1,
          1 3 2 -1,
          1 39 3 -1,
        ]
      }
    }
    Shape {
      appearance Appearance {
        material Material {
          diffuseColor 0.200 0.200 0.200
          specularColor 0.050 0.050 0.050
          shininess 0.15
        }
      }
      geometry IndexedFaceSet {
        creaseAngle 0.785398
        solid TRUE
        coord Coordinate { point [
          1.9690 8.7212 -4.5000,
          2.2810 8.9715 -4.5000,
          1.9690 8.7212 -7.9000,
          2.2810 8.9715 -7.9000,
        ] }
        coordIndex [
          0 1 2 -1,
          2 1 3 -1,
        ]
      }
    }
    Shape {
      appearance Appearance {
        material Material {
          diffuseColor 0.200 0.200 0.200
          specularColor 0.050 0.050 0.050
          shininess 0.15
        }
      }
      geometry IndexedFaceSet {
        creaseAngle 0.785398
        solid TRUE
        coord Coordinate { point [
          2.2812 8.9712 -7.9193,
          2.2810 8.9715 -7.9000,
          2.2821 8.9700 -7.9389,
          2.2834 8.9683 -7.9567,
          2.2850 8.9662 -7.9729,
          2.2870 8.9634 -7.9892,
          2.2894 8.9601 -8.0055,
          2.2923 8.9563 -8.0218,
          2.2956 8.9518 -8.0381,
          2.2994 8.9467 -8.0543,
          2.3036 8.9409 -8.0703,
          2.3083 8.9346 -8.0861,
          2.3134 8.9277 -8.1016,
          2.3190 8.9202 -8.1168,
          2.3250 8.9121 -8.1317,
          2.3314 8.9034 -8.1461,
          2.3382 8.8942 -8.1601,
          2.3454 8.8845 -8.1736,
          2.3529 8.8743 -8.1865,
          2.3608 8.8636 -8.1989,
          2.3690 8.8525 -8.2106,
          2.3775 8.8411 -8.2216,
          2.3863 8.8292 -8.2320,
          2.3952 8.8171 -8.2417,
          2.4044 8.8047 -8.2506,
          2.4138 8.7921 -8.2588,
          2.4232 8.7793 -8.2662,
          2.4328 8.7663 -8.2728,
          2.4425 8.7532 -8.2787,
          2.4522 8.7401 -8.2839,
          2.4619 8.7270 -8.2883,
          2.4716 8.7139 -8.2920,
          2.4813 8.7008 -8.2949,
          2.4909 8.6878 -8.2972,
          2.5004 8.6750 -8.2988,
          2.5098 8.6623 -8.2997,
          2.5191 8.6497 -8.3000,
          4.7293 5.6623 -4.5000,
          4.7293 5.6623 -8.3000,
          2.2810 8.9715 -4.5000,
        ] }
        coordIndex [
          0 1 2 -1,
          2 1 3 -1,
          3 1 4 -1,
          4 1 5 -1,
          5 1 6 -1,
          6 1 7 -1,
          7 1 8 -1,
          8 1 9 -1,
          9 1 10 -1,
          10 1 11 -1,
          11 1 12 -1,
          12 1 13 -1,
          13 1 14 -1,
          14 1 15 -1,
          15 1 16 -1,
          16 1 17 -1,
          17 1 18 -1,
          18 1 19 -1,
          19 1 20 -1,
          20 1 21 -1,
          21 1 22 -1,
          22 1 23 -1,
          23 1 24 -1,
          24 1 25 -1,
          25 1 26 -1,
          26 1 27 -1,
          27 1 28 -1,
          28 1 29 -1,
          29 1 30 -1,
          30 1 31 -1,
          31 1 32 -1,
          32 1 33 -1,
          33 1 34 -1,
          34 1 35 -1,
          1 36 35 -1,
          36 37 38 -1,
          39 37 1 -1,
          1 37 36 -1,
        ]
      }
    }
    Shape {
      appearance Appearance {
        material Material {
          diffuseColor 0.200 0.200 0.200
          specularColor 0.050 0.050 0.050
          shininess 0.15
        }
      }
      geometry IndexedFaceSet {
        creaseAngle 0.785398
        solid TRUE
        coord Coordinate { point [
          4.7969 5.5661 -8.3000,
          4.7293 5.6623 -4.5000,
          4.7969 5.5661 -4.5000,
          4.7293 5.6623 -8.3000,
          4.8597 5.4667 -8.3000,
          4.8597 5.4667 -4.5000,
          4.9175 5.3643 -8.3000,
          4.9175 5.3643 -4.5000,
          4.9703 5.2593 -8.3000,
          4.9703 5.2593 -4.5000,
          5.0178 5.1518 -8.3000,
          5.0178 5.1518 -4.5000,
          5.0601 5.0421 -4.5000,
          5.0601 5.0421 -8.3000,
          5.0969 4.9304 -8.3000,
          5.0969 4.9304 -4.5000,
          5.1282 4.8171 -8.3000,
          5.1282 4.8171 -4.5000,
          5.1539 4.7024 -4.5000,
          5.1539 4.7024 -8.3000,
          5.1740 4.5865 -4.5000,
          5.1740 4.5865 -8.3000,
          5.1883 4.4698 -4.5000,
          5.1883 4.4698 -8.3000,
          5.1970 4.3526 -4.5000,
          5.1970 4.3526 -8.3000,
          5.1998 4.2351 -8.3000,
          5.1998 4.2351 -4.5000,
        ] }
        coordIndex [
          0 1 2 -1,
          0 3 1 -1,
          4 2 5 -1,
          4 0 2 -1,
          6 5 7 -1,
          6 4 5 -1,
          8 7 9 -1,
          8 6 7 -1,
          10 11 12 -1,
          10 9 11 -1,
          10 8 9 -1,
          13 10 12 -1,
          14 12 15 -1,
          14 13 12 -1,
          16 17 18 -1,
          16 15 17 -1,
          16 14 15 -1,
          19 18 20 -1,
          19 16 18 -1,
          21 20 22 -1,
          21 19 20 -1,
          23 22 24 -1,
          23 21 22 -1,
          25 23 24 -1,
          26 24 27 -1,
          26 25 24 -1,
        ]
      }
    }
    Shape {
      appearance Appearance {
        material Material {
          diffuseColor 0.200 0.200 0.200
          specularColor 0.050 0.050 0.050
          shininess 0.15
        }
      }
      geometry IndexedFaceSet {
        creaseAngle 0.785398
        solid TRUE
        coord Coordinate { point [
          1.9692 8.7210 -7.9137,
          1.9690 8.7212 -7.9000,
          2.2810 8.9715 -7.9000,
          2.2812 8.9712 -7.9193,
          1.9696 8.7204 -7.9277,
          2.2821 8.9700 -7.9389,
          1.9704 8.7192 -7.9436,
          2.2834 8.9683 -7.9567,
          1.9717 8.7176 -7.9597,
          2.2850 8.9662 -7.9729,
          1.9734 8.7153 -7.9759,
          2.2870 8.9634 -7.9892,
          1.9754 8.7125 -7.9922,
          2.2894 8.9601 -8.0055,
          1.9780 8.7091 -8.0085,
          2.2923 8.9563 -8.0218,
          1.9809 8.7051 -8.0248,
          2.2956 8.9518 -8.0381,
          1.9843 8.7005 -8.0411,
          2.2994 8.9467 -8.0543,
          1.9882 8.6953 -8.0572,
          2.3036 8.9409 -8.0703,
          1.9925 8.6894 -8.0732,
          2.3083 8.9346 -8.0861,
          1.9973 8.6830 -8.0889,
          2.3134 8.9277 -8.1016,
          2.0025 8.6760 -8.1044,
          2.3190 8.9202 -8.1168,
          2.0081 8.6683 -8.1196,
          2.3250 8.9121 -8.1317,
          2.0142 8.6601 -8.1344,
          2.3314 8.9034 -8.1461,
          2.0207 8.6514 -8.1488,
          2.3382 8.8942 -8.1601,
          2.0275 8.6421 -8.1627,
          2.3454 8.8845 -8.1736,
          2.0348 8.6323 -8.1760,
          2.3529 8.8743 -8.1865,
          2.0424 8.6220 -8.1889,
          2.3608 8.8636 -8.1989,
          2.0504 8.6112 -8.2011,
          2.3690 8.8525 -8.2106,
          2.0586 8.6001 -8.2127,
          2.3775 8.8411 -8.2216,
          2.0672 8.5885 -8.2236,
          2.3863 8.8292 -8.2320,
          2.0760 8.5766 -8.2338,
          2.3952 8.8171 -8.2417,
          2.0850 8.5644 -8.2434,
          2.4044 8.8047 -8.2506,
          2.0942 8.5520 -8.2521,
          2.4138 8.7921 -8.2588,
          2.1036 8.5393 -8.2602,
          2.4232 8.7793 -8.2662,
          2.1131 8.5265 -8.2675,
          2.4328 8.7663 -8.2728,
          2.1227 8.5135 -8.2740,
          2.4425 8.7532 -8.2787,
          2.1323 8.5004 -8.2798,
          2.4522 8.7401 -8.2839,
          2.1420 8.4873 -8.2848,
          2.4619 8.7270 -8.2883,
          2.1517 8.4742 -8.2890,
          2.4716 8.7139 -8.2920,
          2.1614 8.4611 -8.2926,
          2.4813 8.7008 -8.2949,
          2.1722 8.4466 -8.2957,
          2.4909 8.6878 -8.2972,
          2.1840 8.4306 -8.2981,
          2.5004 8.6750 -8.2988,
          2.1956 8.4149 -8.2995,
          2.5098 8.6623 -8.2997,
          2.2071 8.3994 -8.3000,
          2.5191 8.6497 -8.3000,
        ] }
        coordIndex [
          0 1 2 -1,
          0 2 3 -1,
          4 3 5 -1,
          4 0 3 -1,
          6 5 7 -1,
          6 4 5 -1,
          8 7 9 -1,
          8 6 7 -1,
          10 9 11 -1,
          10 8 9 -1,
          12 10 11 -1,
          12 11 13 -1,
          14 12 13 -1,
          14 13 15 -1,
          16 14 15 -1,
          16 15 17 -1,
          18 16 17 -1,
          18 17 19 -1,
          20 18 19 -1,
          20 19 21 -1,
          22 20 21 -1,
          22 21 23 -1,
          24 22 23 -1,
          24 23 25 -1,
          26 24 25 -1,
          26 25 27 -1,
          28 26 27 -1,
          28 27 29 -1,
          30 28 29 -1,
          30 29 31 -1,
          32 30 31 -1,
          32 31 33 -1,
          34 32 33 -1,
          34 33 35 -1,
          36 34 35 -1,
          36 35 37 -1,
          38 36 37 -1,
          38 37 39 -1,
          40 39 41 -1,
          40 38 39 -1,
          42 41 43 -1,
          42 40 41 -1,
          44 43 45 -1,
          44 42 43 -1,
          46 45 47 -1,
          46 44 45 -1,
          48 47 49 -1,
          48 46 47 -1,
          50 49 51 -1,
          50 48 49 -1,
          52 51 53 -1,
          52 50 51 -1,
          54 53 55 -1,
          54 52 53 -1,
          56 55 57 -1,
          56 54 55 -1,
          58 57 59 -1,
          58 56 57 -1,
          60 59 61 -1,
          60 58 59 -1,
          62 61 63 -1,
          62 60 61 -1,
          64 62 63 -1,
          64 63 65 -1,
          66 64 65 -1,
          66 65 67 -1,
          68 66 67 -1,
          68 67 69 -1,
          70 68 69 -1,
          70 69 71 -1,
          72 70 71 -1,
          72 71 73 -1,
        ]
      }
    }
    Shape {
      appearance Appearance {
        material Material {
          diffuseColor 0.200 0.200 0.200
          specularColor 0.050 0.050 0.050
          shininess 0.15
        }
      }
      geometry IndexedFaceSet {
        creaseAngle 0.785398
        solid TRUE
        coord Coordinate { point [
          0.1998 7.2500 -4.5000,
          0.1998 0.8000 -5.5000,
          0.1998 7.2500 -6.6500,
          0.1998 0.8000 -6.6500,
          0.1998 -3.3660 -4.5000,
          0.1998 -3.3660 -5.5000,
          0.1998 -3.5000 -5.0000,
        ] }
        coordIndex [
          0 1 2 -1,
          2 1 3 -1,
          1 4 5 -1,
          5 4 6 -1,
          0 4 1 -1,
        ]
      }
    }
    Shape {
      appearance Appearance {
        material Material {
          diffuseColor 0.200 0.200 0.200
          specularColor 0.050 0.050 0.050
          shininess 0.15
        }
      }
      geometry IndexedFaceSet {
        creaseAngle 0.785398
        solid TRUE
        coord Coordinate { point [
          0.1998 -3.5000 -5.0000,
          0.1998 -3.3660 -4.5000,
          -0.1998 -3.5000 -5.0000,
          -0.1998 -3.3660 -4.5000,
        ] }
        coordIndex [
          0 1 2 -1,
          2 1 3 -1,
        ]
      }
    }
    Shape {
      appearance Appearance {
        material Material {
          diffuseColor 0.200 0.200 0.200
          specularColor 0.050 0.050 0.050
          shininess 0.15
        }
      }
      geometry IndexedFaceSet {
        creaseAngle 0.785398
        solid TRUE
        coord Coordinate { point [
          0.1998 -3.3660 -5.5000,
          0.1998 -3.5000 -5.0000,
          -0.1998 -3.3660 -5.5000,
          -0.1998 -3.5000 -5.0000,
        ] }
        coordIndex [
          0 1 2 -1,
          2 1 3 -1,
        ]
      }
    }
    Shape {
      appearance Appearance {
        material Material {
          diffuseColor 0.200 0.200 0.200
          specularColor 0.050 0.050 0.050
          shininess 0.15
        }
      }
      geometry IndexedFaceSet {
        creaseAngle 0.785398
        solid TRUE
        coord Coordinate { point [
          -0.1998 -3.3660 -5.5000,
          -0.1998 0.8000 -5.5000,
          0.1998 -3.3660 -5.5000,
          0.1998 0.8000 -5.5000,
        ] }
        coordIndex [
          0 1 2 -1,
          1 3 2 -1,
        ]
      }
    }
    Shape {
      appearance Appearance {
        material Material {
          diffuseColor 0.200 0.200 0.200
          specularColor 0.050 0.050 0.050
          shininess 0.15
        }
      }
      geometry IndexedFaceSet {
        creaseAngle 0.785398
        solid TRUE
        coord Coordinate { point [
          0.1998 0.8000 -6.6500,
          0.1998 0.8000 -5.5000,
          -0.1998 0.8000 -6.6500,
          -0.1998 0.8000 -5.5000,
        ] }
        coordIndex [
          0 1 2 -1,
          2 1 3 -1,
        ]
      }
    }
    Shape {
      appearance Appearance {
        material Material {
          diffuseColor 0.200 0.200 0.200
          specularColor 0.050 0.050 0.050
          shininess 0.15
        }
      }
      geometry IndexedFaceSet {
        creaseAngle 0.785398
        solid TRUE
        coord Coordinate { point [
          -0.1998 0.8000 -6.6500,
          0.1998 7.2500 -6.6500,
          0.1998 0.8000 -6.6500,
          -0.1998 7.2500 -6.6500,
        ] }
        coordIndex [
          0 1 2 -1,
          3 1 0 -1,
        ]
      }
    }
    Shape {
      appearance Appearance {
        material Material {
          diffuseColor 0.200 0.200 0.200
          specularColor 0.050 0.050 0.050
          shininess 0.15
        }
      }
      geometry IndexedFaceSet {
        creaseAngle 0.785398
        solid TRUE
        coord Coordinate { point [
          0.1998 7.2500 -4.5000,
          0.1998 7.2500 -6.6500,
          -0.1998 7.2500 -4.5000,
          -0.1998 7.2500 -6.6500,
        ] }
        coordIndex [
          0 1 2 -1,
          2 1 3 -1,
        ]
      }
    }
    Shape {
      appearance Appearance {
        material Material {
          diffuseColor 0.200 0.200 0.200
          specularColor 0.050 0.050 0.050
          shininess 0.15
        }
      }
      geometry IndexedFaceSet {
        creaseAngle 0.785398
        solid TRUE
        coord Coordinate { point [
          0.1998 7.2500 -4.5000,
          -0.1998 7.2500 -4.5000,
          -0.1998 -3.3660 -4.5000,
          0.1998 -3.3660 -4.5000,
        ] }
        coordIndex [
          0 1 2 -1,
          0 2 3 -1,
        ]
      }
    }
    Shape {
      appearance Appearance {
        material Material {
          diffuseColor 0.200 0.200 0.200
          specularColor 0.050 0.050 0.050
          shininess 0.15
        }
      }
      geometry IndexedFaceSet {
        creaseAngle 0.785398
        solid TRUE
        coord Coordinate { point [
          -0.1998 -3.5000 -5.0000,
          -0.1998 -3.3660 -4.5000,
          -0.1998 -3.3660 -5.5000,
          -0.1998 0.8000 -5.5000,
          -0.1998 7.2500 -6.6500,
          -0.1998 0.8000 -6.6500,
          -0.1998 7.2500 -4.5000,
        ] }
        coordIndex [
          0 1 2 -1,
          1 3 2 -1,
          3 4 5 -1,
          3 6 4 -1,
          1 6 3 -1,
        ]
      }
    }
    Shape {
      appearance Appearance {
        material Material {
          diffuseColor 0.200 0.200 0.200
          specularColor 0.050 0.050 0.050
          shininess 0.15
        }
      }
      geometry IndexedFaceSet {
        creaseAngle 0.785398
        solid TRUE
        coord Coordinate { point [
          -5.1998 -3.5000 -7.5000,
          -5.1998 -3.3660 -7.0000,
          -5.1998 -3.3660 -8.0000,
          -5.1998 0.8000 -8.0000,
          -5.1998 0.8000 -7.0000,
          -5.1998 4.2351 -8.3000,
          -5.1998 0.8000 -8.3000,
          -5.1998 0.8000 -4.5000,
          -5.1998 4.2351 -4.5000,
        ] }
        coordIndex [
          0 1 2 -1,
          1 3 2 -1,
          1 4 3 -1,
          3 5 6 -1,
          4 5 3 -1,
          7 8 4 -1,
          4 8 5 -1,
        ]
      }
    }
    Shape {
      appearance Appearance {
        material Material {
          diffuseColor 0.200 0.200 0.200
          specularColor 0.050 0.050 0.050
          shininess 0.15
        }
      }
      geometry IndexedFaceSet {
        creaseAngle 0.785398
        solid TRUE
        coord Coordinate { point [
          -4.8002 -3.3660 -8.0000,
          -4.8002 -3.5000 -7.5000,
          -5.1998 -3.3660 -8.0000,
          -5.1998 -3.5000 -7.5000,
        ] }
        coordIndex [
          0 1 2 -1,
          2 1 3 -1,
        ]
      }
    }
    Shape {
      appearance Appearance {
        material Material {
          diffuseColor 0.200 0.200 0.200
          specularColor 0.050 0.050 0.050
          shininess 0.15
        }
      }
      geometry IndexedFaceSet {
        creaseAngle 0.785398
        solid TRUE
        coord Coordinate { point [
          -4.8002 -3.5000 -7.5000,
          -4.8002 -3.3660 -7.0000,
          -5.1998 -3.5000 -7.5000,
          -5.1998 -3.3660 -7.0000,
        ] }
        coordIndex [
          0 1 2 -1,
          2 1 3 -1,
        ]
      }
    }
    Shape {
      appearance Appearance {
        material Material {
          diffuseColor 0.200 0.200 0.200
          specularColor 0.050 0.050 0.050
          shininess 0.15
        }
      }
      geometry IndexedFaceSet {
        creaseAngle 0.785398
        solid TRUE
        coord Coordinate { point [
          -4.8002 0.8000 -7.0000,
          -5.1998 0.8000 -7.0000,
          -4.8002 -3.3660 -7.0000,
          -5.1998 -3.3660 -7.0000,
        ] }
        coordIndex [
          0 1 2 -1,
          2 1 3 -1,
        ]
      }
    }
    Shape {
      appearance Appearance {
        material Material {
          diffuseColor 0.200 0.200 0.200
          specularColor 0.050 0.050 0.050
          shininess 0.15
        }
      }
      geometry IndexedFaceSet {
        creaseAngle 0.785398
        solid TRUE
        coord Coordinate { point [
          -4.8002 0.8000 -7.0000,
          -5.1998 0.8000 -4.5000,
          -5.1998 0.8000 -7.0000,
          -4.8002 0.8000 -4.5000,
        ] }
        coordIndex [
          0 1 2 -1,
          3 1 0 -1,
        ]
      }
    }
    Shape {
      appearance Appearance {
        material Material {
          diffuseColor 0.200 0.200 0.200
          specularColor 0.050 0.050 0.050
          shininess 0.15
        }
      }
      geometry IndexedFaceSet {
        creaseAngle 0.785398
        solid TRUE
        coord Coordinate { point [
          -4.8002 4.2351 -4.5000,
          -5.1998 4.2351 -4.5000,
          -5.1998 0.8000 -4.5000,
          -4.8002 0.8000 -4.5000,
          -4.7978 4.3330 -4.5000,
          -5.1970 4.3526 -4.5000,
          -4.7906 4.4307 -4.5000,
          -5.1883 4.4698 -4.5000,
          -4.7786 4.5280 -4.5000,
          -5.1740 4.5865 -4.5000,
          -4.7619 4.6245 -4.5000,
          -5.1282 4.8171 -4.5000,
          -5.1539 4.7024 -4.5000,
          -4.7404 4.7201 -4.5000,
          -4.7143 4.8146 -4.5000,
          -5.0969 4.9304 -4.5000,
          -4.6837 4.9076 -4.5000,
          -5.0178 5.1518 -4.5000,
          -5.0601 5.0421 -4.5000,
          -4.6485 4.9991 -4.5000,
          -4.6088 5.0887 -4.5000,
          -4.9175 5.3643 -4.5000,
          -4.9703 5.2593 -4.5000,
          -4.5648 5.1763 -4.5000,
          -4.8597 5.4667 -4.5000,
          -4.5166 5.2616 -4.5000,
          -4.4643 5.3444 -4.5000,
          -4.7969 5.5661 -4.5000,
          -4.7293 5.6623 -4.5000,
          -4.4080 5.4246 -4.5000,
          -1.9690 8.7212 -4.5000,
          -2.2810 8.9715 -4.5000,
        ] }
        coordIndex [
          0 1 2 -1,
          0 2 3 -1,
          4 5 1 -1,
          4 1 0 -1,
          6 7 5 -1,
          6 5 4 -1,
          8 9 7 -1,
          8 7 6 -1,
          10 11 12 -1,
          10 12 9 -1,
          10 9 8 -1,
          13 11 10 -1,
          14 15 11 -1,
          14 11 13 -1,
          16 17 18 -1,
          16 18 15 -1,
          16 15 14 -1,
          19 17 16 -1,
          20 21 22 -1,
          20 22 17 -1,
          20 17 19 -1,
          23 24 21 -1,
          23 21 20 -1,
          25 24 23 -1,
          26 27 24 -1,
          26 24 25 -1,
          28 27 26 -1,
          29 28 26 -1,
          30 31 28 -1,
          30 28 29 -1,
        ]
      }
    }
    Shape {
      appearance Appearance {
        material Material {
          diffuseColor 0.200 0.200 0.200
          specularColor 0.050 0.050 0.050
          shininess 0.15
        }
      }
      geometry IndexedFaceSet {
        creaseAngle 0.785398
        solid TRUE
        coord Coordinate { point [
          -5.1970 4.3526 -8.3000,
          -5.1998 4.2351 -4.5000,
          -5.1970 4.3526 -4.5000,
          -5.1998 4.2351 -8.3000,
          -5.1883 4.4698 -8.3000,
          -5.1883 4.4698 -4.5000,
          -5.1740 4.5865 -8.3000,
          -5.1740 4.5865 -4.5000,
          -5.1539 4.7024 -8.3000,
          -5.1539 4.7024 -4.5000,
          -5.1282 4.8171 -8.3000,
          -5.1282 4.8171 -4.5000,
          -5.0969 4.9304 -4.5000,
          -5.0969 4.9304 -8.3000,
          -5.0601 5.0421 -8.3000,
          -5.0601 5.0421 -4.5000,
          -5.0178 5.1518 -8.3000,
          -5.0178 5.1518 -4.5000,
          -4.9703 5.2593 -4.5000,
          -4.9703 5.2593 -8.3000,
          -4.9175 5.3643 -4.5000,
          -4.9175 5.3643 -8.3000,
          -4.8597 5.4667 -4.5000,
          -4.8597 5.4667 -8.3000,
          -4.7969 5.5661 -4.5000,
          -4.7969 5.5661 -8.3000,
          -4.7293 5.6623 -8.3000,
          -4.7293 5.6623 -4.5000,
        ] }
        coordIndex [
          0 1 2 -1,
          0 3 1 -1,
          4 2 5 -1,
          4 0 2 -1,
          6 5 7 -1,
          6 4 5 -1,
          8 7 9 -1,
          8 6 7 -1,
          10 11 12 -1,
          10 9 11 -1,
          10 8 9 -1,
          13 10 12 -1,
          14 12 15 -1,
          14 13 12 -1,
          16 17 18 -1,
          16 15 17 -1,
          16 14 15 -1,
          19 18 20 -1,
          19 16 18 -1,
          21 20 22 -1,
          21 19 20 -1,
          23 22 24 -1,
          23 21 22 -1,
          25 23 24 -1,
          26 24 27 -1,
          26 25 24 -1,
        ]
      }
    }
    Shape {
      appearance Appearance {
        material Material {
          diffuseColor 0.200 0.200 0.200
          specularColor 0.050 0.050 0.050
          shininess 0.15
        }
      }
      geometry IndexedFaceSet {
        creaseAngle 0.785398
        solid TRUE
        coord Coordinate { point [
          -5.1998 4.2351 -8.3000,
          -4.8002 4.2351 -8.3000,
          -5.1998 0.8000 -8.3000,
          -4.8002 0.8000 -8.3000,
          -5.1883 4.4698 -8.3000,
          -4.7978 4.3330 -8.3000,
          -5.1970 4.3526 -8.3000,
          -5.1740 4.5865 -8.3000,
          -4.7906 4.4307 -8.3000,
          -5.1539 4.7024 -8.3000,
          -4.7786 4.5280 -8.3000,
          -4.7619 4.6245 -8.3000,
          -5.1282 4.8171 -8.3000,
          -4.7404 4.7201 -8.3000,
          -5.0601 5.0421 -8.3000,
          -4.7143 4.8146 -8.3000,
          -5.0969 4.9304 -8.3000,
          -4.6837 4.9076 -8.3000,
          -5.0178 5.1518 -8.3000,
          -4.6485 4.9991 -8.3000,
          -4.9175 5.3643 -8.3000,
          -4.6088 5.0887 -8.3000,
          -4.9703 5.2593 -8.3000,
          -4.5648 5.1763 -8.3000,
          -4.8597 5.4667 -8.3000,
          -4.5166 5.2616 -8.3000,
          -4.7969 5.5661 -8.3000,
          -4.4643 5.3444 -8.3000,
          -4.7293 5.6623 -8.3000,
          -4.4080 5.4246 -8.3000,
          -2.5191 8.6497 -8.3000,
          -2.2071 8.3994 -8.3000,
        ] }
        coordIndex [
          0 1 2 -1,
          2 1 3 -1,
          4 5 6 -1,
          6 5 0 -1,
          0 5 1 -1,
          7 8 4 -1,
          4 8 5 -1,
          9 10 7 -1,
          7 10 8 -1,
          9 11 10 -1,
          12 13 9 -1,
          9 13 11 -1,
          14 15 16 -1,
          16 15 12 -1,
          12 15 13 -1,
          14 17 15 -1,
          18 19 14 -1,
          14 19 17 -1,
          20 21 22 -1,
          22 21 18 -1,
          18 21 19 -1,
          20 23 21 -1,
          24 25 20 -1,
          20 25 23 -1,
          26 27 24 -1,
          24 27 25 -1,
          28 29 26 -1,
          26 29 27 -1,
          30 31 28 -1,
          28 31 29 -1,
        ]
      }
    }
    Shape {
      appearance Appearance {
        material Material {
          diffuseColor 0.200 0.200 0.200
          specularColor 0.050 0.050 0.050
          shininess 0.15
        }
      }
      geometry IndexedFaceSet {
        creaseAngle 0.785398
        solid TRUE
        coord Coordinate { point [
          -4.8002 0.8000 -8.0000,
          -5.1998 0.8000 -8.3000,
          -4.8002 0.8000 -8.3000,
          -5.1998 0.8000 -8.0000,
        ] }
        coordIndex [
          0 1 2 -1,
          0 3 1 -1,
        ]
      }
    }
    Shape {
      appearance Appearance {
        material Material {
          diffuseColor 0.200 0.200 0.200
          specularColor 0.050 0.050 0.050
          shininess 0.15
        }
      }
      geometry IndexedFaceSet {
        creaseAngle 0.785398
        solid TRUE
        coord Coordinate { point [
          -5.1998 0.8000 -8.0000,
          -4.8002 0.8000 -8.0000,
          -5.1998 -3.3660 -8.0000,
          -4.8002 -3.3660 -8.0000,
        ] }
        coordIndex [
          0 1 2 -1,
          2 1 3 -1,
        ]
      }
    }
    Shape {
      appearance Appearance {
        material Material {
          diffuseColor 0.200 0.200 0.200
          specularColor 0.050 0.050 0.050
          shininess 0.15
        }
      }
      geometry IndexedFaceSet {
        creaseAngle 0.785398
        solid TRUE
        coord Coordinate { point [
          -4.8002 4.2351 -8.3000,
          -4.8002 0.8000 -8.0000,
          -4.8002 0.8000 -8.3000,
          -4.8002 4.2351 -4.5000,
          -4.8002 0.8000 -7.0000,
          -4.8002 0.8000 -4.5000,
          -4.8002 -3.3660 -8.0000,
          -4.8002 -3.3660 -7.0000,
          -4.8002 -3.5000 -7.5000,
        ] }
        coordIndex [
          0 1 2 -1,
          3 4 0 -1,
          0 4 1 -1,
          3 5 4 -1,
          4 6 1 -1,
          6 7 8 -1,
          4 7 6 -1,
        ]
      }
    }
    Shape {
      appearance Appearance {
        material Material {
          diffuseColor 0.200 0.200 0.200
          specularColor 0.050 0.050 0.050
          shininess 0.15
        }
      }
      geometry IndexedFaceSet {
        creaseAngle 0.785398
        solid TRUE
        coord Coordinate { point [
          -4.7293 5.6623 -8.3000,
          -4.7293 5.6623 -4.5000,
          -2.5191 8.6497 -8.3000,
          -2.2810 8.9715 -7.9000,
          -2.5076 8.6652 -8.2995,
          -2.4959 8.6810 -8.2981,
          -2.4841 8.6970 -8.2957,
          -2.4734 8.7115 -8.2926,
          -2.4637 8.7246 -8.2890,
          -2.4540 8.7377 -8.2848,
          -2.4443 8.7508 -8.2798,
          -2.4346 8.7639 -8.2740,
          -2.4250 8.7769 -8.2675,
          -2.4155 8.7897 -8.2602,
          -2.4061 8.8024 -8.2521,
          -2.3969 8.8148 -8.2434,
          -2.3879 8.8270 -8.2338,
          -2.3791 8.8389 -8.2236,
          -2.3706 8.8504 -8.2127,
          -2.3623 8.8616 -8.2011,
          -2.3544 8.8723 -8.1889,
          -2.3468 8.8826 -8.1760,
          -2.3395 8.8924 -8.1627,
          -2.3326 8.9017 -8.1488,
          -2.3261 8.9105 -8.1344,
          -2.3201 8.9187 -8.1196,
          -2.3144 8.9263 -8.1044,
          -2.3092 8.9334 -8.0889,
          -2.3044 8.9398 -8.0732,
          -2.3001 8.9456 -8.0572,
          -2.2963 8.9509 -8.0411,
          -2.2929 8.9555 -8.0248,
          -2.2899 8.9595 -8.0085,
          -2.2874 8.9629 -7.9922,
          -2.2853 8.9657 -7.9759,
          -2.2836 8.9679 -7.9597,
          -2.2824 8.9696 -7.9436,
          -2.2815 8.9708 -7.9277,
          -2.2811 8.9714 -7.9137,
          -2.2810 8.9715 -4.5000,
        ] }
        coordIndex [
          0 1 2 -1,
          2 3 4 -1,
          4 3 5 -1,
          5 3 6 -1,
          6 3 7 -1,
          7 3 8 -1,
          8 3 9 -1,
          9 3 10 -1,
          10 3 11 -1,
          11 3 12 -1,
          12 3 13 -1,
          13 3 14 -1,
          14 3 15 -1,
          15 3 16 -1,
          16 3 17 -1,
          17 3 18 -1,
          18 3 19 -1,
          19 3 20 -1,
          20 3 21 -1,
          21 3 22 -1,
          22 3 23 -1,
          23 3 24 -1,
          24 3 25 -1,
          25 3 26 -1,
          26 3 27 -1,
          27 3 28 -1,
          28 3 29 -1,
          29 3 30 -1,
          30 3 31 -1,
          31 3 32 -1,
          32 3 33 -1,
          33 3 34 -1,
          34 3 35 -1,
          35 3 36 -1,
          36 3 37 -1,
          37 3 38 -1,
          1 3 2 -1,
          1 39 3 -1,
        ]
      }
    }
    Shape {
      appearance Appearance {
        material Material {
          diffuseColor 0.200 0.200 0.200
          specularColor 0.050 0.050 0.050
          shininess 0.15
        }
      }
      geometry IndexedFaceSet {
        creaseAngle 0.785398
        solid TRUE
        coord Coordinate { point [
          -2.2810 8.9715 -4.5000,
          -1.9690 8.7212 -4.5000,
          -2.2810 8.9715 -7.9000,
          -1.9690 8.7212 -7.9000,
        ] }
        coordIndex [
          0 1 2 -1,
          2 1 3 -1,
        ]
      }
    }
    Shape {
      appearance Appearance {
        material Material {
          diffuseColor 0.200 0.200 0.200
          specularColor 0.050 0.050 0.050
          shininess 0.15
        }
      }
      geometry IndexedFaceSet {
        creaseAngle 0.785398
        solid TRUE
        coord Coordinate { point [
          -1.9693 8.7208 -7.9193,
          -1.9690 8.7212 -7.9000,
          -1.9702 8.7196 -7.9389,
          -1.9714 8.7179 -7.9567,
          -1.9730 8.7158 -7.9729,
          -1.9750 8.7131 -7.9892,
          -1.9775 8.7098 -8.0055,
          -1.9803 8.7059 -8.0218,
          -1.9837 8.7014 -8.0381,
          -1.9874 8.6963 -8.0543,
          -1.9917 8.6906 -8.0703,
          -1.9964 8.6842 -8.0861,
          -2.0015 8.6773 -8.1016,
          -2.0070 8.6698 -8.1168,
          -2.0130 8.6617 -8.1317,
          -2.0194 8.6530 -8.1461,
          -2.0262 8.6438 -8.1601,
          -2.0334 8.6341 -8.1736,
          -2.0410 8.6239 -8.1865,
          -2.0489 8.6132 -8.1989,
          -2.0571 8.6021 -8.2106,
          -2.0656 8.5907 -8.2216,
          -2.0743 8.5788 -8.2320,
          -2.0833 8.5667 -8.2417,
          -2.0925 8.5543 -8.2506,
          -2.1018 8.5417 -8.2588,
          -2.1113 8.5289 -8.2662,
          -2.1209 8.5159 -8.2728,
          -2.1305 8.5029 -8.2787,
          -2.1402 8.4898 -8.2839,
          -2.1500 8.4766 -8.2883,
          -2.1597 8.4635 -8.2920,
          -2.1693 8.4504 -8.2949,
          -2.1789 8.4375 -8.2972,
          -2.1884 8.4246 -8.2988,
          -2.1978 8.4119 -8.2997,
          -2.2071 8.3994 -8.3000,
          -4.4080 5.4246 -4.5000,
          -4.4080 5.4246 -8.3000,
          -1.9690 8.7212 -4.5000,
        ] }
        coordIndex [
          0 1 2 -1,
          2 1 3 -1,
          3 1 4 -1,
          4 1 5 -1,
          5 1 6 -1,
          6 1 7 -1,
          7 1 8 -1,
          8 1 9 -1,
          9 1 10 -1,
          10 1 11 -1,
          11 1 12 -1,
          12 1 13 -1,
          13 1 14 -1,
          14 1 15 -1,
          15 1 16 -1,
          16 1 17 -1,
          17 1 18 -1,
          18 1 19 -1,
          19 1 20 -1,
          20 1 21 -1,
          21 1 22 -1,
          22 1 23 -1,
          23 1 24 -1,
          24 1 25 -1,
          25 1 26 -1,
          26 1 27 -1,
          27 1 28 -1,
          28 1 29 -1,
          29 1 30 -1,
          30 1 31 -1,
          31 1 32 -1,
          32 1 33 -1,
          33 1 34 -1,
          34 1 35 -1,
          1 36 35 -1,
          36 37 38 -1,
          39 37 1 -1,
          1 37 36 -1,
        ]
      }
    }
    Shape {
      appearance Appearance {
        material Material {
          diffuseColor 0.200 0.200 0.200
          specularColor 0.050 0.050 0.050
          shininess 0.15
        }
      }
      geometry IndexedFaceSet {
        creaseAngle 0.785398
        solid TRUE
        coord Coordinate { point [
          -4.8002 4.2351 -8.3000,
          -4.7978 4.3330 -8.3000,
          -4.8002 4.2351 -4.5000,
          -4.7978 4.3330 -4.5000,
          -4.7906 4.4307 -8.3000,
          -4.7906 4.4307 -4.5000,
          -4.7786 4.5280 -8.3000,
          -4.7786 4.5280 -4.5000,
          -4.7619 4.6245 -8.3000,
          -4.7619 4.6245 -4.5000,
          -4.7404 4.7201 -8.3000,
          -4.7404 4.7201 -4.5000,
          -4.7143 4.8146 -8.3000,
          -4.7143 4.8146 -4.5000,
          -4.6837 4.9076 -8.3000,
          -4.6837 4.9076 -4.5000,
          -4.6485 4.9991 -4.5000,
          -4.6485 4.9991 -8.3000,
          -4.6088 5.0887 -8.3000,
          -4.6088 5.0887 -4.5000,
          -4.5648 5.1763 -8.3000,
          -4.5648 5.1763 -4.5000,
          -4.5166 5.2616 -8.3000,
          -4.5166 5.2616 -4.5000,
          -4.4643 5.3444 -8.3000,
          -4.4643 5.3444 -4.5000,
          -4.4080 5.4246 -8.3000,
          -4.4080 5.4246 -4.5000,
        ] }
        coordIndex [
          0 1 2 -1,
          2 1 3 -1,
          3 4 5 -1,
          1 4 3 -1,
          5 6 7 -1,
          4 6 5 -1,
          7 8 9 -1,
          6 8 7 -1,
          9 10 11 -1,
          8 10 9 -1,
          11 12 13 -1,
          10 12 11 -1,
          13 14 15 -1,
          15 14 16 -1,
          12 14 13 -1,
          14 17 16 -1,
          16 18 19 -1,
          17 18 16 -1,
          19 20 21 -1,
          18 20 19 -1,
          21 22 23 -1,
          20 22 21 -1,
          23 24 25 -1,
          22 24 23 -1,
          25 26 27 -1,
          24 26 25 -1,
        ]
      }
    }
    Shape {
      appearance Appearance {
        material Material {
          diffuseColor 0.200 0.200 0.200
          specularColor 0.050 0.050 0.050
          shininess 0.15
        }
      }
      geometry IndexedFaceSet {
        creaseAngle 0.785398
        solid TRUE
        coord Coordinate { point [
          -2.2811 8.9714 -7.9137,
          -2.2810 8.9715 -7.9000,
          -1.9690 8.7212 -7.9000,
          -1.9693 8.7208 -7.9193,
          -2.2815 8.9708 -7.9277,
          -1.9702 8.7196 -7.9389,
          -2.2824 8.9696 -7.9436,
          -1.9714 8.7179 -7.9567,
          -2.2836 8.9679 -7.9597,
          -1.9730 8.7158 -7.9729,
          -2.2853 8.9657 -7.9759,
          -1.9750 8.7131 -7.9892,
          -2.2874 8.9629 -7.9922,
          -1.9775 8.7098 -8.0055,
          -2.2899 8.9595 -8.0085,
          -1.9803 8.7059 -8.0218,
          -2.2929 8.9555 -8.0248,
          -1.9837 8.7014 -8.0381,
          -2.2963 8.9509 -8.0411,
          -1.9874 8.6963 -8.0543,
          -2.3001 8.9456 -8.0572,
          -1.9917 8.6906 -8.0703,
          -2.3044 8.9398 -8.0732,
          -1.9964 8.6842 -8.0861,
          -2.3092 8.9334 -8.0889,
          -2.0015 8.6773 -8.1016,
          -2.3144 8.9263 -8.1044,
          -2.0070 8.6698 -8.1168,
          -2.3201 8.9187 -8.1196,
          -2.0130 8.6617 -8.1317,
          -2.3261 8.9105 -8.1344,
          -2.0194 8.6530 -8.1461,
          -2.3326 8.9017 -8.1488,
          -2.0262 8.6438 -8.1601,
          -2.3395 8.8924 -8.1627,
          -2.0334 8.6341 -8.1736,
          -2.3468 8.8826 -8.1760,
          -2.0410 8.6239 -8.1865,
          -2.3544 8.8723 -8.1889,
          -2.0489 8.6132 -8.1989,
          -2.3623 8.8616 -8.2011,
          -2.0571 8.6021 -8.2106,
          -2.3706 8.8504 -8.2127,
          -2.0656 8.5907 -8.2216,
          -2.3791 8.8389 -8.2236,
          -2.0743 8.5788 -8.2320,
          -2.3879 8.8270 -8.2338,
          -2.0833 8.5667 -8.2417,
          -2.3969 8.8148 -8.2434,
          -2.0925 8.5543 -8.2506,
          -2.4061 8.8024 -8.2521,
          -2.1018 8.5417 -8.2588,
          -2.4155 8.7897 -8.2602,
          -2.1113 8.5289 -8.2662,
          -2.4250 8.7769 -8.2675,
          -2.1209 8.5159 -8.2728,
          -2.4346 8.7639 -8.2740,
          -2.1305 8.5029 -8.2787,
          -2.4443 8.7508 -8.2798,
          -2.1402 8.4898 -8.2839,
          -2.4540 8.7377 -8.2848,
          -2.1500 8.4766 -8.2883,
          -2.4637 8.7246 -8.2890,
          -2.1597 8.4635 -8.2920,
          -2.4734 8.7115 -8.2926,
          -2.1693 8.4504 -8.2949,
          -2.4841 8.6970 -8.2957,
          -2.1789 8.4375 -8.2972,
          -2.4959 8.6810 -8.2981,
          -2.1884 8.4246 -8.2988,
          -2.5076 8.6652 -8.2995,
          -2.1978 8.4119 -8.2997,
          -2.5191 8.6497 -8.3000,
          -2.2071 8.3994 -8.3000,
        ] }
        coordIndex [
          0 1 2 -1,
          0 2 3 -1,
          4 3 5 -1,
          4 0 3 -1,
          6 5 7 -1,
          6 4 5 -1,
          8 7 9 -1,
          8 6 7 -1,
          10 9 11 -1,
          10 8 9 -1,
          12 10 11 -1,
          12 11 13 -1,
          14 12 13 -1,
          14 13 15 -1,
          16 14 15 -1,
          16 15 17 -1,
          18 16 17 -1,
          18 17 19 -1,
          20 18 19 -1,
          20 19 21 -1,
          22 20 21 -1,
          22 21 23 -1,
          24 22 23 -1,
          24 23 25 -1,
          26 24 25 -1,
          26 25 27 -1,
          28 26 27 -1,
          28 27 29 -1,
          30 28 29 -1,
          30 29 31 -1,
          32 30 31 -1,
          32 31 33 -1,
          34 32 33 -1,
          34 33 35 -1,
          36 34 35 -1,
          36 35 37 -1,
          38 36 37 -1,
          38 37 39 -1,
          40 39 41 -1,
          40 38 39 -1,
          42 41 43 -1,
          42 40 41 -1,
          44 43 45 -1,
          44 42 43 -1,
          46 45 47 -1,
          46 44 45 -1,
          48 47 49 -1,
          48 46 47 -1,
          50 49 51 -1,
          50 48 49 -1,
          52 51 53 -1,
          52 50 51 -1,
          54 53 55 -1,
          54 52 53 -1,
          56 55 57 -1,
          56 54 55 -1,
          58 57 59 -1,
          58 56 57 -1,
          60 59 61 -1,
          60 58 59 -1,
          62 61 63 -1,
          62 60 61 -1,
          64 62 63 -1,
          64 63 65 -1,
          66 64 65 -1,
          66 65 67 -1,
          68 66 67 -1,
          68 67 69 -1,
          70 68 69 -1,
          70 69 71 -1,
          72 70 71 -1,
          72 71 73 -1,
        ]
      }
    }
    Shape {
      appearance Appearance {
        material Material {
          diffuseColor 0.200 0.200 0.200
          specularColor 0.050 0.050 0.050
          shininess 0.15
        }
      }
      geometry IndexedFaceSet {
        creaseAngle 0.785398
        solid TRUE
        coord Coordinate { point [
          -7.2294 4.2274 -6.6500,
          -2.8122 10.1979 -4.5000,
          -2.8122 10.1979 -6.6500,
          -7.2294 4.2274 -4.5000,
        ] }
        coordIndex [
          0 1 2 -1,
          3 1 0 -1,
        ]
      }
    }
    Shape {
      appearance Appearance {
        material Material {
          diffuseColor 0.200 0.200 0.200
          specularColor 0.050 0.050 0.050
          shininess 0.15
        }
      }
      geometry IndexedFaceSet {
        creaseAngle 0.785398
        solid TRUE
        coord Coordinate { point [
          -7.7000 2.8000 -6.6500,
          -7.3000 2.8000 -6.6500,
          -7.7000 0.8000 -6.6500,
          -7.3000 0.8000 -6.6500,
          -7.6885 3.0348 -6.6500,
          -7.2976 2.8980 -6.6500,
          -7.6971 2.9175 -6.6500,
          -7.2904 2.9957 -6.6500,
          -7.6741 3.1515 -6.6500,
          -7.2784 3.0929 -6.6500,
          -7.6283 3.3821 -6.6500,
          -7.2617 3.1895 -6.6500,
          -7.6541 3.2674 -6.6500,
          -7.2403 3.2851 -6.6500,
          -7.5970 3.4954 -6.6500,
          -7.2142 3.3795 -6.6500,
          -7.5602 3.6071 -6.6500,
          -7.1835 3.4726 -6.6500,
          -7.5180 3.7168 -6.6500,
          -7.1483 3.5640 -6.6500,
          -7.4176 3.9294 -6.6500,
          -7.1087 3.6536 -6.6500,
          -7.4704 3.8244 -6.6500,
          -7.0647 3.7412 -6.6500,
          -7.3598 4.0318 -6.6500,
          -7.0165 3.8265 -6.6500,
          -7.2970 4.1312 -6.6500,
          -6.9641 3.9093 -6.6500,
          -7.2294 4.2274 -6.6500,
          -6.9078 3.9895 -6.6500,
          -2.8122 10.1979 -6.6500,
          -2.5000 9.9474 -6.6500,
        ] }
        coordIndex [
          0 1 2 -1,
          2 1 3 -1,
          4 5 6 -1,
          6 5 0 -1,
          0 5 1 -1,
          4 7 5 -1,
          8 9 4 -1,
          4 9 7 -1,
          10 11 12 -1,
          12 11 8 -1,
          8 11 9 -1,
          10 13 11 -1,
          14 15 10 -1,
          10 15 13 -1,
          16 17 14 -1,
          14 17 15 -1,
          18 19 16 -1,
          16 19 17 -1,
          20 21 22 -1,
          22 21 18 -1,
          18 21 19 -1,
          20 23 21 -1,
          24 25 20 -1,
          20 25 23 -1,
          26 27 24 -1,
          24 27 25 -1,
          28 29 26 -1,
          26 29 27 -1,
          30 31 28 -1,
          28 31 29 -1,
        ]
      }
    }
    Shape {
      appearance Appearance {
        material Material {
          diffuseColor 0.200 0.200 0.200
          specularColor 0.050 0.050 0.050
          shininess 0.15
        }
      }
      geometry IndexedFaceSet {
        creaseAngle 0.785398
        solid TRUE
        coord Coordinate { point [
          -7.6971 2.9175 -6.6500,
          -7.7000 2.8000 -4.5000,
          -7.6971 2.9175 -4.5000,
          -7.7000 2.8000 -6.6500,
          -7.6885 3.0348 -6.6500,
          -7.6885 3.0348 -4.5000,
          -7.6741 3.1515 -6.6500,
          -7.6741 3.1515 -4.5000,
          -7.6541 3.2674 -6.6500,
          -7.6541 3.2674 -4.5000,
          -7.6283 3.3821 -6.6500,
          -7.6283 3.3821 -4.5000,
          -7.5970 3.4954 -6.6500,
          -7.5970 3.4954 -4.5000,
          -7.5602 3.6071 -6.6500,
          -7.5602 3.6071 -4.5000,
          -7.5180 3.7168 -6.6500,
          -7.5180 3.7168 -4.5000,
          -7.4704 3.8244 -6.6500,
          -7.4704 3.8244 -4.5000,
          -7.4176 3.9294 -6.6500,
          -7.4176 3.9294 -4.5000,
          -7.3598 4.0318 -6.6500,
          -7.3598 4.0318 -4.5000,
          -7.2970 4.1312 -6.6500,
          -7.2970 4.1312 -4.5000,
          -7.2294 4.2274 -6.6500,
          -7.2294 4.2274 -4.5000,
        ] }
        coordIndex [
          0 1 2 -1,
          0 3 1 -1,
          4 2 5 -1,
          4 0 2 -1,
          6 5 7 -1,
          6 4 5 -1,
          8 7 9 -1,
          8 6 7 -1,
          10 9 11 -1,
          10 8 9 -1,
          12 11 13 -1,
          12 10 11 -1,
          14 13 15 -1,
          14 12 13 -1,
          16 15 17 -1,
          16 14 15 -1,
          18 17 19 -1,
          18 16 17 -1,
          20 19 21 -1,
          20 18 19 -1,
          22 21 23 -1,
          22 20 21 -1,
          24 23 25 -1,
          24 22 23 -1,
          26 25 27 -1,
          26 24 25 -1,
        ]
      }
    }
    Shape {
      appearance Appearance {
        material Material {
          diffuseColor 0.200 0.200 0.200
          specularColor 0.050 0.050 0.050
          shininess 0.15
        }
      }
      geometry IndexedFaceSet {
        creaseAngle 0.785398
        solid TRUE
        coord Coordinate { point [
          -7.3000 2.8000 -4.5000,
          -7.7000 2.8000 -4.5000,
          -7.7000 -3.3660 -4.5000,
          -7.3000 -3.3660 -4.5000,
          -7.2976 2.8980 -4.5000,
          -7.6971 2.9175 -4.5000,
          -7.2904 2.9957 -4.5000,
          -7.6885 3.0348 -4.5000,
          -7.2784 3.0929 -4.5000,
          -7.6741 3.1515 -4.5000,
          -7.2617 3.1895 -4.5000,
          -7.6541 3.2674 -4.5000,
          -7.2403 3.2851 -4.5000,
          -7.6283 3.3821 -4.5000,
          -7.5970 3.4954 -4.5000,
          -7.2142 3.3795 -4.5000,
          -7.1835 3.4726 -4.5000,
          -7.5602 3.6071 -4.5000,
          -7.1483 3.5640 -4.5000,
          -7.5180 3.7168 -4.5000,
          -7.1087 3.6536 -4.5000,
          -7.4704 3.8244 -4.5000,
          -7.0647 3.7412 -4.5000,
          -7.4176 3.9294 -4.5000,
          -7.0165 3.8265 -4.5000,
          -7.3598 4.0318 -4.5000,
          -6.9641 3.9093 -4.5000,
          -7.2970 4.1312 -4.5000,
          -6.9078 3.9895 -4.5000,
          -7.2294 4.2274 -4.5000,
          -2.5000 9.9474 -4.5000,
          -2.8122 10.1979 -4.5000,
        ] }
        coordIndex [
          0 1 2 -1,
          0 2 3 -1,
          4 5 1 -1,
          4 1 0 -1,
          6 7 5 -1,
          6 5 4 -1,
          8 9 7 -1,
          8 7 6 -1,
          10 11 9 -1,
          10 9 8 -1,
          12 13 11 -1,
          12 14 13 -1,
          12 11 10 -1,
          15 14 12 -1,
          16 17 14 -1,
          16 14 15 -1,
          18 19 17 -1,
          18 17 16 -1,
          20 21 19 -1,
          20 19 18 -1,
          22 23 21 -1,
          22 21 20 -1,
          24 25 23 -1,
          24 23 22 -1,
          26 27 25 -1,
          26 25 24 -1,
          28 29 27 -1,
          28 27 26 -1,
          30 31 29 -1,
          30 29 28 -1,
        ]
      }
    }
    Shape {
      appearance Appearance {
        material Material {
          diffuseColor 0.200 0.200 0.200
          specularColor 0.050 0.050 0.050
          shininess 0.15
        }
      }
      geometry IndexedFaceSet {
        creaseAngle 0.785398
        solid TRUE
        coord Coordinate { point [
          -2.8122 10.1979 -6.6500,
          -2.5000 9.9474 -4.5000,
          -2.5000 9.9474 -6.6500,
          -2.8122 10.1979 -4.5000,
        ] }
        coordIndex [
          0 1 2 -1,
          3 1 0 -1,
        ]
      }
    }
    Shape {
      appearance Appearance {
        material Material {
          diffuseColor 0.200 0.200 0.200
          specularColor 0.050 0.050 0.050
          shininess 0.15
        }
      }
      geometry IndexedFaceSet {
        creaseAngle 0.785398
        solid TRUE
        coord Coordinate { point [
          -2.5000 9.9474 -6.6500,
          -6.9078 3.9895 -4.5000,
          -6.9078 3.9895 -6.6500,
          -2.5000 9.9474 -4.5000,
        ] }
        coordIndex [
          0 1 2 -1,
          3 1 0 -1,
        ]
      }
    }
    Shape {
      appearance Appearance {
        material Material {
          diffuseColor 0.200 0.200 0.200
          specularColor 0.050 0.050 0.050
          shininess 0.15
        }
      }
      geometry IndexedFaceSet {
        creaseAngle 0.785398
        solid TRUE
        coord Coordinate { point [
          -7.3000 2.8000 -6.6500,
          -7.2976 2.8980 -6.6500,
          -7.3000 2.8000 -4.5000,
          -7.2976 2.8980 -4.5000,
          -7.2904 2.9957 -6.6500,
          -7.2904 2.9957 -4.5000,
          -7.2784 3.0929 -6.6500,
          -7.2784 3.0929 -4.5000,
          -7.2617 3.1895 -6.6500,
          -7.2617 3.1895 -4.5000,
          -7.2403 3.2851 -6.6500,
          -7.2403 3.2851 -4.5000,
          -7.2142 3.3795 -6.6500,
          -7.2142 3.3795 -4.5000,
          -7.1835 3.4726 -6.6500,
          -7.1835 3.4726 -4.5000,
          -7.1483 3.5640 -4.5000,
          -7.1483 3.5640 -6.6500,
          -7.1087 3.6536 -6.6500,
          -7.1087 3.6536 -4.5000,
          -7.0647 3.7412 -4.5000,
          -7.0647 3.7412 -6.6500,
          -7.0165 3.8265 -4.5000,
          -7.0165 3.8265 -6.6500,
          -6.9641 3.9093 -6.6500,
          -6.9641 3.9093 -4.5000,
          -6.9078 3.9895 -4.5000,
          -6.9078 3.9895 -6.6500,
        ] }
        coordIndex [
          0 1 2 -1,
          2 1 3 -1,
          3 4 5 -1,
          1 4 3 -1,
          5 6 7 -1,
          4 6 5 -1,
          7 8 9 -1,
          6 8 7 -1,
          9 10 11 -1,
          8 10 9 -1,
          11 12 13 -1,
          10 12 11 -1,
          13 14 15 -1,
          15 14 16 -1,
          12 14 13 -1,
          14 17 16 -1,
          16 18 19 -1,
          19 18 20 -1,
          17 18 16 -1,
          20 21 22 -1,
          18 21 20 -1,
          21 23 22 -1,
          22 24 25 -1,
          25 24 26 -1,
          23 24 22 -1,
          24 27 26 -1,
        ]
      }
    }
    Shape {
      appearance Appearance {
        material Material {
          diffuseColor 0.200 0.200 0.200
          specularColor 0.050 0.050 0.050
          shininess 0.15
        }
      }
      geometry IndexedFaceSet {
        creaseAngle 0.785398
        solid TRUE
        coord Coordinate { point [
          -7.3000 2.8000 -4.5000,
          -7.3000 0.8000 -5.5000,
          -7.3000 2.8000 -6.6500,
          -7.3000 0.8000 -6.6500,
          -7.3000 -3.3660 -4.5000,
          -7.3000 -3.3660 -5.5000,
          -7.3000 -3.5000 -5.0000,
        ] }
        coordIndex [
          0 1 2 -1,
          2 1 3 -1,
          1 4 5 -1,
          5 4 6 -1,
          0 4 1 -1,
        ]
      }
    }
    Shape {
      appearance Appearance {
        material Material {
          diffuseColor 0.200 0.200 0.200
          specularColor 0.050 0.050 0.050
          shininess 0.15
        }
      }
      geometry IndexedFaceSet {
        creaseAngle 0.785398
        solid TRUE
        coord Coordinate { point [
          -7.3000 0.8000 -5.5000,
          -7.7000 0.8000 -5.5000,
          -7.3000 0.8000 -6.6500,
          -7.7000 0.8000 -6.6500,
        ] }
        coordIndex [
          0 1 2 -1,
          2 1 3 -1,
        ]
      }
    }
    Shape {
      appearance Appearance {
        material Material {
          diffuseColor 0.200 0.200 0.200
          specularColor 0.050 0.050 0.050
          shininess 0.15
        }
      }
      geometry IndexedFaceSet {
        creaseAngle 0.785398
        solid TRUE
        coord Coordinate { point [
          -7.7000 -3.5000 -5.0000,
          -7.7000 -3.3660 -4.5000,
          -7.7000 -3.3660 -5.5000,
          -7.7000 0.8000 -5.5000,
          -7.7000 2.8000 -6.6500,
          -7.7000 0.8000 -6.6500,
          -7.7000 2.8000 -4.5000,
        ] }
        coordIndex [
          0 1 2 -1,
          1 3 2 -1,
          3 4 5 -1,
          3 6 4 -1,
          1 6 3 -1,
        ]
      }
    }
    Shape {
      appearance Appearance {
        material Material {
          diffuseColor 0.200 0.200 0.200
          specularColor 0.050 0.050 0.050
          shininess 0.15
        }
      }
      geometry IndexedFaceSet {
        creaseAngle 0.785398
        solid TRUE
        coord Coordinate { point [
          -7.3000 -3.5000 -5.0000,
          -7.3000 -3.3660 -4.5000,
          -7.7000 -3.5000 -5.0000,
          -7.7000 -3.3660 -4.5000,
        ] }
        coordIndex [
          0 1 2 -1,
          2 1 3 -1,
        ]
      }
    }
    Shape {
      appearance Appearance {
        material Material {
          diffuseColor 0.200 0.200 0.200
          specularColor 0.050 0.050 0.050
          shininess 0.15
        }
      }
      geometry IndexedFaceSet {
        creaseAngle 0.785398
        solid TRUE
        coord Coordinate { point [
          -7.3000 -3.3660 -5.5000,
          -7.3000 -3.5000 -5.0000,
          -7.7000 -3.3660 -5.5000,
          -7.7000 -3.5000 -5.0000,
        ] }
        coordIndex [
          0 1 2 -1,
          2 1 3 -1,
        ]
      }
    }
    Shape {
      appearance Appearance {
        material Material {
          diffuseColor 0.200 0.200 0.200
          specularColor 0.050 0.050 0.050
          shininess 0.15
        }
      }
      geometry IndexedFaceSet {
        creaseAngle 0.785398
        solid TRUE
        coord Coordinate { point [
          -7.7000 0.8000 -5.5000,
          -7.3000 0.8000 -5.5000,
          -7.7000 -3.3660 -5.5000,
          -7.3000 -3.3660 -5.5000,
        ] }
        coordIndex [
          0 1 2 -1,
          2 1 3 -1,
        ]
      }
    }
  ]
}