ISO-10303-21;
HEADER;
FILE_DESCRIPTION (( 'STEP AP214' ),
    '1' );
FILE_NAME ('tmr3e.stp',
    '2014-10-03T15:30:24',
    ( '' ),
    ( '' ),
    'SwSTEP 2.0',
    'SolidWorks 2013',
    '' );
FILE_SCHEMA (( 'AUTOMOTIVE_DESIGN' ));
ENDSEC;

DATA;
#1 = LINE ( 'NONE', #2401, #2012 ) ;
#2 = CARTESIAN_POINT ( 'NONE',  ( -54.92511153905380900, -0.5418258773707810300, -10.14471193717162800 ) ) ;
#3 = EDGE_CURVE ( 'NONE', #1337, #438, #18, .T. ) ;
#4 = CIRCLE ( 'NONE', #269, 0.1000000000000028600 ) ;
#5 = DIRECTION ( 'NONE',  ( 7.461176240760459900E-016, -0.0000000000000000000, 1.000000000000000000 ) ) ;
#6 = CARTESIAN_POINT ( 'NONE',  ( -40.43415610014016400, 3.200000000000000200, 1.122273277091582400E-012 ) ) ;
#7 = FACE_OUTER_BOUND ( 'NONE', #1843, .T. ) ;
#8 = VECTOR ( 'NONE', #460, 1000.000000000000000 ) ;
#9 = LINE ( 'NONE', #1855, #2499 ) ;
#10 = CARTESIAN_POINT ( 'NONE',  ( -50.59415610014016800, 3.200000000000000200, 1.404269925346372200E-012 ) ) ;
#11 = ORIENTED_EDGE ( 'NONE', *, *, #700, .F. ) ;
#12 = FACE_OUTER_BOUND ( 'NONE', #2223, .T. ) ;
#13 = STYLED_ITEM ( 'NONE', ( #589 ), #1854 ) ;
#14 = AXIS2_PLACEMENT_3D ( 'NONE', #1372, #193, #1568 ) ;
#15 = EDGE_LOOP ( 'NONE', ( #723, #1642, #994, #1004 ) ) ;
#16 = DIRECTION ( 'NONE',  ( -1.000000000000000000, -0.0000000000000000000, -0.0000000000000000000 ) ) ;
#17 = VERTEX_POINT ( 'NONE', #1710 ) ;
#18 = LINE ( 'NONE', #1435, #2029 ) ;
#19 = ORIENTED_EDGE ( 'NONE', *, *, #2490, .F. ) ;
#20 = EDGE_CURVE ( 'NONE', #1432, #1627, #1000, .T. ) ;
#21 = PLANE ( 'NONE',  #1326 ) ;
#22 = CARTESIAN_POINT ( 'NONE',  ( -54.88415610014052200, -0.09999999999999999200, -10.24034850327625000 ) ) ;
#23 = DIRECTION ( 'NONE',  ( -1.000000000000000000, 0.0000000000000000000, 0.0000000000000000000 ) ) ;
#24 = ORIENTED_EDGE ( 'NONE', *, *, #388, .T. ) ;
#25 = CARTESIAN_POINT ( 'NONE',  ( -55.18815674660361700, -11.00000000000000200, -10.33547136219552000 ) ) ;
#26 = EDGE_CURVE ( 'NONE', #237, #1949, #1516, .T. ) ;
#27 = CARTESIAN_POINT ( 'NONE',  ( -55.18815674660360300, -11.00000000000000200, -19.43947200865860100 ) ) ;
#28 = ORIENTED_EDGE ( 'NONE', *, *, #2490, .T. ) ;
#29 = DIRECTION ( 'NONE',  ( 2.775557561562888800E-014, 0.0000000000000000000, 1.000000000000000000 ) ) ;
#30 = CARTESIAN_POINT ( 'NONE',  ( -37.89415610014052000, 3.200000000000000200, -12.84383544255398100 ) ) ;
#31 = EDGE_CURVE ( 'NONE', #1369, #547, #470, .T. ) ;
#32 = LINE ( 'NONE', #394, #1990 ) ;
#33 = FACE_OUTER_BOUND ( 'NONE', #1659, .T. ) ;
#34 = LINE ( 'NONE', #2087, #153 ) ;
#35 = CIRCLE ( 'NONE', #102, 0.1000000000000000100 ) ;
#36 = CARTESIAN_POINT ( 'NONE',  ( -33.98415610014052400, 0.0000000000000000000, -10.13947200865860100 ) ) ;
#37 = DIRECTION ( 'NONE',  ( -1.000000000000000000, 0.0000000000000000000, -0.0000000000000000000 ) ) ;
#38 = EDGE_LOOP ( 'NONE', ( #1460, #1193, #1090, #1373 ) ) ;
#39 = LINE ( 'NONE', #2359, #2535 ) ;
#40 = DIRECTION ( 'NONE',  ( 0.0000000000000000000, 1.000000000000000000, 0.0000000000000000000 ) ) ;
#41 = EDGE_LOOP ( 'NONE', ( #1847, #2207, #2467, #1281 ) ) ;
#42 = AXIS2_PLACEMENT_3D ( 'NONE', #1912, #543, #1136 ) ;
#43 = AXIS2_PLACEMENT_3D ( 'NONE', #1169, #2537, #1356 ) ;
#44 = ORIENTED_EDGE ( 'NONE', *, *, #2335, .T. ) ;
#45 = EDGE_LOOP ( 'NONE', ( #1983, #2227, #1617, #2413 ) ) ;
#46 = ORIENTED_EDGE ( 'NONE', *, *, #1181, .T. ) ;
#47 = DIRECTION ( 'NONE',  ( -0.0000000000000000000, -1.000000000000000000, -0.0000000000000000000 ) ) ;
#48 = EDGE_LOOP ( 'NONE', ( #1006, #2220, #851, #1423 ) ) ;
#49 = ORIENTED_EDGE ( 'NONE', *, *, #1529, .T. ) ;
#50 = CARTESIAN_POINT ( 'NONE',  ( 0.0000000000000000000, 3.200000000000000200, -12.59383544255398100 ) ) ;
#51 = EDGE_CURVE ( 'NONE', #653, #155, #2506, .T. ) ;
#52 = ORIENTED_EDGE ( 'NONE', *, *, #1839, .F. ) ;
#53 = DIRECTION ( 'NONE',  ( 0.0000000000000000000, -0.9999619230641713100, 0.008726535498373953800 ) ) ;
#54 = DIRECTION ( 'NONE',  ( -1.000000000000000000, 0.0000000000000000000, 3.469446951953515100E-014 ) ) ;
#55 = CARTESIAN_POINT ( 'NONE',  ( -33.68503259475819100, -0.1000000000000000100, -10.24034850327624800 ) ) ;
#56 = STYLED_ITEM ( 'NONE', ( #524 ), #1660 ) ;
#57 = LINE ( 'NONE', #287, #1962 ) ;
#58 = CARTESIAN_POINT ( 'NONE',  ( -53.63415610014052200, 3.200000000000000200, -12.84383544255398100 ) ) ;
#59 = CARTESIAN_POINT ( 'NONE',  ( -37.89415610014052000, 3.200000000000000200, -12.84383544255398100 ) ) ;
#60 = LINE ( 'NONE', #386, #1044 ) ;
#61 = TOROIDAL_SURFACE ( 'NONE', #2480, 0.3869133972942892000, 0.1000000000000000100 ) ;
#62 = ADVANCED_FACE ( 'NONE', ( #536 ), #415, .T. ) ;
#63 = VECTOR ( 'NONE', #37, 1000.000000000000000 ) ;
#64 = EDGE_CURVE ( 'NONE', #1740, #718, #1913, .T. ) ;
#65 = VERTEX_POINT ( 'NONE', #511 ) ;
#66 = FACE_BOUND ( 'NONE', #1339, .T. ) ;
#67 = ORIENTED_EDGE ( 'NONE', *, *, #111, .T. ) ;
#68 = VERTEX_POINT ( 'NONE', #903 ) ;
#69 = PLANE ( 'NONE',  #167 ) ;
#70 = ORIENTED_EDGE ( 'NONE', *, *, #447, .T. ) ;
#71 = ADVANCED_FACE ( 'NONE', ( #2435 ), #1845, .T. ) ;
#72 = EDGE_CURVE ( 'NONE', #1403, #319, #1452, .T. ) ;
#73 = ORIENTED_EDGE ( 'NONE', *, *, #94, .F. ) ;
#74 = DIRECTION ( 'NONE',  ( 0.0000000000000000000, 0.008726535498373900000, 0.9999619230641712000 ) ) ;
#75 = ADVANCED_FACE ( 'NONE', ( #2380 ), #1332, .T. ) ;
#76 = DIRECTION ( 'NONE',  ( 0.0000000000000000000, -0.9999619230641713100, 0.008726535498373953800 ) ) ;
#77 = EDGE_CURVE ( 'NONE', #2509, #68, #284, .T. ) ;
#78 = VERTEX_POINT ( 'NONE', #2083 ) ;
#79 = ADVANCED_FACE ( 'NONE', ( #1273 ), #2486, .F. ) ;
#80 = EDGE_CURVE ( 'NONE', #1627, #237, #757, .T. ) ;
#81 =( LENGTH_UNIT ( ) NAMED_UNIT ( * ) SI_UNIT ( .MILLI., .METRE. ) );
#82 = ADVANCED_FACE ( 'NONE', ( #1790 ), #1215, .T. ) ;
#83 = AXIS2_PLACEMENT_3D ( 'NONE', #2050, #892, #2262 ) ;
#84 = AXIS2_PLACEMENT_3D ( 'NONE', #1368, #187, #1565 ) ;
#85 = UNCERTAINTY_MEASURE_WITH_UNIT (LENGTH_MEASURE( 1.000000000000000100E-005 ), #1911, 'distance_accuracy_value', 'NONE');
#86 = FACE_BOUND ( 'NONE', #505, .T. ) ;
#87 = VECTOR ( 'NONE', #2033, 1000.000000000000000 ) ;
#88 = FACE_OUTER_BOUND ( 'NONE', #597, .T. ) ;
#89 = DIRECTION ( 'NONE',  ( -1.000000000000000000, -6.938893903907270000E-014, -6.055480971355905300E-016 ) ) ;
#90 = CARTESIAN_POINT ( 'NONE',  ( -48.55415610014052400, 3.200000000000000200, -12.59383544255398100 ) ) ;
#91 = LINE ( 'NONE', #2104, #1934 ) ;
#92 = LINE ( 'NONE', #2489, #2055 ) ;
#93 = ADVANCED_FACE ( 'NONE', ( #821 ), #2295, .T. ) ;
#94 = EDGE_CURVE ( 'NONE', #261, #1674, #685, .T. ) ;
#95 = EDGE_LOOP ( 'NONE', ( #2412, #2504, #575, #2441 ) ) ;
#96 = CIRCLE ( 'NONE', #2124, 0.1000000000000000100 ) ;
#97 = CARTESIAN_POINT ( 'NONE',  ( -55.28815293891001700, -11.00087265354983900, -19.24347265512167800 ) ) ;
#98 = ORIENTED_EDGE ( 'NONE', *, *, #2070, .T. ) ;
#99 = ADVANCED_FACE ( 'NONE', ( #2254 ), #160, .T. ) ;
#100 = VERTEX_POINT ( 'NONE', #340 ) ;
#101 = ORIENTED_EDGE ( 'NONE', *, *, #1352, .F. ) ;
#102 = AXIS2_PLACEMENT_3D ( 'NONE', #331, #1703, #522 ) ;
#103 = AXIS2_PLACEMENT_3D ( 'NONE', #1107, #2496, #1316 ) ;
#104 = EDGE_LOOP ( 'NONE', ( #1583, #128, #1939, #1308 ) ) ;
#105 = ORIENTED_EDGE ( 'NONE', *, *, #2440, .T. ) ;
#106 = ORIENTED_EDGE ( 'NONE', *, *, #2090, .T. ) ;
#107 = DIRECTION ( 'NONE',  ( 0.0000000000000000000, 1.000000000000000000, 0.0000000000000000000 ) ) ;
#108 = CARTESIAN_POINT ( 'NONE',  ( 0.0000000000000000000, 0.0000000000000000000, 0.0000000000000000000 ) ) ;
#109 = VERTEX_POINT ( 'NONE', #2100 ) ;
#110 = DIRECTION ( 'NONE',  ( 0.0000000000000000000, 1.000000000000000000, 0.0000000000000000000 ) ) ;
#111 = EDGE_CURVE ( 'NONE', #1796, #1475, #231, .T. ) ;
#112 = ORIENTED_EDGE ( 'NONE', *, *, #867, .F. ) ;
#113 = DIRECTION ( 'NONE',  ( 0.0000000000000000000, -0.0000000000000000000, 1.000000000000000000 ) ) ;
#114 = SURFACE_STYLE_USAGE ( .BOTH. , #1301 ) ;
#115 = EDGE_CURVE ( 'NONE', #2002, #653, #1155, .T. ) ;
#116 = APPLICATION_PROTOCOL_DEFINITION ( 'draft international standard', 'automotive_design', 1998, #323 ) ;
#117 = FACE_OUTER_BOUND ( 'NONE', #1209, .T. ) ;
#118 = CYLINDRICAL_SURFACE ( 'NONE', #137, 0.09999999999999939500 ) ;
#119 = FACE_OUTER_BOUND ( 'NONE', #1883, .T. ) ;
#120 = FACE_OUTER_BOUND ( 'NONE', #95, .T. ) ;
#121 = PLANE ( 'NONE',  #2165 ) ;
#122 = LINE ( 'NONE', #2196, #1120 ) ;
#123 = PLANE ( 'NONE',  #502 ) ;
#124 = ORIENTED_EDGE ( 'NONE', *, *, #1008, .F. ) ;
#125 = APPLICATION_CONTEXT ( 'automotive_design' ) ;
#126 = CARTESIAN_POINT ( 'NONE',  ( -48.05415610014016900, 3.200000000000000200, 1.333770763282674700E-012 ) ) ;
#127 = VECTOR ( 'NONE', #1304, 1000.000000000000000 ) ;
#128 = ORIENTED_EDGE ( 'NONE', *, *, #31, .F. ) ;
#129 = DIRECTION ( 'NONE',  ( -0.0000000000000000000, 0.0000000000000000000, -1.000000000000000000 ) ) ;
#130 = VERTEX_POINT ( 'NONE', #546 ) ;
#131 = DIRECTION ( 'NONE',  ( -1.000000000000000000, 0.0000000000000000000, 0.0000000000000000000 ) ) ;
#132 = EDGE_CURVE ( 'NONE', #1161, #1696, #1613, .T. ) ;
#133 = DIRECTION ( 'NONE',  ( -0.008726203243952448600, 0.9999238504775703800, -0.008726203243952146800 ) ) ;
#134 = EDGE_LOOP ( 'NONE', ( #929, #2321, #1511, #2163 ) ) ;
#135 = CARTESIAN_POINT ( 'NONE',  ( -54.88415610014052200, -0.5000000000000000000, -19.33510476692465100 ) ) ;
#136 = CARTESIAN_POINT ( 'NONE',  ( 0.0000000000000000000, -0.5000000000000000000, -12.59383544255398100 ) ) ;
#137 = AXIS2_PLACEMENT_3D ( 'NONE', #1706, #532, #1892 ) ;
#138 = AXIS2_PLACEMENT_3D ( 'NONE', #1937, #563, #2334 ) ;
#139 = CARTESIAN_POINT ( 'NONE',  ( -35.85415610014052100, 3.200000000000000200, -12.59383544255398100 ) ) ;
#140 = CARTESIAN_POINT ( 'NONE',  ( -33.98415610014052400, -0.5802429601726288900, -10.24453952009711900 ) ) ;
#141 = EDGE_LOOP ( 'NONE', ( #1351, #2512, #651, #2348 ) ) ;
#142 = CARTESIAN_POINT ( 'NONE',  ( -53.44427346570418500, -2.073159837261410800, -19.41137943606585000 ) ) ;
#143 = PLANE ( 'NONE',  #1119 ) ;
#144 = EDGE_CURVE ( 'NONE', #1026, #239, #2122, .T. ) ;
#145 = DIRECTION ( 'NONE',  ( -0.0000000000000000000, -1.000000000000000000, -0.0000000000000000000 ) ) ;
#146 = ORIENTED_EDGE ( 'NONE', *, *, #2172, .F. ) ;
#147 = CARTESIAN_POINT ( 'NONE',  ( -55.28327960552290000, -0.1000000000000000100, -8.249565846080895900E-014 ) ) ;
#148 = CIRCLE ( 'NONE', #1782, 0.09999999999999939500 ) ;
#149 = AXIS2_PLACEMENT_3D ( 'NONE', #1805, #1028, #2398 ) ;
#150 = EDGE_CURVE ( 'NONE', #2541, #690, #96, .T. ) ;
#151 = FACE_BOUND ( 'NONE', #2128, .T. ) ;
#152 = CIRCLE ( 'NONE', #662, 0.09999999999999996400 ) ;
#153 = VECTOR ( 'NONE', #921, 1000.000000000000000 ) ;
#154 = CARTESIAN_POINT ( 'NONE',  ( -50.59415610014051600, 3.200000000000000200, -12.59383544255398100 ) ) ;
#155 = VERTEX_POINT ( 'NONE', #1140 ) ;
#156 = CARTESIAN_POINT ( 'NONE',  ( 0.0000000000000000000, -0.5000000000000000000, -19.33423208014557200 ) ) ;
#157 = FACE_OUTER_BOUND ( 'NONE', #38, .T. ) ;
#158 = LINE ( 'NONE', #900, #2117 ) ;
#159 = CARTESIAN_POINT ( 'NONE',  ( -48.55415610014052400, 3.200000000000000200, -12.84383544255398100 ) ) ;
#160 = SPHERICAL_SURFACE ( 'NONE', #244, 0.1000000000000000100 ) ;
#161 = EDGE_CURVE ( 'NONE', #2517, #130, #1545, .T. ) ;
#162 = EDGE_LOOP ( 'NONE', ( #640, #1088, #725, #314 ) ) ;
#163 = CARTESIAN_POINT ( 'NONE',  ( 0.0000000000000000000, 0.0000000000000000000, -10.24034850327625000 ) ) ;
#164 = PLANE ( 'NONE',  #2421 ) ;
#165 = VERTEX_POINT ( 'NONE', #591 ) ;
#166 = ORIENTED_EDGE ( 'NONE', *, *, #670, .T. ) ;
#167 = AXIS2_PLACEMENT_3D ( 'NONE', #480, #1848, #678 ) ;
#168 = CARTESIAN_POINT ( 'NONE',  ( -53.44427346570418500, -1.729935767498957700, -19.42437508792913200 ) ) ;
#169 = EDGE_LOOP ( 'NONE', ( #1872, #1770, #98, #2010 ) ) ;
#170 = CARTESIAN_POINT ( 'NONE',  ( -33.98502875369035800, -0.6000000000000000900, -19.43423208014557000 ) ) ;
#171 = ORIENTED_EDGE ( 'NONE', *, *, #1137, .F. ) ;
#172 = EDGE_LOOP ( 'NONE', ( #2354, #1164, #458, #886 ) ) ;
#173 = DIRECTION ( 'NONE',  ( 2.775557561562888800E-014, 0.0000000000000000000, 1.000000000000000000 ) ) ;
#174 = CARTESIAN_POINT ( 'NONE',  ( -53.63415610014052200, -0.5000000000000000000, 0.0000000000000000000 ) ) ;
#175 =( NAMED_UNIT ( * ) PLANE_ANGLE_UNIT ( ) SI_UNIT ( $, .RADIAN. ) );
#176 =( NAMED_UNIT ( * ) SI_UNIT ( $, .STERADIAN. ) SOLID_ANGLE_UNIT ( ) );
#177 = AXIS2_PLACEMENT_3D ( 'NONE', #2121, #955, #2325 ) ;
#178 = VERTEX_POINT ( 'NONE', #1336 ) ;
#179 = DIRECTION ( 'NONE',  ( 1.000000000000000000, 0.0000000000000000000, -0.0000000000000000000 ) ) ;
#180 = DIRECTION ( 'NONE',  ( 0.0000000000000000000, -0.0000000000000000000, 1.000000000000000000 ) ) ;
#181 = DIRECTION ( 'NONE',  ( 0.0000000000000000000, 0.0000000000000000000, -1.000000000000000000 ) ) ;
#182 = DIRECTION ( 'NONE',  ( 0.008726203243944241600, 0.9999238504775704900, 0.008726203243944238200 ) ) ;
#183 = CARTESIAN_POINT ( 'NONE',  ( 0.0000000000000000000, 3.200000000000000200, -12.84383544255398100 ) ) ;
#184 = EDGE_CURVE ( 'NONE', #1546, #799, #501, .T. ) ;
#185 = DIRECTION ( 'NONE',  ( 1.000000000000000000, 0.0000000000000000000, 0.0000000000000000000 ) ) ;
#186 = SPHERICAL_SURFACE ( 'NONE', #888, 0.1000000000000000100 ) ;
#187 = DIRECTION ( 'NONE',  ( -0.008726203243952448600, -0.9999238504775703800, -0.008726203243953206700 ) ) ;
#188 = EDGE_LOOP ( 'NONE', ( #1371, #2173, #1746, #2316 ) ) ;
#189 = LINE ( 'NONE', #846, #2215 ) ;
#190 = PRESENTATION_LAYER_ASSIGNMENT (  '', '', ( #56 ) ) ;
#191 = PRESENTATION_LAYER_ASSIGNMENT (  '', '', ( #325 ) ) ;
#192 = PLANE ( 'NONE',  #859 ) ;
#193 = DIRECTION ( 'NONE',  ( -1.000000000000000000, -0.0000000000000000000, 0.0000000000000000000 ) ) ;
#194 = VECTOR ( 'NONE', #1597, 1000.000000000000000 ) ;
#195 = ORIENTED_EDGE ( 'NONE', *, *, #264, .T. ) ;
#196 = LINE ( 'NONE', #2009, #652 ) ;
#197 = ORIENTED_EDGE ( 'NONE', *, *, #77, .F. ) ;
#198 = CARTESIAN_POINT ( 'NONE',  ( -54.98415610014052400, -0.1000000000000000100, -10.24034850327624800 ) ) ;
#199 = CARTESIAN_POINT ( 'NONE',  ( -53.63415610014052200, 3.200000000000000200, -12.59383544255398100 ) ) ;
#200 = ORIENTED_EDGE ( 'NONE', *, *, #184, .T. ) ;
#201 = CARTESIAN_POINT ( 'NONE',  ( -40.43415610014052000, 3.200000000000000200, -12.84383544255398100 ) ) ;
#202 = ORIENTED_EDGE ( 'NONE', *, *, #1751, .T. ) ;
#203 = DIRECTION ( 'NONE',  ( -0.9999619230641713100, -0.008726535498373953800, -1.492178428406306700E-015 ) ) ;
#204 = ORIENTED_EDGE ( 'NONE', *, *, #218, .T. ) ;
#205 = ORIENTED_EDGE ( 'NONE', *, *, #980, .T. ) ;
#206 = DIRECTION ( 'NONE',  ( 0.0000000000000000000, -0.008726535498373953800, -0.9999619230641713100 ) ) ;
#207 = PLANE ( 'NONE',  #1651 ) ;
#208 = DIRECTION ( 'NONE',  ( 0.0000000000000000000, -0.0000000000000000000, 1.000000000000000000 ) ) ;
#209 = EDGE_CURVE ( 'NONE', #1055, #1029, #39, .T. ) ;
#210 = EDGE_CURVE ( 'NONE', #1766, #1055, #2060, .T. ) ;
#211 = CARTESIAN_POINT ( 'NONE',  ( -54.98328344659069000, -0.6000000000000000900, -10.14471193717162800 ) ) ;
#212 = EDGE_LOOP ( 'NONE', ( #106, #1330, #2145, #67 ) ) ;
#213 = CARTESIAN_POINT ( 'NONE',  ( -55.28327960552288500, -0.1000000000000000100, -10.24034850327625000 ) ) ;
#214 = VERTEX_POINT ( 'NONE', #1777 ) ;
#215 = EDGE_CURVE ( 'NONE', #1488, #292, #565, .T. ) ;
#216 = CIRCLE ( 'NONE', #1001, 0.09999999999999939500 ) ;
#217 = CARTESIAN_POINT ( 'NONE',  ( -33.78015545367746600, -11.00000000000000200, -19.24347265512167800 ) ) ;
#218 = EDGE_CURVE ( 'NONE', #1595, #1621, #1476, .T. ) ;
#219 = FACE_OUTER_BOUND ( 'NONE', #506, .T. ) ;
#220 = LINE ( 'NONE', #1553, #1207 ) ;
#221 = LINE ( 'NONE', #2273, #1658 ) ;
#222 = EDGE_LOOP ( 'NONE', ( #833, #473, #1426 ) ) ;
#223 = CARTESIAN_POINT ( 'NONE',  ( 0.0000000000000000000, 3.200000000000000200, -12.59383544255398100 ) ) ;
#224 = EDGE_CURVE ( 'NONE', #2385, #1055, #1996, .T. ) ;
#225 = CIRCLE ( 'NONE', #825, 0.09999999999999939500 ) ;
#226 = CIRCLE ( 'NONE', #299, 0.09999999999999939500 ) ;
#227 = DIRECTION ( 'NONE',  ( 1.000000000000000000, 0.0000000000000000000, 0.0000000000000000000 ) ) ;
#228 = FACE_OUTER_BOUND ( 'NONE', #977, .T. ) ;
#229 = AXIS2_PLACEMENT_3D ( 'NONE', #875, #1061, #2436 ) ;
#230 = AXIS2_PLACEMENT_3D ( 'NONE', #1556, #559, #181 ) ;
#231 = LINE ( 'NONE', #2301, #627 ) ;
#232 = VERTEX_POINT ( 'NONE', #606 ) ;
#233 = DIRECTION ( 'NONE',  ( 0.0000000000000000000, 1.000000000000000000, 0.0000000000000000000 ) ) ;
#234 = DIRECTION ( 'NONE',  ( 0.0000000000000000000, -1.000000000000000000, 0.0000000000000000000 ) ) ;
#235 = VERTEX_POINT ( 'NONE', #806 ) ;
#236 = PLANE ( 'NONE',  #1153 ) ;
#237 = VERTEX_POINT ( 'NONE', #22 ) ;
#238 = VERTEX_POINT ( 'NONE', #1779 ) ;
#239 = VERTEX_POINT ( 'NONE', #1398 ) ;
#240 = EDGE_CURVE ( 'NONE', #232, #1093, #2466, .T. ) ;
#241 = DIRECTION ( 'NONE',  ( 0.0000000000000000000, 1.000000000000000000, 0.0000000000000000000 ) ) ;
#242 = EDGE_LOOP ( 'NONE', ( #257, #1876, #1154, #44 ) ) ;
#243 = AXIS2_PLACEMENT_3D ( 'NONE', #717, #2478, #1105 ) ;
#244 = AXIS2_PLACEMENT_3D ( 'NONE', #1128, #1515, #739 ) ;
#245 = PLANE ( 'NONE',  #2076 ) ;
#246 = DIRECTION ( 'NONE',  ( 0.0000000000000000000, 0.0000000000000000000, -1.000000000000000000 ) ) ;
#247 = FACE_OUTER_BOUND ( 'NONE', #1798, .T. ) ;
#248 = EDGE_CURVE ( 'NONE', #1825, #1880, #383, .T. ) ;
#249 = PRESENTATION_STYLE_ASSIGNMENT (( #1165 ) ) ;
#250 = CIRCLE ( 'NONE', #704, 0.1000000000000028600 ) ;
#251 = CARTESIAN_POINT ( 'NONE',  ( -55.28345935861207000, -0.07940233615349882900, -10.24016875018706300 ) ) ;
#252 = DIRECTION ( 'NONE',  ( -0.0000000000000000000, -0.0000000000000000000, 1.000000000000000000 ) ) ;
#253 = DIRECTION ( 'NONE',  ( 0.0000000000000000000, -0.008726535498373915600, 0.9999619230641712000 ) ) ;
#254 = ORIENTED_EDGE ( 'NONE', *, *, #1587, .F. ) ;
#255 = LINE ( 'NONE', #1231, #2283 ) ;
#256 = ORIENTED_EDGE ( 'NONE', *, *, #512, .T. ) ;
#257 = ORIENTED_EDGE ( 'NONE', *, *, #2189, .T. ) ;
#258 = ORIENTED_EDGE ( 'NONE', *, *, #562, .F. ) ;
#259 = EDGE_LOOP ( 'NONE', ( #2257, #2201, #2103 ) ) ;
#260 = CARTESIAN_POINT ( 'NONE',  ( -55.38415610014053700, -0.6008726535498374300, -10.14471574486521100 ) ) ;
#261 = VERTEX_POINT ( 'NONE', #2174 ) ;
#262 = CARTESIAN_POINT ( 'NONE',  ( -55.38415610014052200, -0.6000000000000000900, -19.33423208014557200 ) ) ;
#263 = ADVANCED_FACE ( 'NONE', ( #1875 ), #822, .F. ) ;
#264 = EDGE_CURVE ( 'NONE', #130, #65, #1420, .T. ) ;
#265 = ORIENTED_EDGE ( 'NONE', *, *, #1495, .T. ) ;
#266 = CARTESIAN_POINT ( 'NONE',  ( 0.0000000000000000000, 3.200000000000000200, -12.84383544255398100 ) ) ;
#267 = ADVANCED_FACE ( 'NONE', ( #967 ), #1406, .F. ) ;
#268 = MECHANICAL_DESIGN_GEOMETRIC_PRESENTATION_REPRESENTATION (  '', ( #13 ), #405 ) ;
#269 = AXIS2_PLACEMENT_3D ( 'NONE', #985, #2357, #1190 ) ;
#270 = DIRECTION ( 'NONE',  ( 0.0000000000000000000, 0.0000000000000000000, 1.000000000000000000 ) ) ;
#271 = CYLINDRICAL_SURFACE ( 'NONE', #705, 0.09999999999999939500 ) ;
#272 = CARTESIAN_POINT ( 'NONE',  ( 0.0000000000000000000, 3.200000000000000200, -12.84383544255398100 ) ) ;
#273 = ADVANCED_FACE ( 'NONE', ( #1940 ), #315, .T. ) ;
#274 = VECTOR ( 'NONE', #947, 1000.000000000000100 ) ;
#275 = VECTOR ( 'NONE', #568, 1000.000000000000000 ) ;
#276 = VECTOR ( 'NONE', #2260, 1000.000000000000000 ) ;
#277 = EDGE_CURVE ( 'NONE', #413, #2191, #2342, .T. ) ;
#278 = CARTESIAN_POINT ( 'NONE',  ( -55.38415610014052200, -0.6000000000000000900, -19.43423208014557000 ) ) ;
#279 = FACE_OUTER_BOUND ( 'NONE', #2442, .T. ) ;
#280 = UNCERTAINTY_MEASURE_WITH_UNIT (LENGTH_MEASURE( 1.000000000000000100E-005 ), #2533, 'distance_accuracy_value', 'NONE');
#281 = CARTESIAN_POINT ( 'NONE',  ( 0.0000000000000000000, 3.200000000000000200, -12.59383544255398100 ) ) ;
#282 = ADVANCED_FACE ( 'NONE', ( #849 ), #1305, .T. ) ;
#283 =( NAMED_UNIT ( * ) SI_UNIT ( $, .STERADIAN. ) SOLID_ANGLE_UNIT ( ) );
#284 = LINE ( 'NONE', #920, #2313 ) ;
#285 = EDGE_CURVE ( 'NONE', #791, #450, #255, .T. ) ;
#286 = VERTEX_POINT ( 'NONE', #2397 ) ;
#287 = CARTESIAN_POINT ( 'NONE',  ( -53.13415610014016700, -0.5000000000000000000, 1.474769087410069400E-012 ) ) ;
#288 = CARTESIAN_POINT ( 'NONE',  ( -35.85415610014052100, -0.5000000000000000000, -12.84383544255398100 ) ) ;
#289 = ADVANCED_FACE ( 'NONE', ( #1241 ), #245, .T. ) ;
#290 = ORIENTED_EDGE ( 'NONE', *, *, #1261, .F. ) ;
#291 = ORIENTED_EDGE ( 'NONE', *, *, #2510, .T. ) ;
#292 = VERTEX_POINT ( 'NONE', #2003 ) ;
#293 = CARTESIAN_POINT ( 'NONE',  ( -40.93415610014052000, 3.200000000000000200, -12.84383544255398100 ) ) ;
#294 = EDGE_CURVE ( 'NONE', #239, #1740, #1365, .T. ) ;
#295 = ADVANCED_FACE ( 'NONE', ( #721 ), #1765, .T. ) ;
#296 = DIRECTION ( 'NONE',  ( -1.000000000000000000, 0.0000000000000000000, 0.0000000000000000000 ) ) ;
#297 = ORIENTED_EDGE ( 'NONE', *, *, #399, .T. ) ;
#298 = CARTESIAN_POINT ( 'NONE',  ( -33.98415610014052400, -0.1008726535498374200, -19.43859170634736700 ) ) ;
#299 = AXIS2_PLACEMENT_3D ( 'NONE', #2266, #1084, #2454 ) ;
#300 = CARTESIAN_POINT ( 'NONE',  ( 0.0000000000000000000, 3.200000000000000200, -12.84383544255398100 ) ) ;
#301 = DIRECTION ( 'NONE',  ( 0.0000000000000000000, 0.0000000000000000000, -1.000000000000000000 ) ) ;
#302 = ORIENTED_EDGE ( 'NONE', *, *, #2361, .F. ) ;
#303 = DIRECTION ( 'NONE',  ( 1.000000000000000000, -0.0000000000000000000, 6.939158125785771000E-014 ) ) ;
#304 = AXIS2_PLACEMENT_3D ( 'NONE', #549, #1921, #756 ) ;
#305 = DIRECTION ( 'NONE',  ( -0.008726203243952750400, -0.9999238504775703800, 0.008726203243952448600 ) ) ;
#306 = LINE ( 'NONE', #1392, #1297 ) ;
#307 = DIRECTION ( 'NONE',  ( -1.000000000000000000, 0.0000000000000000000, 0.0000000000000000000 ) ) ;
#308 = CARTESIAN_POINT ( 'NONE',  ( -54.88415610014052200, 0.0008726535498374725700, -19.33947581635218100 ) ) ;
#309 = CIRCLE ( 'NONE', #1501, 0.09999999999999939500 ) ;
#310 = LINE ( 'NONE', #163, #2337 ) ;
#311 = VECTOR ( 'NONE', #1741, 1000.000000000000000 ) ;
#312 = DIRECTION ( 'NONE',  ( 3.469446951953515100E-014, 0.0000000000000000000, -1.000000000000000000 ) ) ;
#313 = EDGE_CURVE ( 'NONE', #690, #1643, #790, .T. ) ;
#314 = ORIENTED_EDGE ( 'NONE', *, *, #2101, .F. ) ;
#315 = SPHERICAL_SURFACE ( 'NONE', #1687, 0.1000000000000000100 ) ;
#316 = CARTESIAN_POINT ( 'NONE',  ( 0.0000000000000000000, 3.200000000000000200, 0.0000000000000000000 ) ) ;
#317 = EDGE_LOOP ( 'NONE', ( #981, #629, #2134, #481 ) ) ;
#318 =( NAMED_UNIT ( * ) PLANE_ANGLE_UNIT ( ) SI_UNIT ( $, .RADIAN. ) );
#319 = VERTEX_POINT ( 'NONE', #1821 ) ;
#320 = ORIENTED_EDGE ( 'NONE', *, *, #2434, .F. ) ;
#321 = DIRECTION ( 'NONE',  ( -2.775557561562888800E-014, 0.0000000000000000000, -1.000000000000000000 ) ) ;
#322 = ORIENTED_EDGE ( 'NONE', *, *, #529, .T. ) ;
#323 = APPLICATION_CONTEXT ( 'automotive_design' ) ;
#324 = MECHANICAL_DESIGN_GEOMETRIC_PRESENTATION_REPRESENTATION (  '', ( #56 ), #451 ) ;
#325 = STYLED_ITEM ( 'NONE', ( #1395 ), #459 ) ;
#326 = EDGE_LOOP ( 'NONE', ( #1699, #46, #712, #1747 ) ) ;
#327 = DIRECTION ( 'NONE',  ( -0.0000000000000000000, -1.000000000000000000, -0.0000000000000000000 ) ) ;
#328 = EDGE_LOOP ( 'NONE', ( #1051, #200 ) ) ;
#329 = DIRECTION ( 'NONE',  ( -1.000000000000000000, 0.0000000000000000000, 2.775557561562888800E-014 ) ) ;
#330 = CARTESIAN_POINT ( 'NONE',  ( -48.05415610014052400, -0.5000000000000000000, -12.84383544255398100 ) ) ;
#331 = CARTESIAN_POINT ( 'NONE',  ( -55.28327960552287100, -0.1000000000000000500, -19.33859551404095000 ) ) ;
#332 = CARTESIAN_POINT ( 'NONE',  ( -51.09415610014052300, -0.5000000000000000000, -12.59383544255398100 ) ) ;
#333 = CARTESIAN_POINT ( 'NONE',  ( -33.98415610014052400, -0.09999999999999999200, -19.43947200865860100 ) ) ;
#334 = DIRECTION ( 'NONE',  ( 0.0000000000000000000, 0.9999619230641713100, -0.008726535498373953800 ) ) ;
#335 = CARTESIAN_POINT ( 'NONE',  ( 0.0000000000000000000, 3.200000000000000200, -12.84383544255398100 ) ) ;
#336 = EDGE_CURVE ( 'NONE', #2236, #1095, #196, .T. ) ;
#337 = EDGE_CURVE ( 'NONE', #2226, #2548, #2014, .T. ) ;
#338 = DIRECTION ( 'NONE',  ( 0.0000000000000000000, -0.0000000000000000000, -1.000000000000000000 ) ) ;
#339 = CIRCLE ( 'NONE', #43, 0.09999999999999996400 ) ;
#340 = CARTESIAN_POINT ( 'NONE',  ( -33.78015545367745900, -11.00000000000000200, -10.23547136219552200 ) ) ;
#341 = LINE ( 'NONE', #2371, #2368 ) ;
#342 = VECTOR ( 'NONE', #2518, 1000.000000000000000 ) ;
#343 = LINE ( 'NONE', #1287, #749 ) ;
#344 = FILL_AREA_STYLE ('',( #1318 ) ) ;
#345 = VECTOR ( 'NONE', #1644, 1000.000000000000000 ) ;
#346 = COLOUR_RGB ( '',0.7921568627450980000, 0.8196078431372548800, 0.9333333333333333500 ) ;
#347 = EDGE_CURVE ( 'NONE', #1430, #1034, #1187, .T. ) ;
#348 = EDGE_LOOP ( 'NONE', ( #2255, #1291, #417, #322 ) ) ;
#349 = SURFACE_STYLE_USAGE ( .BOTH. , #1524 ) ;
#350 = DIRECTION ( 'NONE',  ( 1.492235248152092000E-015, -0.0000000000000000000, -1.000000000000000000 ) ) ;
#351 = VECTOR ( 'NONE', #327, 1000.000000000000000 ) ;
#352 = EDGE_CURVE ( 'NONE', #1186, #2198, #2221, .T. ) ;
#353 = DIRECTION ( 'NONE',  ( 1.000000000000000000, -0.0000000000000000000, -0.0000000000000000000 ) ) ;
#354 = ORIENTED_EDGE ( 'NONE', *, *, #72, .T. ) ;
#355 = CARTESIAN_POINT ( 'NONE',  ( -33.98415610014052400, -0.6008726535498374300, -10.14471574486521100 ) ) ;
#356 = CARTESIAN_POINT ( 'NONE',  ( -40.93415610014052000, 3.200000000000000200, -12.59383544255398100 ) ) ;
#357 = ORIENTED_EDGE ( 'NONE', *, *, #601, .T. ) ;
#358 = CARTESIAN_POINT ( 'NONE',  ( -33.68580467445718100, -0.1884715705001812300, -10.24112058297524500 ) ) ;
#359 = AXIS2_PLACEMENT_3D ( 'NONE', #1277, #89, #1461 ) ;
#360 = AXIS2_PLACEMENT_3D ( 'NONE', #416, #1783, #610 ) ;
#361 = EDGE_LOOP ( 'NONE', ( #796, #2194, #1228, #354 ) ) ;
#362 = DIRECTION ( 'NONE',  ( -0.0000000000000000000, -3.469446951953614800E-014, -1.000000000000000000 ) ) ;
#363 = CARTESIAN_POINT ( 'NONE',  ( 0.0000000000000000000, 3.200000000000000200, -12.59383544255398100 ) ) ;
#364 = CARTESIAN_POINT ( 'NONE',  ( -54.98415610014052400, -0.1000000000000000100, -19.33859551404095000 ) ) ;
#365 =( BOUNDED_CURVE ( )  B_SPLINE_CURVE ( 3, ( #2146, #785, #2396, #1230 ),
 .UNSPECIFIED., .F., .F. ) 
 B_SPLINE_CURVE_WITH_KNOTS ( ( 4, 4 ),
 ( 4.721115626644665200, 6.283185307179574700 ),
 .UNSPECIFIED. ) 
 CURVE ( )  GEOMETRIC_REPRESENTATION_ITEM ( )  RATIONAL_B_SPLINE_CURVE ( ( 1.000000000000000000, 0.8067902504155271000, 0.8067902504155271000, 1.000000000000000000 ) ) 
 REPRESENTATION_ITEM ( '' )  );
#366 = ORIENTED_EDGE ( 'NONE', *, *, #552, .F. ) ;
#367 = FILL_AREA_STYLE_COLOUR ( '', #1298 ) ;
#368 = EDGE_CURVE ( 'NONE', #2074, #78, #1638, .T. ) ;
#369 = DIRECTION ( 'NONE',  ( 0.0000000000000000000, 0.9999619230641713100, -0.008726535498374267700 ) ) ;
#370 = CARTESIAN_POINT ( 'NONE',  ( 0.0000000000000000000, -0.5000000000000000000, 0.0000000000000000000 ) ) ;
#371 = CARTESIAN_POINT ( 'NONE',  ( -54.98328344659069000, -0.6000000000000000900, -10.14471193717162800 ) ) ;
#372 = AXIS2_PLACEMENT_3D ( 'NONE', #1510, #338, #1708 ) ;
#373 = AXIS2_PLACEMENT_3D ( 'NONE', #1380, #206, #1580 ) ;
#374 = VECTOR ( 'NONE', #1382, 1000.000000000000000 ) ;
#375 = CARTESIAN_POINT ( 'NONE',  ( 0.0000000000000000000, 0.0000000000000000000, 0.0000000000000000000 ) ) ;
#376 = VECTOR ( 'NONE', #1531, 1000.000000000000000 ) ;
#377 = LINE ( 'NONE', #1730, #2400 ) ;
#378 = CIRCLE ( 'NONE', #177, 0.1000000000000028600 ) ;
#379 = CARTESIAN_POINT ( 'NONE',  ( -55.38415610014053700, -0.6000000000000000900, -10.24471193717162800 ) ) ;
#380 = CARTESIAN_POINT ( 'NONE',  ( -33.68015926137104500, -11.00087265354983900, -19.34260377618117800 ) ) ;
#381 = ORIENTED_EDGE ( 'NONE', *, *, #2491, .F. ) ;
#382 = CARTESIAN_POINT ( 'NONE',  ( -40.93415610014052000, 3.200000000000000200, 0.0000000000000000000 ) ) ;
#383 = LINE ( 'NONE', #613, #905 ) ;
#384 = ORIENTED_EDGE ( 'NONE', *, *, #3, .T. ) ;
#385 = DIRECTION ( 'NONE',  ( -0.0000000000000000000, 0.0000000000000000000, -1.000000000000000000 ) ) ;
#386 = CARTESIAN_POINT ( 'NONE',  ( -48.05415610014052400, 3.200000000000000200, -12.84383544255398100 ) ) ;
#387 = VERTEX_POINT ( 'NONE', #2081 ) ;
#388 = EDGE_CURVE ( 'NONE', #387, #1740, #1052, .T. ) ;
#389 = ORIENTED_EDGE ( 'NONE', *, *, #26, .T. ) ;
#390 = ORIENTED_EDGE ( 'NONE', *, *, #240, .T. ) ;
#391 = DIRECTION ( 'NONE',  ( -1.000000000000000000, 0.0000000000000000000, -0.0000000000000000000 ) ) ;
#392 = ORIENTED_EDGE ( 'NONE', *, *, #132, .F. ) ;
#393 = ORIENTED_EDGE ( 'NONE', *, *, #1197, .F. ) ;
#394 = CARTESIAN_POINT ( 'NONE',  ( -55.38345555091849100, -0.08027498970333622800, -10.24016875018706300 ) ) ;
#395 = CARTESIAN_POINT ( 'NONE',  ( -55.18815674660360300, -11.00000000000000200, -19.24347265512168200 ) ) ;
#396 = CARTESIAN_POINT ( 'NONE',  ( -33.68503259475819100, 0.0000000000000000000, -19.33859551404095400 ) ) ;
#397 = DIRECTION ( 'NONE',  ( -0.008726203243944222500, 0.9999238504775704900, -0.008726203243944238200 ) ) ;
#398 = CARTESIAN_POINT ( 'NONE',  ( -35.35415610014052100, 3.200000000000000200, -12.84383544255398100 ) ) ;
#399 = EDGE_CURVE ( 'NONE', #1850, #2000, #1122, .T. ) ;
#400 = DIRECTION ( 'NONE',  ( -1.000000000000000000, 0.0000000000000000000, -0.0000000000000000000 ) ) ;
#401 = VECTOR ( 'NONE', #296, 1000.000000000000000 ) ;
#402 = CARTESIAN_POINT ( 'NONE',  ( -53.63415610014052200, 3.200000000000000200, -12.59383544255398100 ) ) ;
#403 = CIRCLE ( 'NONE', #663, 0.09999999999999939500 ) ;
#404 = LINE ( 'NONE', #1158, #275 ) ;
#405 =( GEOMETRIC_REPRESENTATION_CONTEXT ( 3 ) GLOBAL_UNCERTAINTY_ASSIGNED_CONTEXT ( ( #85 ) ) GLOBAL_UNIT_ASSIGNED_CONTEXT ( ( #1911, #741, #2102 ) ) REPRESENTATION_CONTEXT ( 'NONE', 'WORKASPACE' ) );
#406 = AXIS2_PLACEMENT_3D ( 'NONE', #1963, #804, #2168 ) ;
#407 = VECTOR ( 'NONE', #1049, 1000.000000000000000 ) ;
#408 = CYLINDRICAL_SURFACE ( 'NONE', #1926, 0.1000000000000017000 ) ;
#409 = LINE ( 'NONE', #2269, #1908 ) ;
#410 = ORIENTED_EDGE ( 'NONE', *, *, #2450, .F. ) ;
#411 = COLOUR_RGB ( '',0.2509803921568627400, 0.2509803921568627400, 0.2509803921568627400 ) ;
#412 = DIRECTION ( 'NONE',  ( 1.000000000000000000, 1.761828530288894200E-015, 0.0000000000000000000 ) ) ;
#413 = VERTEX_POINT ( 'NONE', #332 ) ;
#414 = CARTESIAN_POINT ( 'NONE',  ( -54.98415610014052400, -0.1000000000000000100, -10.24034850327625000 ) ) ;
#415 = SPHERICAL_SURFACE ( 'NONE', #1743, 0.1000000000000000100 ) ;
#416 = CARTESIAN_POINT ( 'NONE',  ( -54.98415610014052400, -0.1000000000000000100, -10.24034850327624800 ) ) ;
#417 = ORIENTED_EDGE ( 'NONE', *, *, #352, .F. ) ;
#418 = EDGE_CURVE ( 'NONE', #286, #109, #1513, .T. ) ;
#419 = DIRECTION ( 'NONE',  ( 0.0000000000000000000, 1.000000000000000000, 3.469446951953635000E-014 ) ) ;
#420 = ORIENTED_EDGE ( 'NONE', *, *, #2090, .F. ) ;
#421 = DIRECTION ( 'NONE',  ( -7.461176240760459900E-016, 0.0000000000000000000, -1.000000000000000000 ) ) ;
#422 = ORIENTED_EDGE ( 'NONE', *, *, #2176, .F. ) ;
#423 = AXIS2_PLACEMENT_3D ( 'NONE', #1615, #246, #1625 ) ;
#424 = EDGE_CURVE ( 'NONE', #1643, #1998, #2024, .T. ) ;
#425 = DIRECTION ( 'NONE',  ( -1.000000000000000000, 0.0000000000000000000, 0.0000000000000000000 ) ) ;
#426 = EDGE_LOOP ( 'NONE', ( #1172, #1975, #695, #1909 ) ) ;
#427 = EDGE_CURVE ( 'NONE', #286, #767, #467, .T. ) ;
#428 = DIRECTION ( 'NONE',  ( -0.0000000000000000000, 0.0000000000000000000, -1.000000000000000000 ) ) ;
#429 = AXIS2_PLACEMENT_3D ( 'NONE', #272, #1070, #2448 ) ;
#430 = VECTOR ( 'NONE', #208, 1000.000000000000000 ) ;
#431 = CARTESIAN_POINT ( 'NONE',  ( -51.09415610014052300, 3.200000000000000200, -12.59383544255398100 ) ) ;
#432 = PRESENTATION_STYLE_ASSIGNMENT (( #1887 ) ) ;
#433 = FACE_OUTER_BOUND ( 'NONE', #1769, .T. ) ;
#434 = DIRECTION ( 'NONE',  ( -0.0000000000000000000, 0.0000000000000000000, -1.000000000000000000 ) ) ;
#435 = AXIS2_PLACEMENT_3D ( 'NONE', #2131, #179, #1551 ) ;
#436 = ORIENTED_EDGE ( 'NONE', *, *, #2388, .F. ) ;
#437 = VECTOR ( 'NONE', #1198, 1000.000000000000000 ) ;
#438 = VERTEX_POINT ( 'NONE', #1512 ) ;
#439 = DIRECTION ( 'NONE',  ( 0.0000000000000000000, -0.0000000000000000000, 1.000000000000000000 ) ) ;
#440 = ORIENTED_EDGE ( 'NONE', *, *, #218, .F. ) ;
#441 = DIRECTION ( 'NONE',  ( 0.0000000000000000000, 0.008726535498373806300, 0.9999619230641712000 ) ) ;
#442 = EDGE_LOOP ( 'NONE', ( #2285, #1366, #626, #1548 ) ) ;
#443 = VERTEX_POINT ( 'NONE', #2093 ) ;
#444 = ORIENTED_EDGE ( 'NONE', *, *, #337, .T. ) ;
#445 = ORIENTED_EDGE ( 'NONE', *, *, #1791, .F. ) ;
#446 = VERTEX_POINT ( 'NONE', #1315 ) ;
#447 = EDGE_CURVE ( 'NONE', #2392, #976, #1449, .T. ) ;
#448 = DIRECTION ( 'NONE',  ( -1.000000000000000000, 0.0000000000000000000, 0.0000000000000000000 ) ) ;
#449 = DIRECTION ( 'NONE',  ( -1.000000000000000000, 0.0000000000000000000, 2.775557561562888800E-014 ) ) ;
#450 = VERTEX_POINT ( 'NONE', #538 ) ;
#451 =( GEOMETRIC_REPRESENTATION_CONTEXT ( 3 ) GLOBAL_UNCERTAINTY_ASSIGNED_CONTEXT ( ( #550 ) ) GLOBAL_UNIT_ASSIGNED_CONTEXT ( ( #984, #2356, #1189 ) ) REPRESENTATION_CONTEXT ( 'NONE', 'WORKASPACE' ) );
#452 = AXIS2_PLACEMENT_3D ( 'NONE', #1709, #935, #738 ) ;
#453 = SURFACE_SIDE_STYLE ('',( #1693 ) ) ;
#454 = DIRECTION ( 'NONE',  ( -1.492235248152092000E-015, 0.0000000000000000000, 1.000000000000000000 ) ) ;
#455 = ADVANCED_FACE ( 'NONE', ( #12 ), #1910, .T. ) ;
#456 = VECTOR ( 'NONE', #1459, 1000.000000000000000 ) ;
#457 = VECTOR ( 'NONE', #1768, 1000.000000000000000 ) ;
#458 = ORIENTED_EDGE ( 'NONE', *, *, #882, .F. ) ;
#459 = ADVANCED_FACE ( 'NONE', ( #66, #1972 ), #143, .T. ) ;
#460 = DIRECTION ( 'NONE',  ( -1.000000000000000000, 0.0000000000000000000, 0.0000000000000000000 ) ) ;
#461 = LINE ( 'NONE', #2219, #1577 ) ;
#462 = COLOUR_RGB ( '',0.2509803921568627400, 0.2509803921568627400, 0.2509803921568627400 ) ;
#463 = CIRCLE ( 'NONE', #619, 0.09999999999999939500 ) ;
#464 = CARTESIAN_POINT ( 'NONE',  ( -35.35415610014016600, -0.5000000000000000000, 9.812749529641875400E-013 ) ) ;
#465 = EDGE_CURVE ( 'NONE', #446, #2191, #2251, .T. ) ;
#466 = ORIENTED_EDGE ( 'NONE', *, *, #2374, .T. ) ;
#467 = LINE ( 'NONE', #924, #2501 ) ;
#468 = EDGE_LOOP ( 'NONE', ( #1578, #1245, #2345, #2120 ) ) ;
#469 = ORIENTED_EDGE ( 'NONE', *, *, #853, .F. ) ;
#470 = LINE ( 'NONE', #2520, #1976 ) ;
#471 = ADVANCED_FACE ( 'NONE', ( #2399 ), #1139, .F. ) ;
#472 = DIRECTION ( 'NONE',  ( -1.000000000000000000, 0.0000000000000000000, 0.0000000000000000000 ) ) ;
#473 = ORIENTED_EDGE ( 'NONE', *, *, #1495, .F. ) ;
#474 = EDGE_CURVE ( 'NONE', #2548, #2007, #843, .T. ) ;
#475 = ADVANCED_FACE ( 'NONE', ( #1358 ), #784, .T. ) ;
#476 = VERTEX_POINT ( 'NONE', #1346 ) ;
#477 = DIRECTION ( 'NONE',  ( 1.000000000000000000, 0.0000000000000000000, 0.0000000000000000000 ) ) ;
#478 = EDGE_CURVE ( 'NONE', #1026, #2404, #309, .T. ) ;
#479 = CARTESIAN_POINT ( 'NONE',  ( -50.59415610014052300, -0.5000000000000000000, -12.84383544255398100 ) ) ;
#480 = CARTESIAN_POINT ( 'NONE',  ( 0.0000000000000000000, 0.0000000000000000000, 0.0000000000000000000 ) ) ;
#481 = ORIENTED_EDGE ( 'NONE', *, *, #736, .T. ) ;
#482 = ADVANCED_FACE ( 'NONE', ( #2336 ), #164, .T. ) ;
#483 = AXIS2_PLACEMENT_3D ( 'NONE', #1267, #472, #2238 ) ;
#484 = CARTESIAN_POINT ( 'NONE',  ( -54.98415610014052400, -0.1000000000000000100, -19.33859551404095000 ) ) ;
#485 = ORIENTED_EDGE ( 'NONE', *, *, #1352, .T. ) ;
#486 = PRODUCT_DEFINITION_SHAPE ( 'NONE', 'NONE',  #2001 ) ;
#487 = DIRECTION ( 'NONE',  ( -1.000000000000000000, 0.0000000000000000000, 0.0000000000000000000 ) ) ;
#488 = DIRECTION ( 'NONE',  ( 1.000000000000000000, 0.0000000000000000000, 0.0000000000000000000 ) ) ;
#489 = ADVANCED_FACE ( 'NONE', ( #1631 ), #2139, .F. ) ;
#490 = DIRECTION ( 'NONE',  ( 1.000000000000000000, 0.0000000000000000000, 0.0000000000000000000 ) ) ;
#491 = VECTOR ( 'NONE', #2546, 1000.000000000000000 ) ;
#492 = EDGE_CURVE ( 'NONE', #2198, #1701, #2085, .T. ) ;
#493 = CARTESIAN_POINT ( 'NONE',  ( -37.89415610014016500, 3.200000000000000200, 1.051774115027885000E-012 ) ) ;
#494 = LINE ( 'NONE', #356, #2459 ) ;
#495 = FACE_OUTER_BOUND ( 'NONE', #45, .T. ) ;
#496 = DIRECTION ( 'NONE',  ( 0.0000000000000000000, -0.0000000000000000000, 1.000000000000000000 ) ) ;
#497 = DIRECTION ( 'NONE',  ( -1.000000000000000000, 0.0000000000000000000, -0.0000000000000000000 ) ) ;
#498 = CARTESIAN_POINT ( 'NONE',  ( 0.0000000000000000000, -0.1000000000000000100, -10.24034850327625000 ) ) ;
#499 = ORIENTED_EDGE ( 'NONE', *, *, #1791, .T. ) ;
#500 = CARTESIAN_POINT ( 'NONE',  ( -55.28416752220648100, 0.0008725206505956115700, -10.13946439428623800 ) ) ;
#501 = CIRCLE ( 'NONE', #373, 0.3433244078588841800 ) ;
#502 = AXIS2_PLACEMENT_3D ( 'NONE', #1111, #1894, #730 ) ;
#503 = AXIS2_PLACEMENT_3D ( 'NONE', #2169, #996, #2364 ) ;
#504 = ORIENTED_EDGE ( 'NONE', *, *, #294, .T. ) ;
#505 = EDGE_LOOP ( 'NONE', ( #2027, #392, #1200, #1284 ) ) ;
#506 = EDGE_LOOP ( 'NONE', ( #1793, #1223, #1650 ) ) ;
#507 = ORIENTED_EDGE ( 'NONE', *, *, #1014, .F. ) ;
#508 = EDGE_LOOP ( 'NONE', ( #204, #2130, #393, #1221 ) ) ;
#509 = ORIENTED_EDGE ( 'NONE', *, *, #2231, .F. ) ;
#510 = CARTESIAN_POINT ( 'NONE',  ( -54.98415610014052400, -0.1000000000000000200, -19.33859551404095000 ) ) ;
#511 = CARTESIAN_POINT ( 'NONE',  ( -54.88415610014052200, -0.5000000000000000000, -19.33510476692465100 ) ) ;
#512 = EDGE_CURVE ( 'NONE', #109, #2236, #60, .T. ) ;
#513 = VERTEX_POINT ( 'NONE', #1175 ) ;
#514 = CARTESIAN_POINT ( 'NONE',  ( -53.13415610014052200, -0.5000000000000000000, -12.84383544255398100 ) ) ;
#515 = DIRECTION ( 'NONE',  ( 0.0000000000000000000, -0.0000000000000000000, 1.000000000000000000 ) ) ;
#516 = SURFACE_SIDE_STYLE ('',( #961 ) ) ;
#517 = DIRECTION ( 'NONE',  ( -1.000000000000000000, 0.0000000000000000000, 0.0000000000000000000 ) ) ;
#518 = DIRECTION ( 'NONE',  ( -1.000000000000000000, 0.0000000000000000000, -3.469446951953515100E-014 ) ) ;
#519 = DIRECTION ( 'NONE',  ( 1.000000000000000000, 0.0000000000000000000, 0.0000000000000000000 ) ) ;
#520 = VECTOR ( 'NONE', #477, 1000.000000000000000 ) ;
#521 = CARTESIAN_POINT ( 'NONE',  ( -33.78015545367746600, -11.00000000000000200, -19.24347265512168200 ) ) ;
#522 = DIRECTION ( 'NONE',  ( 0.0000000000000000000, 1.000000000000000000, -3.469446951953614200E-014 ) ) ;
#523 = VECTOR ( 'NONE', #1974, 1000.000000000000100 ) ;
#524 = PRESENTATION_STYLE_ASSIGNMENT (( #2156 ) ) ;
#525 = DIRECTION ( 'NONE',  ( -2.775557561562888800E-014, 0.0000000000000000000, -1.000000000000000000 ) ) ;
#526 = CARTESIAN_POINT ( 'NONE',  ( -54.88415610014052200, -0.09999999999999999200, -10.13947200865860100 ) ) ;
#527 = FACE_OUTER_BOUND ( 'NONE', #1550, .T. ) ;
#528 = CYLINDRICAL_SURFACE ( 'NONE', #483, 0.09999999999999939500 ) ;
#529 = EDGE_CURVE ( 'NONE', #1186, #976, #1112, .T. ) ;
#530 = EDGE_LOOP ( 'NONE', ( #2437, #2350, #1778, #974, #1191 ) ) ;
#531 = VECTOR ( 'NONE', #1116, 1000.000000000000100 ) ;
#532 = DIRECTION ( 'NONE',  ( 1.000000000000000000, 0.0000000000000000000, 0.0000000000000000000 ) ) ;
#533 = ORIENTED_EDGE ( 'NONE', *, *, #805, .F. ) ;
#534 = EDGE_LOOP ( 'NONE', ( #1799, #205, #1347, #320 ) ) ;
#535 = DIRECTION ( 'NONE',  ( 0.0000000000000000000, -0.0000000000000000000, 1.000000000000000000 ) ) ;
#536 = FACE_OUTER_BOUND ( 'NONE', #1925, .T. ) ;
#537 = CARTESIAN_POINT ( 'NONE',  ( -54.88415610014052200, -0.5000000000000000000, -19.43947200865860100 ) ) ;
#538 = CARTESIAN_POINT ( 'NONE',  ( -40.43415610014052000, -0.5000000000000000000, -12.84383544255398100 ) ) ;
#539 = AXIS2_PLACEMENT_3D ( 'NONE', #1196, #16, #1384 ) ;
#540 = EDGE_LOOP ( 'NONE', ( #667, #1123, #2402, #2286 ) ) ;
#541 = DIRECTION ( 'NONE',  ( -2.775557561562888800E-014, 0.0000000000000000000, -1.000000000000000000 ) ) ;
#542 = SURFACE_STYLE_USAGE ( .BOTH. , #1714 ) ;
#543 = DIRECTION ( 'NONE',  ( 0.0000000000000000000, 0.0000000000000000000, -1.000000000000000000 ) ) ;
#544 =( NAMED_UNIT ( * ) PLANE_ANGLE_UNIT ( ) SI_UNIT ( $, .RADIAN. ) );
#545 = EDGE_CURVE ( 'NONE', #1949, #657, #1573, .T. ) ;
#546 = CARTESIAN_POINT ( 'NONE',  ( -54.88415610014052200, -0.5000000000000000000, -19.33423208014557200 ) ) ;
#547 = VERTEX_POINT ( 'NONE', #979 ) ;
#548 = ORIENTED_EDGE ( 'NONE', *, *, #1023, .T. ) ;
#549 = CARTESIAN_POINT ( 'NONE',  ( 0.0000000000000000000, 3.200000000000000200, -12.84383544255398100 ) ) ;
#550 = UNCERTAINTY_MEASURE_WITH_UNIT (LENGTH_MEASURE( 1.000000000000000100E-005 ), #984, 'distance_accuracy_value', 'NONE');
#551 = AXIS2_PLACEMENT_3D ( 'NONE', #55, #1431, #253 ) ;
#552 = EDGE_CURVE ( 'NONE', #1024, #1998, #990, .T. ) ;
#553 = DIRECTION ( 'NONE',  ( 0.0000000000000000000, -0.0000000000000000000, 1.000000000000000000 ) ) ;
#554 = DIRECTION ( 'NONE',  ( 2.775557561562888800E-014, 0.0000000000000000000, 1.000000000000000000 ) ) ;
#555 = CIRCLE ( 'NONE', #84, 0.09999999999999996400 ) ;
#556 = LINE ( 'NONE', #281, #1603 ) ;
#557 = FACE_OUTER_BOUND ( 'NONE', #212, .T. ) ;
#558 = DIRECTION ( 'NONE',  ( -1.000000000000000000, 0.0000000000000000000, 0.0000000000000000000 ) ) ;
#559 = DIRECTION ( 'NONE',  ( 1.000000000000000000, 0.0000000000000000000, 0.0000000000000000000 ) ) ;
#560 = LINE ( 'NONE', #537, #1991 ) ;
#561 = FACE_OUTER_BOUND ( 'NONE', #2063, .T. ) ;
#562 = EDGE_CURVE ( 'NONE', #1266, #547, #4, .T. ) ;
#563 = DIRECTION ( 'NONE',  ( 1.000000000000000000, 0.0000000000000000000, -0.0000000000000000000 ) ) ;
#564 = VERTEX_POINT ( 'NONE', #587 ) ;
#565 = CIRCLE ( 'NONE', #639, 0.1000000000000028600 ) ;
#566 = AXIS2_PLACEMENT_3D ( 'NONE', #1469, #303, #1682 ) ;
#567 = ORIENTED_EDGE ( 'NONE', *, *, #630, .T. ) ;
#568 = DIRECTION ( 'NONE',  ( -0.0000000000000000000, -1.000000000000000000, -0.0000000000000000000 ) ) ;
#569 = EDGE_LOOP ( 'NONE', ( #893, #2026, #2340 ) ) ;
#570 = EDGE_LOOP ( 'NONE', ( #1427, #2378, #2135, #818, #740, #2095 ) ) ;
#571 = DIRECTION ( 'NONE',  ( 0.0000000000000000000, 1.000000000000000000, -0.0000000000000000000 ) ) ;
#572 = ORIENTED_EDGE ( 'NONE', *, *, #347, .T. ) ;
#573 = DIRECTION ( 'NONE',  ( 0.0000000000000000000, 0.0000000000000000000, 1.000000000000000000 ) ) ;
#574 = ORIENTED_EDGE ( 'NONE', *, *, #878, .T. ) ;
#575 = ORIENTED_EDGE ( 'NONE', *, *, #1087, .F. ) ;
#576 = PLANE ( 'NONE',  #735 ) ;
#577 = DIRECTION ( 'NONE',  ( -7.461176240760459900E-016, 0.0000000000000000000, -1.000000000000000000 ) ) ;
#578 = DIRECTION ( 'NONE',  ( 0.0000000000000000000, -0.0000000000000000000, 1.000000000000000000 ) ) ;
#579 = ORIENTED_EDGE ( 'NONE', *, *, #956, .F. ) ;
#580 = FILL_AREA_STYLE_COLOUR ( '', #1045 ) ;
#581 = CARTESIAN_POINT ( 'NONE',  ( -42.97415610014051200, 3.200000000000000200, -12.59383544255398100 ) ) ;
#582 = EDGE_CURVE ( 'NONE', #564, #2392, #2493, .T. ) ;
#583 = DIRECTION ( 'NONE',  ( 0.008726203243952448600, -0.9999238504775703800, -0.008726203243952599500 ) ) ;
#584 = MECHANICAL_DESIGN_GEOMETRIC_PRESENTATION_REPRESENTATION (  '', ( #325 ), #722 ) ;
#585 = DIRECTION ( 'NONE',  ( 0.0000000000000000000, 0.0000000000000000000, 1.000000000000000000 ) ) ;
#586 = FACE_OUTER_BOUND ( 'NONE', #242, .T. ) ;
#587 = CARTESIAN_POINT ( 'NONE',  ( -43.47415610014051900, 3.200000000000000200, -12.59383544255398100 ) ) ;
#588 = VECTOR ( 'NONE', #1561, 1000.000000000000000 ) ;
#589 = PRESENTATION_STYLE_ASSIGNMENT (( #542 ) ) ;
#590 = FACE_OUTER_BOUND ( 'NONE', #850, .T. ) ;
#591 = CARTESIAN_POINT ( 'NONE',  ( -34.08415610014052500, -0.5000000000000000000, -19.33510476692464800 ) ) ;
#592 = CARTESIAN_POINT ( 'NONE',  ( -33.68503259475818400, -0.1000000000000000100, -10.24034850327624800 ) ) ;
#593 = PLANE ( 'NONE',  #2515 ) ;
#594 = CIRCLE ( 'NONE', #2309, 0.1000000000000017000 ) ;
#595 = ORIENTED_EDGE ( 'NONE', *, *, #945, .T. ) ;
#596 = VECTOR ( 'NONE', #1492, 1000.000000000000000 ) ;
#597 = EDGE_LOOP ( 'NONE', ( #1242, #499, #909, #1429 ) ) ;
#598 = CARTESIAN_POINT ( 'NONE',  ( -54.88415610014051500, -0.5005114662397942600, -10.18566737608490600 ) ) ;
#599 = ORIENTED_EDGE ( 'NONE', *, *, #1713, .T. ) ;
#600 = VERTEX_POINT ( 'NONE', #1576 ) ;
#601 = EDGE_CURVE ( 'NONE', #1026, #718, #1504, .T. ) ;
#602 = CARTESIAN_POINT ( 'NONE',  ( -53.44427346570418500, -2.116834432316647300, -19.42099867443284800 ) ) ;
#603 = ORIENTED_EDGE ( 'NONE', *, *, #2416, .F. ) ;
#604 = CARTESIAN_POINT ( 'NONE',  ( -51.09415610014052300, 3.200000000000000200, -12.84383544255398100 ) ) ;
#605 = EDGE_CURVE ( 'NONE', #1919, #1849, #1440, .T. ) ;
#606 = CARTESIAN_POINT ( 'NONE',  ( -33.68503259475818400, 0.0000000000000000000, -10.24034850327625000 ) ) ;
#607 = DIRECTION ( 'NONE',  ( 0.0000000000000000000, 0.0000000000000000000, -1.000000000000000000 ) ) ;
#608 = ORIENTED_EDGE ( 'NONE', *, *, #605, .T. ) ;
#609 = EDGE_CURVE ( 'NONE', #1037, #1879, #744, .T. ) ;
#610 = DIRECTION ( 'NONE',  ( 0.0000000000000000000, -0.008726535498373915600, 0.9999619230641712000 ) ) ;
#611 = DIRECTION ( 'NONE',  ( 0.0000000000000000000, 0.9999619230641713100, 0.008726535498373953800 ) ) ;
#612 = EDGE_CURVE ( 'NONE', #1971, #1055, #927, .T. ) ;
#613 = CARTESIAN_POINT ( 'NONE',  ( 0.0000000000000000000, -0.5000000000000000000, -12.84383544255398100 ) ) ;
#614 = DIRECTION ( 'NONE',  ( 1.000000000000000000, 0.0000000000000000000, 0.0000000000000000000 ) ) ;
#615 = CARTESIAN_POINT ( 'NONE',  ( 0.0000000000000000000, -0.5000000000000000000, -12.84383544255398100 ) ) ;
#616 = FACE_BOUND ( 'NONE', #1817, .T. ) ;
#617 = CYLINDRICAL_SURFACE ( 'NONE', #1979, 0.1000000000000028600 ) ;
#618 = VECTOR ( 'NONE', #113, 1000.000000000000000 ) ;
#619 = AXIS2_PLACEMENT_3D ( 'NONE', #1677, #497, #1862 ) ;
#620 = AXIS2_PLACEMENT_3D ( 'NONE', #1009, #1201, #2381 ) ;
#621 = DIRECTION ( 'NONE',  ( 0.008726203243944318000, -0.9999238504775704900, 0.008726203243944047300 ) ) ;
#622 = LINE ( 'NONE', #1491, #752 ) ;
#623 = FACE_OUTER_BOUND ( 'NONE', #426, .T. ) ;
#624 = CARTESIAN_POINT ( 'NONE',  ( -54.88415610014052200, -0.6000000000000000900, -19.33423208014557200 ) ) ;
#625 = DIRECTION ( 'NONE',  ( -0.0000000000000000000, -1.000000000000000000, -0.0000000000000000000 ) ) ;
#626 = ORIENTED_EDGE ( 'NONE', *, *, #1549, .F. ) ;
#627 = VECTOR ( 'NONE', #1327, 1000.000000000000000 ) ;
#628 = ORIENTED_EDGE ( 'NONE', *, *, #1097, .T. ) ;
#629 = ORIENTED_EDGE ( 'NONE', *, *, #1272, .F. ) ;
#630 = EDGE_CURVE ( 'NONE', #1971, #1369, #403, .T. ) ;
#631 = ORIENTED_EDGE ( 'NONE', *, *, #612, .T. ) ;
#632 = UNCERTAINTY_MEASURE_WITH_UNIT (LENGTH_MEASURE( 1.000000000000000100E-005 ), #719, 'distance_accuracy_value', 'NONE');
#633 = ORIENTED_EDGE ( 'NONE', *, *, #2176, .T. ) ;
#634 = DIRECTION ( 'NONE',  ( 1.000000000000000000, 0.0000000000000000000, 0.0000000000000000000 ) ) ;
#635 = ORIENTED_EDGE ( 'NONE', *, *, #1652, .T. ) ;
#636 = VERTEX_POINT ( 'NONE', #1396 ) ;
#637 = CARTESIAN_POINT ( 'NONE',  ( -33.98415610014052400, -0.1000000000000000300, -19.33859551404095000 ) ) ;
#638 = STYLED_ITEM ( 'NONE', ( #844 ), #1639 ) ;
#639 = AXIS2_PLACEMENT_3D ( 'NONE', #213, #1588, #412 ) ;
#640 = ORIENTED_EDGE ( 'NONE', *, *, #1784, .F. ) ;
#641 = DIRECTION ( 'NONE',  ( 0.008726203243944229500, 0.9999238504775704900, -0.008726203243944236400 ) ) ;
#642 = EDGE_CURVE ( 'NONE', #1053, #178, #341, .T. ) ;
#643 = FACE_OUTER_BOUND ( 'NONE', #2389, .T. ) ;
#644 = CARTESIAN_POINT ( 'NONE',  ( -50.59415610014016800, 3.200000000000000200, 1.404269925346372200E-012 ) ) ;
#645 = CARTESIAN_POINT ( 'NONE',  ( -54.98415610014052400, -0.09999999999999999200, -19.43947200865860100 ) ) ;
#646 = SURFACE_STYLE_FILL_AREA ( #344 ) ;
#647 = LINE ( 'NONE', #1756, #1633 ) ;
#648 = ORIENTED_EDGE ( 'NONE', *, *, #956, .T. ) ;
#649 = FACE_OUTER_BOUND ( 'NONE', #848, .T. ) ;
#650 = VECTOR ( 'NONE', #614, 1000.000000000000000 ) ;
#651 = ORIENTED_EDGE ( 'NONE', *, *, #2189, .F. ) ;
#652 = VECTOR ( 'NONE', #131, 1000.000000000000000 ) ;
#653 = VERTEX_POINT ( 'NONE', #1982 ) ;
#654 =( LENGTH_UNIT ( ) NAMED_UNIT ( * ) SI_UNIT ( .MILLI., .METRE. ) );
#655 = ORIENTED_EDGE ( 'NONE', *, *, #1038, .T. ) ;
#656 = ADVANCED_FACE ( 'NONE', ( #1385 ), #21, .F. ) ;
#657 = VERTEX_POINT ( 'NONE', #2178 ) ;
#658 = ORIENTED_EDGE ( 'NONE', *, *, #2115, .F. ) ;
#659 = EDGE_CURVE ( 'NONE', #1029, #1266, #1835, .T. ) ;
#660 = DIRECTION ( 'NONE',  ( -7.461176240760459900E-016, 0.0000000000000000000, -1.000000000000000000 ) ) ;
#661 = ADVANCED_FACE ( 'NONE', ( #1903 ), #1785, .T. ) ;
#662 = AXIS2_PLACEMENT_3D ( 'NONE', #1761, #583, #1951 ) ;
#663 = AXIS2_PLACEMENT_3D ( 'NONE', #217, #1594, #419 ) ;
#664 = ORIENTED_EDGE ( 'NONE', *, *, #2224, .F. ) ;
#665 = PLANE ( 'NONE',  #229 ) ;
#666 = ADVANCED_FACE ( 'NONE', ( #1322 ), #2110, .F. ) ;
#667 = ORIENTED_EDGE ( 'NONE', *, *, #2367, .T. ) ;
#668 = PLANE ( 'NONE',  #429 ) ;
#669 = VECTOR ( 'NONE', #1381, 1000.000000000000000 ) ;
#670 = EDGE_CURVE ( 'NONE', #2385, #854, #868, .T. ) ;
#671 = CARTESIAN_POINT ( 'NONE',  ( -55.38415610014053700, -0.6000000000000000900, -10.14471193717162800 ) ) ;
#672 = ADVANCED_FACE ( 'NONE', ( #219 ), #747, .T. ) ;
#673 = FACE_BOUND ( 'NONE', #1667, .T. ) ;
#674 = FACE_OUTER_BOUND ( 'NONE', #1622, .T. ) ;
#675 = VECTOR ( 'NONE', #1868, 1000.000000000000000 ) ;
#676 = EDGE_LOOP ( 'NONE', ( #146, #1451, #1764, #1942 ) ) ;
#677 = DIRECTION ( 'NONE',  ( 1.000000000000000000, 0.0000000000000000000, 0.0000000000000000000 ) ) ;
#678 = DIRECTION ( 'NONE',  ( 0.0000000000000000000, 0.0000000000000000000, 1.000000000000000000 ) ) ;
#679 = VECTOR ( 'NONE', #1686, 1000.000000000000000 ) ;
#680 = LINE ( 'NONE', #500, #1148 ) ;
#681 = AXIS2_PLACEMENT_3D ( 'NONE', #1811, #641, #441 ) ;
#682 = EDGE_CURVE ( 'NONE', #762, #1309, #2242, .T. ) ;
#683 = ADVANCED_FACE ( 'NONE', ( #1263 ), #2527, .F. ) ;
#684 = DIRECTION ( 'NONE',  ( 0.0000000000000000000, 0.0000000000000000000, -1.000000000000000000 ) ) ;
#685 = LINE ( 'NONE', #1711, #1735 ) ;
#686 = CARTESIAN_POINT ( 'NONE',  ( -43.47415610014051900, 3.200000000000000200, -12.84383544255398100 ) ) ;
#687 = ORIENTED_EDGE ( 'NONE', *, *, #224, .T. ) ;
#688 = ORIENTED_EDGE ( 'NONE', *, *, #474, .T. ) ;
#689 = CARTESIAN_POINT ( 'NONE',  ( -54.98415610014052400, 0.0000000000000000000, -19.33859551404095400 ) ) ;
#690 = VERTEX_POINT ( 'NONE', #1749 ) ;
#691 = EDGE_CURVE ( 'NONE', #476, #1135, #2302, .T. ) ;
#692 = ADVANCED_FACE ( 'NONE', ( #151, #673, #1206, #2179, #1656, #1142, #616, #86 ), #776, .T. ) ;
#693 = VERTEX_POINT ( 'NONE', #159 ) ;
#694 = ORIENTED_EDGE ( 'NONE', *, *, #2523, .T. ) ;
#695 = ORIENTED_EDGE ( 'NONE', *, *, #478, .F. ) ;
#696 = CARTESIAN_POINT ( 'NONE',  ( -33.68503259475819100, -0.1000000000000000200, -19.33859551404095000 ) ) ;
#697 = AXIS2_PLACEMENT_3D ( 'NONE', #510, #1873, #707 ) ;
#698 = DIRECTION ( 'NONE',  ( 1.000000000000000000, -0.0000000000000000000, -0.0000000000000000000 ) ) ;
#699 = ADVANCED_FACE ( 'NONE', ( #1073 ), #2047, .T. ) ;
#700 = EDGE_CURVE ( 'NONE', #693, #1095, #2112, .T. ) ;
#701 = CARTESIAN_POINT ( 'NONE',  ( 0.0000000000000000000, 3.200000000000000200, -12.84383544255398100 ) ) ;
#702 = ORIENTED_EDGE ( 'NONE', *, *, #2084, .F. ) ;
#703 = DIRECTION ( 'NONE',  ( 1.000000000000000000, 0.0000000000000000000, 0.0000000000000000000 ) ) ;
#704 = AXIS2_PLACEMENT_3D ( 'NONE', #2341, #988, #2204 ) ;
#705 = AXIS2_PLACEMENT_3D ( 'NONE', #379, #2119, #2331 ) ;
#706 = DIRECTION ( 'NONE',  ( 1.000000000000000000, 0.0000000000000000000, -0.0000000000000000000 ) ) ;
#707 = DIRECTION ( 'NONE',  ( 0.0000000000000000000, 0.0000000000000000000, -1.000000000000000000 ) ) ;
#708 = CARTESIAN_POINT ( 'NONE',  ( -54.98357432464619900, -0.6002908891316859300, -19.43423208014557000 ) ) ;
#709 = VECTOR ( 'NONE', #1984, 1000.000000000000000 ) ;
#710 = DIRECTION ( 'NONE',  ( -1.492235248152092000E-015, 0.0000000000000000000, 1.000000000000000000 ) ) ;
#711 = EDGE_CURVE ( 'NONE', #1266, #100, #555, .T. ) ;
#712 = ORIENTED_EDGE ( 'NONE', *, *, #210, .T. ) ;
#713 = FACE_OUTER_BOUND ( 'NONE', #1824, .T. ) ;
#714 = DIRECTION ( 'NONE',  ( 0.0000000000000000000, 1.000000000000000000, 0.0000000000000000000 ) ) ;
#715 = CARTESIAN_POINT ( 'NONE',  ( -55.38415610014053700, -0.1008726535498374000, -10.14035231096983100 ) ) ;
#716 = LINE ( 'NONE', #2377, #194 ) ;
#717 = CARTESIAN_POINT ( 'NONE',  ( -33.98415610014052400, -0.4990892702392604200, -19.33511271474285900 ) ) ;
#718 = VERTEX_POINT ( 'NONE', #783 ) ;
#719 =( LENGTH_UNIT ( ) NAMED_UNIT ( * ) SI_UNIT ( .MILLI., .METRE. ) );
#720 = CARTESIAN_POINT ( 'NONE',  ( -55.38416371451288700, 0.0008725206505955801200, -19.33948343072454500 ) ) ;
#721 = FACE_OUTER_BOUND ( 'NONE', #326, .T. ) ;
#722 =( GEOMETRIC_REPRESENTATION_CONTEXT ( 3 ) GLOBAL_UNCERTAINTY_ASSIGNED_CONTEXT ( ( #2379 ) ) GLOBAL_UNIT_ASSIGNED_CONTEXT ( ( #1718, #544, #1917 ) ) REPRESENTATION_CONTEXT ( 'NONE', 'WORKASPACE' ) );
#723 = ORIENTED_EDGE ( 'NONE', *, *, #337, .F. ) ;
#724 = EDGE_LOOP ( 'NONE', ( #1033, #2449, #73, #1030 ) ) ;
#725 = ORIENTED_EDGE ( 'NONE', *, *, #754, .F. ) ;
#726 = DIRECTION ( 'NONE',  ( 0.0000000000000000000, -0.008726535498373953800, -0.9999619230641713100 ) ) ;
#727 = ORIENTED_EDGE ( 'NONE', *, *, #2091, .T. ) ;
#728 = DIRECTION ( 'NONE',  ( 0.0000000000000000000, 0.0000000000000000000, -1.000000000000000000 ) ) ;
#729 = ORIENTED_EDGE ( 'NONE', *, *, #1618, .F. ) ;
#730 = DIRECTION ( 'NONE',  ( 0.0000000000000000000, 0.9999619230641713100, -0.008726535498373953800 ) ) ;
#731 = DIRECTION ( 'NONE',  ( 0.0000000000000000000, 0.0000000000000000000, 1.000000000000000000 ) ) ;
#732 = DIRECTION ( 'NONE',  ( -1.000000000000000000, 0.0000000000000000000, 0.0000000000000000000 ) ) ;
#733 = DIRECTION ( 'NONE',  ( 0.0000000000000000000, 0.008726535498373802800, 0.9999619230641712000 ) ) ;
#734 = ORIENTED_EDGE ( 'NONE', *, *, #1521, .T. ) ;
#735 = AXIS2_PLACEMENT_3D ( 'NONE', #973, #1563, #391 ) ;
#736 = EDGE_CURVE ( 'NONE', #438, #2470, #1535, .T. ) ;
#737 = CARTESIAN_POINT ( 'NONE',  ( -54.98328344659069000, -0.6000000000000000900, -19.43423208014557000 ) ) ;
#738 = DIRECTION ( 'NONE',  ( 0.0000000000000000000, -0.008726535498373645000, 0.9999619230641712000 ) ) ;
#739 = DIRECTION ( 'NONE',  ( 1.000000000000000000, 0.0000000000000000000, 0.0000000000000000000 ) ) ;
#740 = ORIENTED_EDGE ( 'NONE', *, *, #2091, .F. ) ;
#741 =( NAMED_UNIT ( * ) PLANE_ANGLE_UNIT ( ) SI_UNIT ( $, .RADIAN. ) );
#742 = FACE_OUTER_BOUND ( 'NONE', #2430, .T. ) ;
#743 = PLANE ( 'NONE',  #304 ) ;
#744 =( BOUNDED_CURVE ( )  B_SPLINE_CURVE ( 3, ( #211, #2, #598, #1586 ),
 .UNSPECIFIED., .F., .F. ) 
 B_SPLINE_CURVE_WITH_KNOTS ( ( 4, 4 ),
 ( 1.579522973054872500, 3.141592653589781600 ),
 .UNSPECIFIED. ) 
 CURVE ( )  GEOMETRIC_REPRESENTATION_ITEM ( )  RATIONAL_B_SPLINE_CURVE ( ( 1.000000000000000000, 0.8067902504155273200, 0.8067902504155273200, 1.000000000000000000 ) ) 
 REPRESENTATION_ITEM ( '' )  );
#745 = EDGE_CURVE ( 'NONE', #718, #1488, #32, .T. ) ;
#746 = CARTESIAN_POINT ( 'NONE',  ( -33.98473787563484200, -0.6002908891316859300, -19.43423208014557000 ) ) ;
#747 = SPHERICAL_SURFACE ( 'NONE', #1844, 0.1000000000000000100 ) ;
#748 = LINE ( 'NONE', #380, #1323 ) ;
#749 = VECTOR ( 'NONE', #1465, 1000.000000000000000 ) ;
#750 = ORIENTED_EDGE ( 'NONE', *, *, #827, .T. ) ;
#751 = DIRECTION ( 'NONE',  ( -1.000000000000000000, 0.0000000000000000000, 0.0000000000000000000 ) ) ;
#752 = VECTOR ( 'NONE', #321, 1000.000000000000000 ) ;
#753 = CIRCLE ( 'NONE', #566, 0.09999999999999939500 ) ;
#754 = EDGE_CURVE ( 'NONE', #767, #2236, #2525, .T. ) ;
#755 = CARTESIAN_POINT ( 'NONE',  ( -43.47415610014051900, 3.200000000000000200, 0.0000000000000000000 ) ) ;
#756 = DIRECTION ( 'NONE',  ( 1.000000000000000000, 0.0000000000000000000, -0.0000000000000000000 ) ) ;
#757 = LINE ( 'NONE', #526, #877 ) ;
#758 = VERTEX_POINT ( 'NONE', #795 ) ;
#759 = DIRECTION ( 'NONE',  ( -0.9999619230641712000, 0.008726535498373764700, 0.0000000000000000000 ) ) ;
#760 = AXIS2_PLACEMENT_3D ( 'NONE', #2462, #1293, #107 ) ;
#761 = AXIS2_PLACEMENT_3D ( 'NONE', #25, #817, #227 ) ;
#762 = VERTEX_POINT ( 'NONE', #2355 ) ;
#763 = ORIENTED_EDGE ( 'NONE', *, *, #1715, .T. ) ;
#764 = ORIENTED_EDGE ( 'NONE', *, *, #447, .F. ) ;
#765 = CARTESIAN_POINT ( 'NONE',  ( -55.28327960552288500, -0.1008726535498373900, -10.14035231096983100 ) ) ;
#766 = ORIENTED_EDGE ( 'NONE', *, *, #1899, .F. ) ;
#767 = VERTEX_POINT ( 'NONE', #1952 ) ;
#768 = CARTESIAN_POINT ( 'NONE',  ( -35.35415610014016600, 3.200000000000000200, 9.812749529641875400E-013 ) ) ;
#769 = DIRECTION ( 'NONE',  ( 1.000000000000000000, 0.0000000000000000000, 0.0000000000000000000 ) ) ;
#770 = CARTESIAN_POINT ( 'NONE',  ( -33.68503259475818400, -0.1000000000000000100, -10.24034850327624800 ) ) ;
#771 = DIRECTION ( 'NONE',  ( -1.000000000000000000, 0.0000000000000000000, 0.0000000000000000000 ) ) ;
#772 = EDGE_CURVE ( 'NONE', #1739, #2474, #1467, .T. ) ;
#773 = ORIENTED_EDGE ( 'NONE', *, *, #1864, .F. ) ;
#774 = PLANE ( 'NONE',  #435 ) ;
#775 = CARTESIAN_POINT ( 'NONE',  ( -37.89415610014051300, 3.200000000000000200, -12.59383544255398100 ) ) ;
#776 = PLANE ( 'NONE',  #2516 ) ;
#777 = DIRECTION ( 'NONE',  ( 0.0000000000000000000, -0.0000000000000000000, 1.000000000000000000 ) ) ;
#778 = AXIS2_PLACEMENT_3D ( 'NONE', #1005, #2376, #1203 ) ;
#779 = CARTESIAN_POINT ( 'NONE',  ( -53.63415610014052200, 3.200000000000000200, 0.0000000000000000000 ) ) ;
#780 = CARTESIAN_POINT ( 'NONE',  ( -50.59415610014052300, 3.200000000000000200, -12.84383544255398100 ) ) ;
#781 = SPHERICAL_SURFACE ( 'NONE', #620, 0.1000000000000000100 ) ;
#782 = CARTESIAN_POINT ( 'NONE',  ( 0.0000000000000000000, 3.200000000000000200, -12.84383544255398100 ) ) ;
#783 = CARTESIAN_POINT ( 'NONE',  ( -55.28815293891003100, -11.00087265354983900, -10.33547136219552000 ) ) ;
#784 = CYLINDRICAL_SURFACE ( 'NONE', #1640, 0.1000000000000017000 ) ;
#785 = CARTESIAN_POINT ( 'NONE',  ( -34.04320066122724600, -0.5418258773707812500, -10.14471193717162800 ) ) ;
#786 = VECTOR ( 'NONE', #1557, 1000.000000000000000 ) ;
#787 = CARTESIAN_POINT ( 'NONE',  ( -53.44427346570418500, -1.729063113949120400, -19.32437889562271500 ) ) ;
#788 = EDGE_CURVE ( 'NONE', #1750, #690, #1018, .T. ) ;
#789 = ORIENTED_EDGE ( 'NONE', *, *, #144, .F. ) ;
#790 = LINE ( 'NONE', #36, #1697 ) ;
#791 = VERTEX_POINT ( 'NONE', #201 ) ;
#792 = DIRECTION ( 'NONE',  ( 1.000000000000000000, 0.0000000000000000000, -0.0000000000000000000 ) ) ;
#793 = DIRECTION ( 'NONE',  ( 0.0000000000000000000, -0.0000000000000000000, 1.000000000000000000 ) ) ;
#794 = EDGE_LOOP ( 'NONE', ( #1285, #466, #1125, #197, #1995, #2409 ) ) ;
#795 = CARTESIAN_POINT ( 'NONE',  ( -55.28327960552287100, 0.0000000000000000000, -19.33859551404095400 ) ) ;
#796 = ORIENTED_EDGE ( 'NONE', *, *, #805, .T. ) ;
#797 = SURFACE_SIDE_STYLE ('',( #1574 ) ) ;
#798 = ORIENTED_EDGE ( 'NONE', *, *, #1839, .T. ) ;
#799 = VERTEX_POINT ( 'NONE', #1958 ) ;
#800 = DIRECTION ( 'NONE',  ( 0.0000000000000000000, 0.0000000000000000000, -1.000000000000000000 ) ) ;
#801 = DIRECTION ( 'NONE',  ( 0.0000000000000000000, -0.0000000000000000000, 1.000000000000000000 ) ) ;
#802 = CARTESIAN_POINT ( 'NONE',  ( -53.63415610014052200, 3.200000000000000200, 0.0000000000000000000 ) ) ;
#803 = DIRECTION ( 'NONE',  ( -1.000000000000000000, 0.0000000000000000000, -0.0000000000000000000 ) ) ;
#804 = DIRECTION ( 'NONE',  ( -0.0000000000000000000, -0.0000000000000000000, -1.000000000000000000 ) ) ;
#805 = EDGE_CURVE ( 'NONE', #319, #1528, #898, .T. ) ;
#806 = CARTESIAN_POINT ( 'NONE',  ( -54.98415610014052400, -0.6008726535498374300, -10.14471574486521100 ) ) ;
#807 = DIRECTION ( 'NONE',  ( -0.0000000000000000000, -1.000000000000000000, -0.0000000000000000000 ) ) ;
#808 = DIRECTION ( 'NONE',  ( -2.775557561562888800E-014, 0.0000000000000000000, -1.000000000000000000 ) ) ;
#809 = AXIS2_PLACEMENT_3D ( 'NONE', #2306, #1134, #2511 ) ;
#810 = FACE_OUTER_BOUND ( 'NONE', #442, .T. ) ;
#811 = DIRECTION ( 'NONE',  ( -0.008726203243944243400, -0.9999238504775704900, -0.008726203243944238200 ) ) ;
#812 = VECTOR ( 'NONE', #811, 1000.000000000000100 ) ;
#813 = VECTOR ( 'NONE', #1665, 1000.000000000000000 ) ;
#814 = ORIENTED_EDGE ( 'NONE', *, *, #313, .F. ) ;
#815 = VECTOR ( 'NONE', #2252, 1000.000000000000000 ) ;
#816 = PRESENTATION_STYLE_ASSIGNMENT (( #114 ) ) ;
#817 = DIRECTION ( 'NONE',  ( 0.0000000000000000000, 1.000000000000000000, 0.0000000000000000000 ) ) ;
#818 = ORIENTED_EDGE ( 'NONE', *, *, #161, .F. ) ;
#819 = EDGE_CURVE ( 'NONE', #2433, #824, #2455, .T. ) ;
#820 = CARTESIAN_POINT ( 'NONE',  ( -51.09415610014052300, 3.200000000000000200, 0.0000000000000000000 ) ) ;
#821 = FACE_OUTER_BOUND ( 'NONE', #1585, .T. ) ;
#822 = PLANE ( 'NONE',  #1173 ) ;
#823 = CARTESIAN_POINT ( 'NONE',  ( -42.97415610014051200, 3.200000000000000200, -12.59383544255398100 ) ) ;
#824 = VERTEX_POINT ( 'NONE', #402 ) ;
#825 = AXIS2_PLACEMENT_3D ( 'NONE', #1082, #2453, #1289 ) ;
#826 = DIRECTION ( 'NONE',  ( -0.0000000000000000000, -1.000000000000000000, -0.0000000000000000000 ) ) ;
#827 = EDGE_CURVE ( 'NONE', #446, #17, #1357, .T. ) ;
#828 = ORIENTED_EDGE ( 'NONE', *, *, #215, .T. ) ;
#829 = ORIENTED_EDGE ( 'NONE', *, *, #670, .F. ) ;
#830 = ORIENTED_EDGE ( 'NONE', *, *, #150, .F. ) ;
#831 =( BOUNDED_CURVE ( )  B_SPLINE_CURVE ( 3, ( #1162, #1146, #1544, #371 ),
 .UNSPECIFIED., .F., .F. ) 
 B_SPLINE_CURVE_WITH_KNOTS ( ( 4, 4 ),
 ( 1.570796326794896800, 1.579522973054872500 ),
 .UNSPECIFIED. ) 
 CURVE ( )  GEOMETRIC_REPRESENTATION_ITEM ( )  RATIONAL_B_SPLINE_CURVE ( ( 1.000000000000000000, 0.9999936538138229900, 0.9999936538138229900, 1.000000000000000000 ) ) 
 REPRESENTATION_ITEM ( '' )  );
#832 = DIRECTION ( 'NONE',  ( 0.0000000000000000000, 0.0000000000000000000, 1.000000000000000000 ) ) ;
#833 = ORIENTED_EDGE ( 'NONE', *, *, #1065, .F. ) ;
#834 = EDGE_CURVE ( 'NONE', #513, #1825, #1865, .T. ) ;
#835 = CARTESIAN_POINT ( 'NONE',  ( -51.09415610014052300, 3.200000000000000200, 0.0000000000000000000 ) ) ;
#836 = VERTEX_POINT ( 'NONE', #604 ) ;
#837 =( GEOMETRIC_REPRESENTATION_CONTEXT ( 3 ) GLOBAL_UNCERTAINTY_ASSIGNED_CONTEXT ( ( #1540 ) ) GLOBAL_UNIT_ASSIGNED_CONTEXT ( ( #2278, #1106, #2479 ) ) REPRESENTATION_CONTEXT ( 'NONE', 'WORKASPACE' ) );
#838 = DIRECTION ( 'NONE',  ( 1.000000000000000000, 0.0000000000000000000, 0.0000000000000000000 ) ) ;
#839 = DIRECTION ( 'NONE',  ( 0.0000000000000000000, 0.008726535498373629400, 0.9999619230641712000 ) ) ;
#840 = EDGE_CURVE ( 'NONE', #2245, #237, #1809, .T. ) ;
#841 = CARTESIAN_POINT ( 'NONE',  ( -33.98502875369035800, -0.6000000000000000900, -10.14471193717162800 ) ) ;
#842 = VECTOR ( 'NONE', #808, 1000.000000000000000 ) ;
#843 = LINE ( 'NONE', #1924, #1866 ) ;
#844 = PRESENTATION_STYLE_ASSIGNMENT (( #2532 ) ) ;
#845 = LINE ( 'NONE', #174, #1815 ) ;
#846 = CARTESIAN_POINT ( 'NONE',  ( -34.08415610014052500, -0.4991273464501625500, -19.33511238245679900 ) ) ;
#847 = DIRECTION ( 'NONE',  ( -1.000000000000000000, 0.0000000000000000000, 0.0000000000000000000 ) ) ;
#848 = EDGE_LOOP ( 'NONE', ( #1424, #1240, #631, #1772 ) ) ;
#849 = FACE_OUTER_BOUND ( 'NONE', #1121, .T. ) ;
#850 = EDGE_LOOP ( 'NONE', ( #24, #2197, #2547, #1479 ) ) ;
#851 = ORIENTED_EDGE ( 'NONE', *, *, #3, .F. ) ;
#852 = ORIENTED_EDGE ( 'NONE', *, *, #582, .T. ) ;
#853 = EDGE_CURVE ( 'NONE', #1849, #2548, #306, .T. ) ;
#854 = VERTEX_POINT ( 'NONE', #2171 ) ;
#855 = ORIENTED_EDGE ( 'NONE', *, *, #1087, .T. ) ;
#856 = CARTESIAN_POINT ( 'NONE',  ( -42.97415610014016400, 3.200000000000000200, 1.192772439155279900E-012 ) ) ;
#857 = EDGE_LOOP ( 'NONE', ( #1394, #1806, #2161, #904 ) ) ;
#858 = DIRECTION ( 'NONE',  ( 0.0000000000000000000, 0.0000000000000000000, -1.000000000000000000 ) ) ;
#859 = AXIS2_PLACEMENT_3D ( 'NONE', #1379, #203, #1575 ) ;
#860 = ADVANCED_FACE ( 'NONE', ( #1414 ), #781, .T. ) ;
#861 =( NAMED_UNIT ( * ) SI_UNIT ( $, .STERADIAN. ) SOLID_ANGLE_UNIT ( ) );
#862 = CARTESIAN_POINT ( 'NONE',  ( -33.68102433261796600, -11.10000000000000000, -19.24347265512168200 ) ) ;
#863 = ADVANCED_FACE ( 'NONE', ( #1757 ), #2275, .T. ) ;
#864 = LINE ( 'NONE', #780, #2299 ) ;
#865 = CARTESIAN_POINT ( 'NONE',  ( -54.98415610014052400, -0.4990892702392604200, -19.33511271474285900 ) ) ;
#866 = AXIS2_PLACEMENT_3D ( 'NONE', #1950, #1760, #185 ) ;
#867 = EDGE_CURVE ( 'NONE', #450, #319, #1233, .T. ) ;
#868 = LINE ( 'NONE', #1341, #274 ) ;
#869 = LINE ( 'NONE', #755, #342 ) ;
#870 = LINE ( 'NONE', #1068, #813 ) ;
#871 = ADVANCED_FACE ( 'NONE', ( #2213 ), #186, .T. ) ;
#872 = VECTOR ( 'NONE', #2419, 1000.000000000000000 ) ;
#873 = VECTOR ( 'NONE', #307, 1000.000000000000000 ) ;
#874 = ORIENTED_EDGE ( 'NONE', *, *, #609, .T. ) ;
#875 = CARTESIAN_POINT ( 'NONE',  ( 0.0000000000000000000, 3.200000000000000200, 0.0000000000000000000 ) ) ;
#876 = DIRECTION ( 'NONE',  ( 3.469579062892885500E-014, 0.0000000000000000000, -1.000000000000000000 ) ) ;
#877 = VECTOR ( 'NONE', #1898, 1000.000000000000000 ) ;
#878 = EDGE_CURVE ( 'NONE', #2433, #1880, #2333, .T. ) ;
#879 = ADVANCED_FACE ( 'NONE', ( #247 ), #236, .F. ) ;
#880 = EDGE_LOOP ( 'NONE', ( #70, #2222, #966, #852 ) ) ;
#881 = DIRECTION ( 'NONE',  ( 1.000000000000000000, 0.0000000000000000000, 0.0000000000000000000 ) ) ;
#882 = EDGE_CURVE ( 'NONE', #836, #1250, #2150, .T. ) ;
#883 = ORIENTED_EDGE ( 'NONE', *, *, #161, .T. ) ;
#884 = DIRECTION ( 'NONE',  ( -2.775557561562888800E-014, 0.0000000000000000000, -1.000000000000000000 ) ) ;
#885 = ADVANCED_FACE ( 'NONE', ( #643 ), #1022, .T. ) ;
#886 = ORIENTED_EDGE ( 'NONE', *, *, #1108, .T. ) ;
#887 = STYLED_ITEM ( 'NONE', ( #816 ), #2218 ) ;
#888 = AXIS2_PLACEMENT_3D ( 'NONE', #1792, #1402, #2190 ) ;
#889 = DIRECTION ( 'NONE',  ( -2.775557561562888800E-014, 0.0000000000000000000, -1.000000000000000000 ) ) ;
#890 = ORIENTED_EDGE ( 'NONE', *, *, #827, .F. ) ;
#891 = ADVANCED_FACE ( 'NONE', ( #117 ), #1619, .F. ) ;
#892 = DIRECTION ( 'NONE',  ( 1.000000000000000000, 0.0000000000000000000, -0.0000000000000000000 ) ) ;
#893 = ORIENTED_EDGE ( 'NONE', *, *, #478, .T. ) ;
#894 = DIRECTION ( 'NONE',  ( -0.0000000000000000000, 0.9999619230641713100, 0.008726535498373953800 ) ) ;
#895 = ADVANCED_FACE ( 'NONE', ( #586 ), #1997, .T. ) ;
#896 = EDGE_CURVE ( 'NONE', #824, #636, #2082, .T. ) ;
#897 = DIRECTION ( 'NONE',  ( 0.0000000000000000000, 0.0000000000000000000, -1.000000000000000000 ) ) ;
#898 = LINE ( 'NONE', #1195, #374 ) ;
#899 = DIRECTION ( 'NONE',  ( 0.0000000000000000000, 0.0000000000000000000, -1.000000000000000000 ) ) ;
#900 = CARTESIAN_POINT ( 'NONE',  ( 0.0000000000000000000, -0.5000000000000000000, -12.59383544255398100 ) ) ;
#901 = LINE ( 'NONE', #2318, #1470 ) ;
#902 = LINE ( 'NONE', #1929, #1867 ) ;
#903 = CARTESIAN_POINT ( 'NONE',  ( -34.08415610014052500, -0.5000000000000000000, -10.24471193717162800 ) ) ;
#904 = ORIENTED_EDGE ( 'NONE', *, *, #285, .T. ) ;
#905 = VECTOR ( 'NONE', #1789, 1000.000000000000000 ) ;
#906 = ORIENTED_EDGE ( 'NONE', *, *, #2358, .T. ) ;
#907 = CARTESIAN_POINT ( 'NONE',  ( -55.38415610014052200, -0.1008726535498374000, -19.43859170634736700 ) ) ;
#908 = EDGE_LOOP ( 'NONE', ( #855, #2096, #2069 ) ) ;
#909 = ORIENTED_EDGE ( 'NONE', *, *, #1618, .T. ) ;
#910 = CARTESIAN_POINT ( 'NONE',  ( 0.0000000000000000000, -0.1000000000000000100, -19.33859551404095400 ) ) ;
#911 = VERTEX_POINT ( 'NONE', #841 ) ;
#912 = CARTESIAN_POINT ( 'NONE',  ( -54.98415610014052400, -0.6008726535498374300, -19.43422827245198900 ) ) ;
#913 = EDGE_LOOP ( 'NONE', ( #1881, #1454, #2326 ) ) ;
#914 = CARTESIAN_POINT ( 'NONE',  ( -55.38415610014053700, -0.6000000000000000900, -10.24471193717162800 ) ) ;
#915 = ORIENTED_EDGE ( 'NONE', *, *, #840, .T. ) ;
#916 = EDGE_CURVE ( 'NONE', #2226, #238, #1043, .T. ) ;
#917 = ORIENTED_EDGE ( 'NONE', *, *, #2487, .T. ) ;
#918 = DIRECTION ( 'NONE',  ( 0.0000000000000000000, 0.0000000000000000000, 1.000000000000000000 ) ) ;
#919 =( NAMED_UNIT ( * ) SI_UNIT ( $, .STERADIAN. ) SOLID_ANGLE_UNIT ( ) );
#920 = CARTESIAN_POINT ( 'NONE',  ( 0.0000000000000000000, -0.5000000000000000000, -10.24471193717162800 ) ) ;
#921 = DIRECTION ( 'NONE',  ( -1.000000000000000000, 0.0000000000000000000, 0.0000000000000000000 ) ) ;
#922 = DIRECTION ( 'NONE',  ( 0.0000000000000000000, 1.000000000000000000, 0.0000000000000000000 ) ) ;
#923 = CARTESIAN_POINT ( 'NONE',  ( -55.38327579782930600, -0.1008726535498374300, -10.24034850327625000 ) ) ;
#924 = CARTESIAN_POINT ( 'NONE',  ( -48.05415610014051700, 3.200000000000000200, -12.59383544255398100 ) ) ;
#925 = LINE ( 'NONE', #671, #401 ) ;
#926 = EDGE_CURVE ( 'NONE', #2385, #1523, #1110, .T. ) ;
#927 = LINE ( 'NONE', #2363, #523 ) ;
#928 = VECTOR ( 'NONE', #353, 1000.000000000000000 ) ;
#929 = ORIENTED_EDGE ( 'NONE', *, *, #754, .T. ) ;
#930 = CARTESIAN_POINT ( 'NONE',  ( -54.98415610014052400, -0.1008726535498374000, -19.43859170634736700 ) ) ;
#931 = CYLINDRICAL_SURFACE ( 'NONE', #1216, 0.1000000000000028600 ) ;
#932 = CIRCLE ( 'NONE', #1405, 0.1000000000000028600 ) ;
#933 = VECTOR ( 'NONE', #2040, 1000.000000000000000 ) ;
#934 = ORIENTED_EDGE ( 'NONE', *, *, #2172, .T. ) ;
#935 = DIRECTION ( 'NONE',  ( 0.0000000000000000000, 0.9999619230641713100, 0.008726535498373953800 ) ) ;
#936 = VECTOR ( 'NONE', #1906, 1000.000000000000000 ) ;
#937 = AXIS2_PLACEMENT_3D ( 'NONE', #1737, #558, #1927 ) ;
#938 = EDGE_LOOP ( 'NONE', ( #357, #1232, #997, #789 ) ) ;
#939 = VECTOR ( 'NONE', #703, 1000.000000000000000 ) ;
#940 = DIRECTION ( 'NONE',  ( -1.000000000000000000, 0.0000000000000000000, 0.0000000000000000000 ) ) ;
#941 = ORIENTED_EDGE ( 'NONE', *, *, #711, .F. ) ;
#942 = PLANE ( 'NONE',  #42 ) ;
#943 = DIRECTION ( 'NONE',  ( 0.0000000000000000000, -0.008726535498373953800, -0.9999619230641713100 ) ) ;
#944 = ORIENTED_EDGE ( 'NONE', *, *, #2335, .F. ) ;
#945 = EDGE_CURVE ( 'NONE', #600, #1696, #1, .T. ) ;
#946 = CARTESIAN_POINT ( 'NONE',  ( -54.88415610014052200, -0.5000000000000000000, -10.24383925039255200 ) ) ;
#947 = DIRECTION ( 'NONE',  ( -0.008726203243944229500, -0.9999238504775704900, 0.008726203243944238200 ) ) ;
#948 = CARTESIAN_POINT ( 'NONE',  ( -33.98444698927220000, -0.6005817754943175700, -10.14471320641087700 ) ) ;
#949 = ORIENTED_EDGE ( 'NONE', *, *, #1108, .F. ) ;
#950 = AXIS2_PLACEMENT_3D ( 'NONE', #1236, #449, #1823 ) ;
#951 = EDGE_CURVE ( 'NONE', #1919, #1627, #1571, .T. ) ;
#952 = VECTOR ( 'NONE', #807, 1000.000000000000000 ) ;
#953 = CARTESIAN_POINT ( 'NONE',  ( -53.44427346570418500, -1.729848502143974200, -19.41437546869849100 ) ) ;
#954 = CARTESIAN_POINT ( 'NONE',  ( -34.08415610014052500, -0.5000000000000000000, -19.33510476692464800 ) ) ;
#955 = DIRECTION ( 'NONE',  ( -1.734723475976757600E-014, 0.0000000000000000000, -1.000000000000000000 ) ) ;
#956 = EDGE_CURVE ( 'NONE', #1621, #1581, #1502, .T. ) ;
#957 = PLANE ( 'NONE',  #1945 ) ;
#958 = VECTOR ( 'NONE', #2152, 1000.000000000000000 ) ;
#959 = FILL_AREA_STYLE ('',( #367 ) ) ;
#960 = VECTOR ( 'NONE', #1916, 1000.000000000000000 ) ;
#961 = SURFACE_STYLE_FILL_AREA ( #1691 ) ;
#962 = CYLINDRICAL_SURFACE ( 'NONE', #2329, 0.1000000000000017000 ) ;
#963 = CARTESIAN_POINT ( 'NONE',  ( -54.98415610014052400, -0.1000000000000000100, -10.14034850327625000 ) ) ;
#964 = DIRECTION ( 'NONE',  ( -0.0000000000000000000, 0.008726535498373953800, 0.9999619230641713100 ) ) ;
#965 = EDGE_CURVE ( 'NONE', #1309, #1825, #57, .T. ) ;
#966 = ORIENTED_EDGE ( 'NONE', *, *, #1713, .F. ) ;
#967 = FACE_OUTER_BOUND ( 'NONE', #348, .T. ) ;
#968 = VERTEX_POINT ( 'NONE', #1286 ) ;
#969 = CARTESIAN_POINT ( 'NONE',  ( -33.98415610014052400, 0.0000000000000000000, -10.24034850327625000 ) ) ;
#970 = ORIENTED_EDGE ( 'NONE', *, *, #2230, .T. ) ;
#971 = ORIENTED_EDGE ( 'NONE', *, *, #2300, .F. ) ;
#972 = ORIENTED_EDGE ( 'NONE', *, *, #1168, .F. ) ;
#973 = CARTESIAN_POINT ( 'NONE',  ( 0.0000000000000000000, 3.200000000000000200, -12.59383544255398100 ) ) ;
#974 = ORIENTED_EDGE ( 'NONE', *, *, #1922, .F. ) ;
#975 = CARTESIAN_POINT ( 'NONE',  ( -33.98415610014052400, -0.6008726535498374300, -19.43422827245198900 ) ) ;
#976 = VERTEX_POINT ( 'NONE', #1076 ) ;
#977 = EDGE_LOOP ( 'NONE', ( #970, #2062, #1102, #1278 ) ) ;
#978 = DIRECTION ( 'NONE',  ( -0.0000000000000000000, -1.000000000000000000, -0.0000000000000000000 ) ) ;
#979 = CARTESIAN_POINT ( 'NONE',  ( -33.78015545367745900, -11.10000000000000000, -10.33547136219552000 ) ) ;
#980 = EDGE_CURVE ( 'NONE', #911, #1037, #925, .T. ) ;
#981 = ORIENTED_EDGE ( 'NONE', *, *, #2234, .T. ) ;
#982 = DIRECTION ( 'NONE',  ( 1.000000000000000000, 0.0000000000000000000, 0.0000000000000000000 ) ) ;
#983 = AXIS2_PLACEMENT_3D ( 'NONE', #1477, #305, #1685 ) ;
#984 =( LENGTH_UNIT ( ) NAMED_UNIT ( * ) SI_UNIT ( .MILLI., .METRE. ) );
#985 = CARTESIAN_POINT ( 'NONE',  ( -33.78015545367745900, -11.00000000000000200, -10.33547136219552000 ) ) ;
#986 = CARTESIAN_POINT ( 'NONE',  ( 0.0000000000000000000, 3.200000000000000200, -12.59383544255398100 ) ) ;
#987 = FACE_OUTER_BOUND ( 'NONE', #534, .T. ) ;
#988 = DIRECTION ( 'NONE',  ( -0.0000000000000000000, -0.0000000000000000000, -1.000000000000000000 ) ) ;
#989 = DIRECTION ( 'NONE',  ( 1.000000000000000000, -0.0000000000000000000, 0.0000000000000000000 ) ) ;
#990 = LINE ( 'NONE', #1180, #457 ) ;
#991 = LINE ( 'NONE', #1829, #1047 ) ;
#992 = VECTOR ( 'NONE', #1259, 1000.000000000000000 ) ;
#993 = VECTOR ( 'NONE', #698, 1000.000000000000000 ) ;
#994 = ORIENTED_EDGE ( 'NONE', *, *, #1569, .T. ) ;
#995 = VECTOR ( 'NONE', #525, 1000.000000000000000 ) ;
#996 = DIRECTION ( 'NONE',  ( 3.469579062892885500E-014, 0.0000000000000000000, -1.000000000000000000 ) ) ;
#997 = ORIENTED_EDGE ( 'NONE', *, *, #294, .F. ) ;
#998 = CARTESIAN_POINT ( 'NONE',  ( -55.28327960552288500, -0.1000000000000000600, -10.24034850327625000 ) ) ;
#999 = ORIENTED_EDGE ( 'NONE', *, *, #77, .T. ) ;
#1000 = CIRCLE ( 'NONE', #1344, 0.1000000000000028600 ) ;
#1001 = AXIS2_PLACEMENT_3D ( 'NONE', #592, #1956, #800 ) ;
#1002 = DIRECTION ( 'NONE',  ( -0.0000000000000000000, -1.000000000000000000, -0.0000000000000000000 ) ) ;
#1003 = EDGE_CURVE ( 'NONE', #387, #2474, #2488, .T. ) ;
#1004 = ORIENTED_EDGE ( 'NONE', *, *, #474, .F. ) ;
#1005 = CARTESIAN_POINT ( 'NONE',  ( -33.68503259475819100, -0.1000000000000000600, -19.33859551404095000 ) ) ;
#1006 = ORIENTED_EDGE ( 'NONE', *, *, #1137, .T. ) ;
#1007 = CARTESIAN_POINT ( 'NONE',  ( -35.35415610014052100, -0.5000000000000000000, -12.84383544255398100 ) ) ;
#1008 = EDGE_CURVE ( 'NONE', #2263, #1337, #2422, .T. ) ;
#1009 = CARTESIAN_POINT ( 'NONE',  ( -33.98415610014052400, -0.1000000000000000100, -19.33859551404095000 ) ) ;
#1010 = DIRECTION ( 'NONE',  ( 1.000000000000000000, 0.0000000000000000000, -0.0000000000000000000 ) ) ;
#1011 = UNCERTAINTY_MEASURE_WITH_UNIT (LENGTH_MEASURE( 1.000000000000000100E-005 ), #1353, 'distance_accuracy_value', 'NONE');
#1012 = ORIENTED_EDGE ( 'NONE', *, *, #2410, .T. ) ;
#1013 = MECHANICAL_DESIGN_GEOMETRIC_PRESENTATION_REPRESENTATION (  '', ( #1486 ), #1141 ) ;
#1014 = EDGE_CURVE ( 'NONE', #799, #1546, #1437, .T. ) ;
#1015 = DIRECTION ( 'NONE',  ( 1.000000000000000000, -0.0000000000000000000, 6.939158125785771000E-014 ) ) ;
#1016 = CARTESIAN_POINT ( 'NONE',  ( -53.63415610014052200, 3.200000000000000200, -12.84383544255398100 ) ) ;
#1017 = PRESENTATION_LAYER_ASSIGNMENT (  '', '', ( #887 ) ) ;
#1018 = CIRCLE ( 'NONE', #2382, 0.09999999999999939500 ) ;
#1019 = LINE ( 'NONE', #260, #8 ) ;
#1020 = DIRECTION ( 'NONE',  ( 2.775557561562888800E-014, 0.0000000000000000000, 1.000000000000000000 ) ) ;
#1021 = FACE_OUTER_BOUND ( 'NONE', #857, .T. ) ;
#1022 = PLANE ( 'NONE',  #1410 ) ;
#1023 = EDGE_CURVE ( 'NONE', #1135, #476, #1383, .T. ) ;
#1024 = VERTEX_POINT ( 'NONE', #1464 ) ;
#1025 = VECTOR ( 'NONE', #1955, 1000.000000000000000 ) ;
#1026 = VERTEX_POINT ( 'NONE', #2524 ) ;
#1027 = CARTESIAN_POINT ( 'NONE',  ( -33.68503259475819100, -0.1008726535498374000, -19.43859170634736700 ) ) ;
#1028 = DIRECTION ( 'NONE',  ( 0.0000000000000000000, -0.0000000000000000000, 1.000000000000000000 ) ) ;
#1029 = VERTEX_POINT ( 'NONE', #1748 ) ;
#1030 = ORIENTED_EDGE ( 'NONE', *, *, #2258, .T. ) ;
#1031 = AXIS2_PLACEMENT_3D ( 'NONE', #624, #1986, #832 ) ;
#1032 = ORIENTED_EDGE ( 'NONE', *, *, #1587, .T. ) ;
#1033 = ORIENTED_EDGE ( 'NONE', *, *, #1374, .T. ) ;
#1034 = VERTEX_POINT ( 'NONE', #1348 ) ;
#1035 = DIRECTION ( 'NONE',  ( 0.0000000000000000000, -0.0000000000000000000, -1.000000000000000000 ) ) ;
#1036 = DIRECTION ( 'NONE',  ( 0.0000000000000000000, 1.000000000000000000, 0.0000000000000000000 ) ) ;
#1037 = VERTEX_POINT ( 'NONE', #1932 ) ;
#1038 = EDGE_CURVE ( 'NONE', #1998, #178, #339, .T. ) ;
#1039 = ORIENTED_EDGE ( 'NONE', *, *, #1864, .T. ) ;
#1040 = FILL_AREA_STYLE_COLOUR ( '', #1117 ) ;
#1041 = DIRECTION ( 'NONE',  ( -0.0000000000000000000, -1.000000000000000000, -0.0000000000000000000 ) ) ;
#1042 = ADVANCED_FACE ( 'NONE', ( #2366 ), #774, .F. ) ;
#1043 = LINE ( 'NONE', #278, #520 ) ;
#1044 = VECTOR ( 'NONE', #1363, 1000.000000000000000 ) ;
#1045 = COLOUR_RGB ( '',0.2509803921568627400, 0.2509803921568627400, 0.2509803921568627400 ) ;
#1046 = CARTESIAN_POINT ( 'NONE',  ( -33.58415610014054000, 0.0000000000000000000, -19.43947200865860100 ) ) ;
#1047 = VECTOR ( 'NONE', #454, 1000.000000000000000 ) ;
#1048 = CIRCLE ( 'NONE', #83, 0.09999999999999939500 ) ;
#1049 = DIRECTION ( 'NONE',  ( 1.000000000000000000, -0.0000000000000000000, -0.0000000000000000000 ) ) ;
#1050 = ADVANCED_FACE ( 'NONE', ( #987 ), #271, .T. ) ;
#1051 = ORIENTED_EDGE ( 'NONE', *, *, #1014, .T. ) ;
#1052 = LINE ( 'NONE', #720, #531 ) ;
#1053 = VERTEX_POINT ( 'NONE', #2142 ) ;
#1054 = ORIENTED_EDGE ( 'NONE', *, *, #1590, .T. ) ;
#1055 = VERTEX_POINT ( 'NONE', #2338 ) ;
#1056 = EDGE_CURVE ( 'NONE', #17, #2074, #864, .T. ) ;
#1057 = ADVANCED_FACE ( 'NONE', ( #810 ), #576, .F. ) ;
#1058 = ORIENTED_EDGE ( 'NONE', *, *, #465, .T. ) ;
#1059 = AXIS2_PLACEMENT_3D ( 'NONE', #147, #1527, #1331 ) ;
#1060 = ADVANCED_FACE ( 'NONE', ( #1781 ), #1262, .T. ) ;
#1061 = DIRECTION ( 'NONE',  ( 0.0000000000000000000, 1.000000000000000000, 0.0000000000000000000 ) ) ;
#1062 = FILL_AREA_STYLE ('',( #1648 ) ) ;
#1063 = ORIENTED_EDGE ( 'NONE', *, *, #2209, .T. ) ;
#1064 = ADVANCED_FACE ( 'NONE', ( #1319 ), #2351, .F. ) ;
#1065 = EDGE_CURVE ( 'NONE', #214, #968, #216, .T. ) ;
#1066 = DIRECTION ( 'NONE',  ( 1.000000000000000000, 0.0000000000000000000, 0.0000000000000000000 ) ) ;
#1067 = ORIENTED_EDGE ( 'NONE', *, *, #2434, .T. ) ;
#1068 = CARTESIAN_POINT ( 'NONE',  ( 0.0000000000000000000, 0.0000000000000000000, -19.33859551404095400 ) ) ;
#1069 = CARTESIAN_POINT ( 'NONE',  ( -33.68102433261795900, -11.00087265354983900, -10.23547516988910300 ) ) ;
#1070 = DIRECTION ( 'NONE',  ( 0.0000000000000000000, -0.0000000000000000000, 1.000000000000000000 ) ) ;
#1071 = ADVANCED_FACE ( 'NONE', ( #2240 ), #1833, .T. ) ;
#1072 = EDGE_CURVE ( 'NONE', #1796, #791, #1205, .T. ) ;
#1073 = FACE_OUTER_BOUND ( 'NONE', #2540, .T. ) ;
#1074 = LINE ( 'NONE', #1646, #87 ) ;
#1075 = CIRCLE ( 'NONE', #2018, 0.1000000000000017000 ) ;
#1076 = CARTESIAN_POINT ( 'NONE',  ( -42.97415610014051200, -0.5000000000000000000, -12.59383544255398100 ) ) ;
#1077 = FACE_OUTER_BOUND ( 'NONE', #328, .T. ) ;
#1078 = SPHERICAL_SURFACE ( 'NONE', #1801, 0.1000000000000000100 ) ;
#1079 = CARTESIAN_POINT ( 'NONE',  ( -55.18815674660360300, -11.00087265354983900, -19.34346884742809900 ) ) ;
#1080 = CARTESIAN_POINT ( 'NONE',  ( -38.39415610014052000, 3.200000000000000200, -12.59383544255398100 ) ) ;
#1081 = ADVANCED_FACE ( 'NONE', ( #742 ), #207, .F. ) ;
#1082 = CARTESIAN_POINT ( 'NONE',  ( -55.28327960552287100, -0.1000000000000000100, -19.33859551404095400 ) ) ;
#1083 = ORIENTED_EDGE ( 'NONE', *, *, #424, .F. ) ;
#1084 = DIRECTION ( 'NONE',  ( 1.000000000000000000, 0.0000000000000000000, -0.0000000000000000000 ) ) ;
#1085 = ADVANCED_BREP_SHAPE_REPRESENTATION ( 'tmr3e', ( #2218, #1869 ), #837 ) ;
#1086 = VECTOR ( 'NONE', #751, 1000.000000000000000 ) ;
#1087 = EDGE_CURVE ( 'NONE', #1488, #1920, #2177, .T. ) ;
#1088 = ORIENTED_EDGE ( 'NONE', *, *, #336, .F. ) ;
#1089 = EDGE_LOOP ( 'NONE', ( #1133, #1702, #1303, #1514 ) ) ;
#1090 = ORIENTED_EDGE ( 'NONE', *, *, #1834, .F. ) ;
#1091 = CARTESIAN_POINT ( 'NONE',  ( -48.55415610014052400, -0.5000000000000000000, 0.0000000000000000000 ) ) ;
#1092 = STYLED_ITEM ( 'NONE', ( #432 ), #1085 ) ;
#1093 = VERTEX_POINT ( 'NONE', #396 ) ;
#1094 = DIRECTION ( 'NONE',  ( 0.0000000000000000000, -0.0000000000000000000, 1.000000000000000000 ) ) ;
#1095 = VERTEX_POINT ( 'NONE', #2170 ) ;
#1096 = ORIENTED_EDGE ( 'NONE', *, *, #2510, .F. ) ;
#1097 = EDGE_CURVE ( 'NONE', #2245, #1949, #148, .T. ) ;
#1098 = DIRECTION ( 'NONE',  ( 1.000000000000000000, 0.0000000000000000000, 0.0000000000000000000 ) ) ;
#1099 = CARTESIAN_POINT ( 'NONE',  ( -34.08415610014052500, -0.5000000000000000000, -19.33423208014557600 ) ) ;
#1100 = DIRECTION ( 'NONE',  ( -1.000000000000000000, 0.0000000000000000000, 0.0000000000000000000 ) ) ;
#1101 = AXIS2_PLACEMENT_3D ( 'NONE', #2210, #1035, #2405 ) ;
#1102 = ORIENTED_EDGE ( 'NONE', *, *, #1655, .F. ) ;
#1103 = CARTESIAN_POINT ( 'NONE',  ( -40.43415610014051300, 3.200000000000000200, -12.59383544255398100 ) ) ;
#1104 = CARTESIAN_POINT ( 'NONE',  ( -55.38415610014053700, -11.00000000000000200, -10.33547136219552000 ) ) ;
#1105 = DIRECTION ( 'NONE',  ( 0.0000000000000000000, 0.008726535498373494100, 0.9999619230641712000 ) ) ;
#1106 =( NAMED_UNIT ( * ) PLANE_ANGLE_UNIT ( ) SI_UNIT ( $, .RADIAN. ) );
#1107 = CARTESIAN_POINT ( 'NONE',  ( 0.0000000000000000000, 3.200000000000000200, 0.0000000000000000000 ) ) ;
#1108 = EDGE_CURVE ( 'NONE', #836, #78, #1721, .T. ) ;
#1109 = CARTESIAN_POINT ( 'NONE',  ( -40.43415610014016400, 3.200000000000000200, 1.122273277091582400E-012 ) ) ;
#1110 = CIRCLE ( 'NONE', #1802, 0.09999999999999939500 ) ;
#1111 = CARTESIAN_POINT ( 'NONE',  ( -53.44427346570418500, -1.729848502143974200, -19.41437546869849100 ) ) ;
#1112 = LINE ( 'NONE', #581, #2017 ) ;
#1113 = COLOUR_RGB ( '',0.2509803921568627400, 0.2509803921568627400, 0.2509803921568627400 ) ;
#1114 = DIRECTION ( 'NONE',  ( 0.0000000000000000000, 0.0000000000000000000, 1.000000000000000000 ) ) ;
#1115 = FACE_OUTER_BOUND ( 'NONE', #1222, .T. ) ;
#1116 = DIRECTION ( 'NONE',  ( 0.008726203243944224300, -0.9999238504775704900, 0.008726203243944236400 ) ) ;
#1117 = COLOUR_RGB ( '',0.2509803921568627400, 0.2509803921568627400, 0.2509803921568627400 ) ;
#1118 = AXIS2_PLACEMENT_3D ( 'NONE', #1178, #1961, #803 ) ;
#1119 = AXIS2_PLACEMENT_3D ( 'NONE', #2105, #943, #2312 ) ;
#1120 = VECTOR ( 'NONE', #2391, 1000.000000000000000 ) ;
#1121 = EDGE_LOOP ( 'NONE', ( #202, #567, #2140 ) ) ;
#1122 = LINE ( 'NONE', #1312, #1579 ) ;
#1123 = ORIENTED_EDGE ( 'NONE', *, *, #80, .F. ) ;
#1124 = DIRECTION ( 'NONE',  ( 1.000000000000000000, 0.0000000000000000000, 0.0000000000000000000 ) ) ;
#1125 = ORIENTED_EDGE ( 'NONE', *, *, #2487, .F. ) ;
#1126 = DIRECTION ( 'NONE',  ( 1.000000000000000000, -0.0000000000000000000, -0.0000000000000000000 ) ) ;
#1127 = EDGE_LOOP ( 'NONE', ( #694, #608, #2352, #1891, #509 ) ) ;
#1128 = CARTESIAN_POINT ( 'NONE',  ( -33.68503259475818400, -0.1000000000000000100, -10.24034850327624800 ) ) ;
#1129 = DIRECTION ( 'NONE',  ( -0.0000000000000000000, -1.000000000000000000, -0.0000000000000000000 ) ) ;
#1130 = AXIS2_PLACEMENT_3D ( 'NONE', #2149, #792, #2549 ) ;
#1131 = EDGE_CURVE ( 'NONE', #1879, #2509, #2281, .T. ) ;
#1132 = FILL_AREA_STYLE_COLOUR ( '', #411 ) ;
#1133 = ORIENTED_EDGE ( 'NONE', *, *, #1808, .F. ) ;
#1134 = DIRECTION ( 'NONE',  ( 0.0000000000000000000, -0.008726535498373953800, 0.9999619230641713100 ) ) ;
#1135 = VERTEX_POINT ( 'NONE', #602 ) ;
#1136 = DIRECTION ( 'NONE',  ( -1.000000000000000000, 0.0000000000000000000, -0.0000000000000000000 ) ) ;
#1137 = EDGE_CURVE ( 'NONE', #1581, #2470, #716, .T. ) ;
#1138 = CARTESIAN_POINT ( 'NONE',  ( -33.98415610014052400, -0.6008726535498374300, -19.43422827245198900 ) ) ;
#1139 = PLANE ( 'NONE',  #1378 ) ;
#1140 = CARTESIAN_POINT ( 'NONE',  ( -35.35415610014051400, -0.5000000000000000000, -12.59383544255398100 ) ) ;
#1141 =( GEOMETRIC_REPRESENTATION_CONTEXT ( 3 ) GLOBAL_UNCERTAINTY_ASSIGNED_CONTEXT ( ( #2451 ) ) GLOBAL_UNIT_ASSIGNED_CONTEXT ( ( #654, #2013, #861 ) ) REPRESENTATION_CONTEXT ( 'NONE', 'WORKASPACE' ) );
#1142 = FACE_BOUND ( 'NONE', #162, .T. ) ;
#1143 = FACE_OUTER_BOUND ( 'NONE', #2092, .T. ) ;
#1144 = FACE_OUTER_BOUND ( 'NONE', #259, .T. ) ;
#1145 = DIRECTION ( 'NONE',  ( 0.0000000000000000000, 0.0000000000000000000, -1.000000000000000000 ) ) ;
#1146 = CARTESIAN_POINT ( 'NONE',  ( -54.98386521100883300, -0.6005817754943175700, -10.14471320641087700 ) ) ;
#1147 = FACE_OUTER_BOUND ( 'NONE', #48, .T. ) ;
#1148 = VECTOR ( 'NONE', #1290, 1000.000000000000100 ) ;
#1149 = LINE ( 'NONE', #1700, #1608 ) ;
#1150 = DIRECTION ( 'NONE',  ( 1.000000000000000000, 0.0000000000000000000, 0.0000000000000000000 ) ) ;
#1151 = DIRECTION ( 'NONE',  ( 0.008726203243944243400, 0.9999238504775704900, 0.008726203243944236400 ) ) ;
#1152 = MECHANICAL_DESIGN_GEOMETRIC_PRESENTATION_REPRESENTATION (  '', ( #887 ), #1283 ) ;
#1153 = AXIS2_PLACEMENT_3D ( 'NONE', #1598, #1610, #428 ) ;
#1154 = ORIENTED_EDGE ( 'NONE', *, *, #896, .T. ) ;
#1155 = LINE ( 'NONE', #139, #1669 ) ;
#1156 = EDGE_LOOP ( 'NONE', ( #291, #2233, #1947, #1054 ) ) ;
#1157 = DIRECTION ( 'NONE',  ( 0.0000000000000000000, 0.9999619230641713100, -0.008726535498371164300 ) ) ;
#1158 = CARTESIAN_POINT ( 'NONE',  ( -42.97415610014051900, 3.200000000000000200, -12.84383544255398100 ) ) ;
#1159 = DIRECTION ( 'NONE',  ( 1.000000000000000000, 0.0000000000000000000, 0.0000000000000000000 ) ) ;
#1160 = ORIENTED_EDGE ( 'NONE', *, *, #1131, .T. ) ;
#1161 = VERTEX_POINT ( 'NONE', #1007 ) ;
#1162 = CARTESIAN_POINT ( 'NONE',  ( -54.98415610014052400, -0.6008726535498374300, -10.14471574486521100 ) ) ;
#1163 = SURFACE_SIDE_STYLE ('',( #1416 ) ) ;
#1164 = ORIENTED_EDGE ( 'NONE', *, *, #2237, .F. ) ;
#1165 = SURFACE_STYLE_USAGE ( .BOTH. , #2328 ) ;
#1166 = ORIENTED_EDGE ( 'NONE', *, *, #853, .T. ) ;
#1167 = ORIENTED_EDGE ( 'NONE', *, *, #2037, .F. ) ;
#1168 = EDGE_CURVE ( 'NONE', #232, #968, #1762, .T. ) ;
#1169 = CARTESIAN_POINT ( 'NONE',  ( -33.98415610014052400, -0.09999999999999999200, -10.24034850327624800 ) ) ;
#1170 = DIRECTION ( 'NONE',  ( -0.0000000000000000000, -1.000000000000000000, -0.0000000000000000000 ) ) ;
#1171 = DIRECTION ( 'NONE',  ( 0.0000000000000000000, 1.000000000000000000, 0.0000000000000000000 ) ) ;
#1172 = ORIENTED_EDGE ( 'NONE', *, *, #2084, .T. ) ;
#1173 = AXIS2_PLACEMENT_3D ( 'NONE', #2183, #1214, #29 ) ;
#1174 = DIRECTION ( 'NONE',  ( 1.000000000000000000, 0.0000000000000000000, 0.0000000000000000000 ) ) ;
#1175 = CARTESIAN_POINT ( 'NONE',  ( -53.13415610014052200, 3.200000000000000200, -12.84383544255398100 ) ) ;
#1176 = CARTESIAN_POINT ( 'NONE',  ( -35.85415610014052100, 3.200000000000000200, -12.59383544255398100 ) ) ;
#1177 = CARTESIAN_POINT ( 'NONE',  ( -38.39415610014052000, 3.200000000000000200, -12.84383544255398100 ) ) ;
#1178 = CARTESIAN_POINT ( 'NONE',  ( 0.0000000000000000000, 3.200000000000000200, -12.59383544255398100 ) ) ;
#1179 = VECTOR ( 'NONE', #826, 1000.000000000000000 ) ;
#1180 = CARTESIAN_POINT ( 'NONE',  ( -55.38415610014053700, -0.1008726535498374000, -10.14035231096983100 ) ) ;
#1181 = EDGE_CURVE ( 'NONE', #1523, #1766, #1238, .T. ) ;
#1182 = CIRCLE ( 'NONE', #2211, 0.09999999999999939500 ) ;
#1183 = VECTOR ( 'NONE', #448, 1000.000000000000000 ) ;
#1184 = DIRECTION ( 'NONE',  ( 7.461176240760459900E-016, 0.0000000000000000000, 1.000000000000000000 ) ) ;
#1185 = LINE ( 'NONE', #1225, #63 ) ;
#1186 = VERTEX_POINT ( 'NONE', #823 ) ;
#1187 = LINE ( 'NONE', #1252, #127 ) ;
#1188 = ORIENTED_EDGE ( 'NONE', *, *, #788, .T. ) ;
#1189 =( NAMED_UNIT ( * ) SI_UNIT ( $, .STERADIAN. ) SOLID_ANGLE_UNIT ( ) );
#1190 = DIRECTION ( 'NONE',  ( 1.000000000000000000, 0.0000000000000000000, 0.0000000000000000000 ) ) ;
#1191 = ORIENTED_EDGE ( 'NONE', *, *, #2410, .F. ) ;
#1192 = ORIENTED_EDGE ( 'NONE', *, *, #1695, .F. ) ;
#1193 = ORIENTED_EDGE ( 'NONE', *, *, #945, .F. ) ;
#1194 = ORIENTED_EDGE ( 'NONE', *, *, #1938, .T. ) ;
#1195 = CARTESIAN_POINT ( 'NONE',  ( -40.93415610014052000, -0.5000000000000000000, 0.0000000000000000000 ) ) ;
#1196 = CARTESIAN_POINT ( 'NONE',  ( -54.98415610014052400, -0.1000000000000000200, -19.33859551404095000 ) ) ;
#1197 = EDGE_CURVE ( 'NONE', #2109, #2263, #2217, .T. ) ;
#1198 = DIRECTION ( 'NONE',  ( 1.000000000000000000, 0.0000000000000000000, 0.0000000000000000000 ) ) ;
#1199 = DIRECTION ( 'NONE',  ( -0.9999619230641712000, -0.008726535498373629400, 0.0000000000000000000 ) ) ;
#1200 = ORIENTED_EDGE ( 'NONE', *, *, #1374, .F. ) ;
#1201 = DIRECTION ( 'NONE',  ( 0.0000000000000000000, 1.000000000000000000, 0.0000000000000000000 ) ) ;
#1202 =( BOUNDED_CURVE ( )  B_SPLINE_CURVE ( 3, ( #135, #2292, #1902, #737 ),
 .UNSPECIFIED., .F., .F. ) 
 B_SPLINE_CURVE_WITH_KNOTS ( ( 4, 4 ),
 ( 4.305891987367110800E-014, 1.562069680534919000 ),
 .UNSPECIFIED. ) 
 CURVE ( )  GEOMETRIC_REPRESENTATION_ITEM ( )  RATIONAL_B_SPLINE_CURVE ( ( 1.000000000000000000, 0.8067902504155350900, 0.8067902504155350900, 1.000000000000000000 ) ) 
 REPRESENTATION_ITEM ( '' )  );
#1203 = DIRECTION ( 'NONE',  ( -0.9999619230641712000, 0.008726535498373629400, 0.0000000000000000000 ) ) ;
#1204 = CARTESIAN_POINT ( 'NONE',  ( -54.88415610014052200, -0.6000000000000000900, -10.24471193717162800 ) ) ;
#1205 = LINE ( 'NONE', #6, #669 ) ;
#1206 = FACE_BOUND ( 'NONE', #1089, .T. ) ;
#1207 = VECTOR ( 'NONE', #1754, 1000.000000000000000 ) ;
#1208 = LINE ( 'NONE', #2461, #675 ) ;
#1209 = EDGE_LOOP ( 'NONE', ( #1676, #2182, #422, #595 ) ) ;
#1210 = EDGE_CURVE ( 'NONE', #1337, #1581, #1694, .T. ) ;
#1211 = CARTESIAN_POINT ( 'NONE',  ( -33.58485664936257100, -0.08027498970333617200, -10.24016875018706300 ) ) ;
#1212 = LINE ( 'NONE', #308, #679 ) ;
#1213 = VECTOR ( 'NONE', #1668, 1000.000000000000000 ) ;
#1214 = DIRECTION ( 'NONE',  ( -1.000000000000000000, 0.0000000000000000000, 2.775557561562888800E-014 ) ) ;
#1215 = CYLINDRICAL_SURFACE ( 'NONE', #2531, 0.1000000000000028600 ) ;
#1216 = AXIS2_PLACEMENT_3D ( 'NONE', #645, #858, #847 ) ;
#1217 = EDGE_CURVE ( 'NONE', #657, #1432, #122, .T. ) ;
#1218 = EDGE_LOOP ( 'NONE', ( #390, #1705, #2261, #1258 ) ) ;
#1219 = EDGE_LOOP ( 'NONE', ( #828, #1860, #1973, #2282 ) ) ;
#1220 = ORIENTED_EDGE ( 'NONE', *, *, #1852, .T. ) ;
#1221 = ORIENTED_EDGE ( 'NONE', *, *, #1272, .T. ) ;
#1222 = EDGE_LOOP ( 'NONE', ( #906, #2482, #2129, #574 ) ) ;
#1223 = ORIENTED_EDGE ( 'NONE', *, *, #2523, .F. ) ;
#1224 = ORIENTED_EDGE ( 'NONE', *, *, #210, .F. ) ;
#1225 = CARTESIAN_POINT ( 'NONE',  ( -55.28728786766311000, -11.10000000000000000, -10.33547136219552000 ) ) ;
#1226 = EDGE_CURVE ( 'NONE', #547, #1026, #1185, .T. ) ;
#1227 = DIRECTION ( 'NONE',  ( 0.0000000000000000000, -0.0000000000000000000, 1.000000000000000000 ) ) ;
#1228 = ORIENTED_EDGE ( 'NONE', *, *, #2362, .F. ) ;
#1229 = PRESENTATION_LAYER_ASSIGNMENT (  '', '', ( #1092 ) ) ;
#1230 = CARTESIAN_POINT ( 'NONE',  ( -34.08415610014052500, -0.5000000000000000000, -10.24383925039255200 ) ) ;
#1231 = CARTESIAN_POINT ( 'NONE',  ( -40.43415610014052000, 3.200000000000000200, -12.84383544255398100 ) ) ;
#1232 = ORIENTED_EDGE ( 'NONE', *, *, #64, .F. ) ;
#1233 = LINE ( 'NONE', #615, #709 ) ;
#1234 = CARTESIAN_POINT ( 'NONE',  ( 0.0000000000000000000, 3.200000000000000200, -12.84383544255398100 ) ) ;
#1235 = DIRECTION ( 'NONE',  ( -3.469579062892885500E-014, -0.0000000000000000000, -1.000000000000000000 ) ) ;
#1236 = CARTESIAN_POINT ( 'NONE',  ( -53.13415610014016700, 3.200000000000000200, 1.474769087410069400E-012 ) ) ;
#1237 = LINE ( 'NONE', #1234, #1183 ) ;
#1238 = CIRCLE ( 'NONE', #2175, 0.09999999999999939500 ) ;
#1239 = EDGE_CURVE ( 'NONE', #2541, #1750, #594, .T. ) ;
#1240 = ORIENTED_EDGE ( 'NONE', *, *, #1977, .T. ) ;
#1241 = FACE_OUTER_BOUND ( 'NONE', #1612, .T. ) ;
#1242 = ORIENTED_EDGE ( 'NONE', *, *, #1695, .T. ) ;
#1243 = DIRECTION ( 'NONE',  ( 0.0000000000000000000, 0.0000000000000000000, -1.000000000000000000 ) ) ;
#1244 = DIRECTION ( 'NONE',  ( 2.775557561562888800E-014, 0.0000000000000000000, 1.000000000000000000 ) ) ;
#1245 = ORIENTED_EDGE ( 'NONE', *, *, #465, .F. ) ;
#1246 = DIRECTION ( 'NONE',  ( 1.000000000000000000, 0.0000000000000000000, 0.0000000000000000000 ) ) ;
#1247 = ORIENTED_EDGE ( 'NONE', *, *, #2367, .F. ) ;
#1248 = AXIS2_PLACEMENT_3D ( 'NONE', #696, #2061, #897 ) ;
#1249 = STYLED_ITEM ( 'NONE', ( #249 ), #482 ) ;
#1250 = VERTEX_POINT ( 'NONE', #431 ) ;
#1251 = ORIENTED_EDGE ( 'NONE', *, *, #1401, .T. ) ;
#1252 = CARTESIAN_POINT ( 'NONE',  ( -48.55415610014052400, 3.200000000000000200, -12.59383544255398100 ) ) ;
#1253 = ADVANCED_FACE ( 'NONE', ( #1636 ), #1412, .F. ) ;
#1254 = DIRECTION ( 'NONE',  ( 0.008726535498373953800, 0.9999619230641713100, 0.0000000000000000000 ) ) ;
#1255 = ADVANCED_FACE ( 'NONE', ( #2089 ), #2206, .F. ) ;
#1256 = EDGE_LOOP ( 'NONE', ( #2059, #1943, #445, #1857 ) ) ;
#1257 = DIRECTION ( 'NONE',  ( 0.0000000000000000000, 0.9999619230641713100, -0.008726535498374037000 ) ) ;
#1258 = ORIENTED_EDGE ( 'NONE', *, *, #1630, .T. ) ;
#1259 = DIRECTION ( 'NONE',  ( 0.0000000000000000000, 0.0000000000000000000, -1.000000000000000000 ) ) ;
#1260 = ADVANCED_FACE ( 'NONE', ( #527 ), #1507, .T. ) ;
#1261 = EDGE_CURVE ( 'NONE', #1029, #1024, #2020, .T. ) ;
#1262 = SPHERICAL_SURFACE ( 'NONE', #866, 0.1000000000000000100 ) ;
#1263 = FACE_OUTER_BOUND ( 'NONE', #724, .T. ) ;
#1264 = VECTOR ( 'NONE', #1170, 1000.000000000000000 ) ;
#1265 = CIRCLE ( 'NONE', #983, 0.1000000000000017000 ) ;
#1266 = VERTEX_POINT ( 'NONE', #2408 ) ;
#1267 = CARTESIAN_POINT ( 'NONE',  ( 0.0000000000000000000, -0.1000000000000000100, -19.33859551404095400 ) ) ;
#1268 = ADVANCED_FACE ( 'NONE', ( #7 ), #1418, .F. ) ;
#1269 = SURFACE_STYLE_USAGE ( .BOTH. , #2438 ) ;
#1270 = VECTOR ( 'NONE', #490, 1000.000000000000000 ) ;
#1271 = FACE_OUTER_BOUND ( 'NONE', #1419, .T. ) ;
#1272 = EDGE_CURVE ( 'NONE', #2109, #1595, #461, .T. ) ;
#1273 = FACE_OUTER_BOUND ( 'NONE', #361, .T. ) ;
#1274 = CARTESIAN_POINT ( 'NONE',  ( 0.0000000000000000000, 3.200000000000000200, -12.84383544255398100 ) ) ;
#1275 = ADVANCED_FACE ( 'NONE', ( #1968 ), #931, .T. ) ;
#1276 = ORIENTED_EDGE ( 'NONE', *, *, #1261, .T. ) ;
#1277 = CARTESIAN_POINT ( 'NONE',  ( -33.78015545367746600, -11.00000000000000200, -10.33547136219552000 ) ) ;
#1278 = ORIENTED_EDGE ( 'NONE', *, *, #1852, .F. ) ;
#1279 = CARTESIAN_POINT ( 'NONE',  ( -55.28327960552287100, -0.1008726535498374000, -19.43859170634736700 ) ) ;
#1280 =( BOUNDED_CURVE ( )  B_SPLINE_CURVE ( 3, ( #355, #948, #2521, #1342 ),
 .UNSPECIFIED., .F., .F. ) 
 B_SPLINE_CURVE_WITH_KNOTS ( ( 4, 4 ),
 ( 4.712388980384689700, 4.721115626644665200 ),
 .UNSPECIFIED. ) 
 CURVE ( )  GEOMETRIC_REPRESENTATION_ITEM ( )  RATIONAL_B_SPLINE_CURVE ( ( 1.000000000000000000, 0.9999936538138229900, 0.9999936538138229900, 1.000000000000000000 ) ) 
 REPRESENTATION_ITEM ( '' )  );
#1281 = ORIENTED_EDGE ( 'NONE', *, *, #2231, .T. ) ;
#1282 = ADVANCED_FACE ( 'NONE', ( #2497 ), #2427, .T. ) ;
#1283 =( GEOMETRIC_REPRESENTATION_CONTEXT ( 3 ) GLOBAL_UNCERTAINTY_ASSIGNED_CONTEXT ( ( #1734 ) ) GLOBAL_UNIT_ASSIGNED_CONTEXT ( ( #1490, #318, #1689 ) ) REPRESENTATION_CONTEXT ( 'NONE', 'WORKASPACE' ) );
#1284 = ORIENTED_EDGE ( 'NONE', *, *, #51, .F. ) ;
#1285 = ORIENTED_EDGE ( 'NONE', *, *, #980, .F. ) ;
#1286 = CARTESIAN_POINT ( 'NONE',  ( -33.68503259475819100, -0.1000000000000000100, -10.14034850327625000 ) ) ;
#1287 = CARTESIAN_POINT ( 'NONE',  ( -33.98415610014052400, -0.5000000000000000000, -10.14383544255398000 ) ) ;
#1288 = CARTESIAN_POINT ( 'NONE',  ( -33.98415610014052400, 6.246392271874638800E-017, -19.43947200865860100 ) ) ;
#1289 = DIRECTION ( 'NONE',  ( 0.0000000000000000000, 0.0000000000000000000, 1.000000000000000000 ) ) ;
#1290 = DIRECTION ( 'NONE',  ( 0.008726203243944248600, -0.9999238504775704900, -0.008726203243944238200 ) ) ;
#1291 = ORIENTED_EDGE ( 'NONE', *, *, #1938, .F. ) ;
#1292 = EDGE_CURVE ( 'NONE', #758, #292, #991, .T. ) ;
#1293 = DIRECTION ( 'NONE',  ( 1.000000000000000000, 1.224600168349769100E-016, -1.068692376572941500E-018 ) ) ;
#1294 = CARTESIAN_POINT ( 'NONE',  ( 0.0000000000000000000, 3.200000000000000200, -12.84383544255398100 ) ) ;
#1295 = CARTESIAN_POINT ( 'NONE',  ( -34.08415610014052500, -0.09999999999999999200, -19.33859551404095000 ) ) ;
#1296 = PRESENTATION_LAYER_ASSIGNMENT (  '', '', ( #638 ) ) ;
#1297 = VECTOR ( 'NONE', #1591, 1000.000000000000000 ) ;
#1298 = COLOUR_RGB ( '',0.2509803921568627400, 0.2509803921568627400, 0.2509803921568627400 ) ;
#1299 = LINE ( 'NONE', #382, #2279 ) ;
#1300 = PLANE ( 'NONE',  #1775 ) ;
#1301 = SURFACE_SIDE_STYLE ('',( #1329 ) ) ;
#1302 = PRODUCT ( 'tmr3e', 'tmr3e', '', ( #1311 ) ) ;
#1303 = ORIENTED_EDGE ( 'NONE', *, *, #1458, .F. ) ;
#1304 = DIRECTION ( 'NONE',  ( -0.0000000000000000000, -1.000000000000000000, -0.0000000000000000000 ) ) ;
#1305 = SPHERICAL_SURFACE ( 'NONE', #1816, 0.1000000000000000100 ) ;
#1306 = EDGE_LOOP ( 'NONE', ( #734, #444, #469, #1167, #2375 ) ) ;
#1307 = EDGE_LOOP ( 'NONE', ( #915, #389, #2534 ) ) ;
#1308 = ORIENTED_EDGE ( 'NONE', *, *, #1977, .F. ) ;
#1309 = VERTEX_POINT ( 'NONE', #2229 ) ;
#1310 = EDGE_LOOP ( 'NONE', ( #648, #1981, #124, #1822 ) ) ;
#1311 = PRODUCT_CONTEXT ( 'NONE', #323, 'mechanical' ) ;
#1312 = CARTESIAN_POINT ( 'NONE',  ( 0.0000000000000000000, -0.5000000000000000000, -12.84383544255398100 ) ) ;
#1313 = DIRECTION ( 'NONE',  ( 1.000000000000000000, 0.0000000000000000000, -0.0000000000000000000 ) ) ;
#1314 = CARTESIAN_POINT ( 'NONE',  ( -55.18815674660360300, -11.00000000000000200, -19.24347265512167800 ) ) ;
#1315 = CARTESIAN_POINT ( 'NONE',  ( -50.59415610014051600, 3.200000000000000200, -12.59383544255398100 ) ) ;
#1316 = DIRECTION ( 'NONE',  ( 0.0000000000000000000, -0.0000000000000000000, 1.000000000000000000 ) ) ;
#1317 = EDGE_CURVE ( 'NONE', #1696, #653, #1389, .T. ) ;
#1318 = FILL_AREA_STYLE_COLOUR ( '', #1113 ) ;
#1319 = FACE_OUTER_BOUND ( 'NONE', #1614, .T. ) ;
#1320 = DIRECTION ( 'NONE',  ( 0.0000000000000000000, 0.008726535498373645000, -0.9999619230641712000 ) ) ;
#1321 = CARTESIAN_POINT ( 'NONE',  ( 0.0000000000000000000, 3.200000000000000200, -12.59383544255398100 ) ) ;
#1322 = FACE_OUTER_BOUND ( 'NONE', #468, .T. ) ;
#1323 = VECTOR ( 'NONE', #577, 1000.000000000000000 ) ;
#1324 = CYLINDRICAL_SURFACE ( 'NONE', #1377, 0.09999999999999939500 ) ;
#1325 = ORIENTED_EDGE ( 'NONE', *, *, #834, .F. ) ;
#1326 = AXIS2_PLACEMENT_3D ( 'NONE', #820, #1010, #2384 ) ;
#1327 = DIRECTION ( 'NONE',  ( -0.0000000000000000000, -1.000000000000000000, -0.0000000000000000000 ) ) ;
#1328 = LINE ( 'NONE', #1069, #1270 ) ;
#1329 = SURFACE_STYLE_FILL_AREA ( #2475 ) ;
#1330 = ORIENTED_EDGE ( 'NONE', *, *, #285, .F. ) ;
#1331 = DIRECTION ( 'NONE',  ( 1.000000000000000000, 0.0000000000000000000, 1.492235248152048000E-015 ) ) ;
#1332 = SPHERICAL_SURFACE ( 'NONE', #1611, 0.1000000000000000100 ) ;
#1333 = CARTESIAN_POINT ( 'NONE',  ( -37.89415610014016500, 3.200000000000000200, 1.051774115027885000E-012 ) ) ;
#1334 = ORIENTED_EDGE ( 'NONE', *, *, #2310, .F. ) ;
#1335 = EDGE_CURVE ( 'NONE', #239, #1369, #1907, .T. ) ;
#1336 = CARTESIAN_POINT ( 'NONE',  ( -34.08415610014052500, -0.09999999999999999200, -10.24034850327624800 ) ) ;
#1337 = VERTEX_POINT ( 'NONE', #59 ) ;
#1338 = CARTESIAN_POINT ( 'NONE',  ( -54.98415610014052400, -0.1000000000000000100, -19.43859551404094800 ) ) ;
#1339 = EDGE_LOOP ( 'NONE', ( #2407, #548 ) ) ;
#1340 = ORIENTED_EDGE ( 'NONE', *, *, #336, .T. ) ;
#1341 = CARTESIAN_POINT ( 'NONE',  ( -33.68580467445718800, -0.1893442240500180800, -19.43781962664837300 ) ) ;
#1342 = CARTESIAN_POINT ( 'NONE',  ( -33.98502875369035800, -0.6000000000000000900, -10.14471193717162800 ) ) ;
#1343 = AXIS2_PLACEMENT_3D ( 'NONE', #262, #1246, #1433 ) ;
#1344 = AXIS2_PLACEMENT_3D ( 'NONE', #2414, #312, #518 ) ;
#1345 = DIRECTION ( 'NONE',  ( 1.000000000000000000, 0.0000000000000000000, 0.0000000000000000000 ) ) ;
#1346 = CARTESIAN_POINT ( 'NONE',  ( -53.44427346570418500, -1.343037102681268400, -19.42775150142541900 ) ) ;
#1347 = ORIENTED_EDGE ( 'NONE', *, *, #2317, .F. ) ;
#1348 = CARTESIAN_POINT ( 'NONE',  ( -48.55415610014052400, -0.5000000000000000000, -12.59383544255398100 ) ) ;
#1349 = CARTESIAN_POINT ( 'NONE',  ( -34.04320066122723900, -0.5418258773707808100, -19.43423208014557300 ) ) ;
#1350 = DIRECTION ( 'NONE',  ( -1.000000000000000000, 0.0000000000000000000, 2.775557561562888800E-014 ) ) ;
#1351 = ORIENTED_EDGE ( 'NONE', *, *, #248, .T. ) ;
#1352 = EDGE_CURVE ( 'NONE', #68, #2517, #1443, .T. ) ;
#1353 =( LENGTH_UNIT ( ) NAMED_UNIT ( * ) SI_UNIT ( .MILLI., .METRE. ) );
#1354 =( NAMED_UNIT ( * ) PLANE_ANGLE_UNIT ( ) SI_UNIT ( $, .RADIAN. ) );
#1355 = MECHANICAL_DESIGN_GEOMETRIC_PRESENTATION_REPRESENTATION (  '', ( #1092 ), #1478 ) ;
#1356 = DIRECTION ( 'NONE',  ( 0.0000000000000000000, -0.008726535498374050900, 0.9999619230641712000 ) ) ;
#1357 = LINE ( 'NONE', #10, #842 ) ;
#1358 = FACE_OUTER_BOUND ( 'NONE', #1455, .T. ) ;
#1359 = CARTESIAN_POINT ( 'NONE',  ( -54.88415610014052200, -0.4991273464501626600, -10.24383163486039700 ) ) ;
#1360 = FACE_OUTER_BOUND ( 'NONE', #2099, .T. ) ;
#1361 = LINE ( 'NONE', #1359, #786 ) ;
#1362 = PLANE ( 'NONE',  #2343 ) ;
#1363 = DIRECTION ( 'NONE',  ( -0.0000000000000000000, -1.000000000000000000, -0.0000000000000000000 ) ) ;
#1364 = ORIENTED_EDGE ( 'NONE', *, *, #26, .F. ) ;
#1365 = CIRCLE ( 'NONE', #1946, 0.1000000000000028600 ) ;
#1366 = ORIENTED_EDGE ( 'NONE', *, *, #2258, .F. ) ;
#1367 = ORIENTED_EDGE ( 'NONE', *, *, #1447, .T. ) ;
#1368 = CARTESIAN_POINT ( 'NONE',  ( -33.78015545367745900, -11.00000000000000200, -10.33547136219552000 ) ) ;
#1369 = VERTEX_POINT ( 'NONE', #2041 ) ;
#1370 = ORIENTED_EDGE ( 'NONE', *, *, #659, .F. ) ;
#1371 = ORIENTED_EDGE ( 'NONE', *, *, #2358, .F. ) ;
#1372 = CARTESIAN_POINT ( 'NONE',  ( -54.98415610014052400, -0.1000000000000000100, -10.24034850327625000 ) ) ;
#1373 = ORIENTED_EDGE ( 'NONE', *, *, #2471, .T. ) ;
#1374 = EDGE_CURVE ( 'NONE', #155, #1161, #2372, .T. ) ;
#1375 = DIRECTION ( 'NONE',  ( -0.0000000000000000000, -1.000000000000000000, -0.0000000000000000000 ) ) ;
#1376 = CARTESIAN_POINT ( 'NONE',  ( -55.28416752220646700, 0.0008725206505955806700, -19.43947962303096200 ) ) ;
#1377 = AXIS2_PLACEMENT_3D ( 'NONE', #2166, #881, #2249 ) ;
#1378 = AXIS2_PLACEMENT_3D ( 'NONE', #1333, #1731, #554 ) ;
#1379 = CARTESIAN_POINT ( 'NONE',  ( -55.38415610014052200, 0.0000000000000000000, -19.43947200865860100 ) ) ;
#1380 = CARTESIAN_POINT ( 'NONE',  ( -53.44427346570418500, -1.729848502143974200, -19.41437546869849100 ) ) ;
#1381 = DIRECTION ( 'NONE',  ( -2.775557561562888800E-014, 0.0000000000000000000, -1.000000000000000000 ) ) ;
#1382 = DIRECTION ( 'NONE',  ( 0.0000000000000000000, -0.0000000000000000000, 1.000000000000000000 ) ) ;
#1383 = CIRCLE ( 'NONE', #2458, 0.3869133972942893600 ) ;
#1384 = DIRECTION ( 'NONE',  ( 0.0000000000000000000, 0.0000000000000000000, -1.000000000000000000 ) ) ;
#1385 = FACE_OUTER_BOUND ( 'NONE', #172, .T. ) ;
#1386 = CIRCLE ( 'NONE', #937, 0.09999999999999939500 ) ;
#1387 = VECTOR ( 'NONE', #487, 1000.000000000000000 ) ;
#1388 = CARTESIAN_POINT ( 'NONE',  ( 0.0000000000000000000, -0.5000000000000000000, -12.59383544255398100 ) ) ;
#1389 = LINE ( 'NONE', #2015, #872 ) ;
#1390 = LINE ( 'NONE', #907, #993 ) ;
#1391 = AXIS2_PLACEMENT_3D ( 'NONE', #198, #1570, #2162 ) ;
#1392 = CARTESIAN_POINT ( 'NONE',  ( -54.98415610014052400, -0.5000000000000000000, -19.43510857476322300 ) ) ;
#1393 = EDGE_CURVE ( 'NONE', #791, #1403, #1840, .T. ) ;
#1394 = ORIENTED_EDGE ( 'NONE', *, *, #867, .T. ) ;
#1395 = PRESENTATION_STYLE_ASSIGNMENT (( #349 ) ) ;
#1396 = CARTESIAN_POINT ( 'NONE',  ( -53.13415610014051500, 3.200000000000000200, -12.59383544255398100 ) ) ;
#1397 = VECTOR ( 'NONE', #710, 1000.000000000000000 ) ;
#1398 = CARTESIAN_POINT ( 'NONE',  ( -55.18815674660360300, -11.10000000000000000, -19.24347265512168200 ) ) ;
#1399 = DIRECTION ( 'NONE',  ( 0.0000000000000000000, 0.0000000000000000000, 1.000000000000000000 ) ) ;
#1400 = ORIENTED_EDGE ( 'NONE', *, *, #1751, .F. ) ;
#1401 = EDGE_CURVE ( 'NONE', #2404, #100, #1328, .T. ) ;
#1402 = DIRECTION ( 'NONE',  ( 0.0000000000000000000, 1.000000000000000000, 0.0000000000000000000 ) ) ;
#1403 = VERTEX_POINT ( 'NONE', #293 ) ;
#1404 = EDGE_LOOP ( 'NONE', ( #1039, #166, #1220, #2287, #1063, #1166, #688, #1562 ) ) ;
#1405 = AXIS2_PLACEMENT_3D ( 'NONE', #2035, #876, #2241 ) ;
#1406 = PLANE ( 'NONE',  #1559 ) ;
#1407 = CARTESIAN_POINT ( 'NONE',  ( -33.68503259475819100, -0.1000000000000000300, -19.33859551404095000 ) ) ;
#1408 = EDGE_LOOP ( 'NONE', ( #2228, #2066, #1838 ) ) ;
#1409 = DIRECTION ( 'NONE',  ( 1.000000000000000000, 0.0000000000000000000, -0.0000000000000000000 ) ) ;
#1410 = AXIS2_PLACEMENT_3D ( 'NONE', #1800, #2394, #1227 ) ;
#1411 = DIRECTION ( 'NONE',  ( 1.000000000000000000, 0.0000000000000000000, 0.0000000000000000000 ) ) ;
#1412 = PLANE ( 'NONE',  #149 ) ;
#1413 = CARTESIAN_POINT ( 'NONE',  ( -35.85415610014052100, 3.200000000000000200, 0.0000000000000000000 ) ) ;
#1414 = FACE_OUTER_BOUND ( 'NONE', #1408, .T. ) ;
#1415 = EDGE_CURVE ( 'NONE', #758, #2474, #225, .T. ) ;
#1416 = SURFACE_STYLE_FILL_AREA ( #2327 ) ;
#1417 = FACE_OUTER_BOUND ( 'NONE', #1918, .T. ) ;
#1418 = PLANE ( 'NONE',  #950 ) ;
#1419 = EDGE_LOOP ( 'NONE', ( #297, #1978, #2411, #1194 ) ) ;
#1420 = CIRCLE ( 'NONE', #1031, 0.09999999999999939500 ) ;
#1421 = MECHANICAL_DESIGN_GEOMETRIC_PRESENTATION_REPRESENTATION (  '', ( #638 ), #1558 ) ;
#1422 = DIRECTION ( 'NONE',  ( 1.000000000000000000, 0.0000000000000000000, 0.0000000000000000000 ) ) ;
#1423 = ORIENTED_EDGE ( 'NONE', *, *, #1210, .T. ) ;
#1424 = ORIENTED_EDGE ( 'NONE', *, *, #659, .T. ) ;
#1425 = ORIENTED_EDGE ( 'NONE', *, *, #2290, .F. ) ;
#1426 = ORIENTED_EDGE ( 'NONE', *, *, #1168, .T. ) ;
#1427 = ORIENTED_EDGE ( 'NONE', *, *, #916, .F. ) ;
#1428 = DIRECTION ( 'NONE',  ( 1.000000000000000000, 0.0000000000000000000, 0.0000000000000000000 ) ) ;
#1429 = ORIENTED_EDGE ( 'NONE', *, *, #418, .T. ) ;
#1430 = VERTEX_POINT ( 'NONE', #90 ) ;
#1431 = DIRECTION ( 'NONE',  ( -0.008726203243944002200, -0.9999238504775706000, -0.008726203243944200000 ) ) ;
#1432 = VERTEX_POINT ( 'NONE', #689 ) ;
#1433 = DIRECTION ( 'NONE',  ( 0.0000000000000000000, 0.0000000000000000000, -1.000000000000000000 ) ) ;
#1434 = ADVANCED_FACE ( 'NONE', ( #1788 ), #2265, .F. ) ;
#1435 = CARTESIAN_POINT ( 'NONE',  ( 0.0000000000000000000, 3.200000000000000200, -12.84383544255398100 ) ) ;
#1436 = ADVANCED_FACE ( 'NONE', ( #2247 ), #1728, .T. ) ;
#1437 = CIRCLE ( 'NONE', #2330, 0.3433244078588841800 ) ;
#1438 = CARTESIAN_POINT ( 'NONE',  ( -33.68503259475817700, -0.1000000000000000100, 2.513299648652513800E-014 ) ) ;
#1439 = CARTESIAN_POINT ( 'NONE',  ( -34.08415610014052500, -0.5000000000000000000, -19.43947200865860100 ) ) ;
#1440 = CIRCLE ( 'NONE', #539, 0.09999999999999939500 ) ;
#1441 = LINE ( 'NONE', #363, #1836 ) ;
#1442 = ORIENTED_EDGE ( 'NONE', *, *, #1549, .T. ) ;
#1443 = LINE ( 'NONE', #1439, #345 ) ;
#1444 = FACE_OUTER_BOUND ( 'NONE', #41, .T. ) ;
#1445 = CIRCLE ( 'NONE', #760, 0.09999999999999982500 ) ;
#1446 = ADVANCED_FACE ( 'NONE', ( #279 ), #2185, .T. ) ;
#1447 = EDGE_CURVE ( 'NONE', #65, #1627, #1212, .T. ) ;
#1448 = ORIENTED_EDGE ( 'NONE', *, *, #1599, .T. ) ;
#1449 = LINE ( 'NONE', #136, #936 ) ;
#1450 = DIRECTION ( 'NONE',  ( -1.000000000000000000, 0.0000000000000000000, 0.0000000000000000000 ) ) ;
#1451 = ORIENTED_EDGE ( 'NONE', *, *, #691, .F. ) ;
#1452 = LINE ( 'NONE', #1494, #351 ) ;
#1453 = ADVANCED_FACE ( 'NONE', ( #157 ), #2463, .F. ) ;
#1454 = ORIENTED_EDGE ( 'NONE', *, *, #951, .T. ) ;
#1455 = EDGE_LOOP ( 'NONE', ( #1276, #1803, #941, #1370 ) ) ;
#1456 =( NAMED_UNIT ( * ) PLANE_ANGLE_UNIT ( ) SI_UNIT ( $, .RADIAN. ) );
#1457 = ADVANCED_FACE ( 'NONE', ( #1662 ), #2116, .T. ) ;
#1458 = EDGE_CURVE ( 'NONE', #2191, #2074, #622, .T. ) ;
#1459 = DIRECTION ( 'NONE',  ( -2.775557561562888800E-014, 0.0000000000000000000, -1.000000000000000000 ) ) ;
#1460 = ORIENTED_EDGE ( 'NONE', *, *, #132, .T. ) ;
#1461 = DIRECTION ( 'NONE',  ( -6.938893903907270000E-014, 1.000000000000000000, 0.0000000000000000000 ) ) ;
#1462 = ADVANCED_FACE ( 'NONE', ( #1147 ), #1690, .F. ) ;
#1463 = AXIS2_PLACEMENT_3D ( 'NONE', #2551, #1566, #1243 ) ;
#1464 = CARTESIAN_POINT ( 'NONE',  ( -33.68503259475819100, -0.1008726535498373900, -10.14035231096983100 ) ) ;
#1465 = DIRECTION ( 'NONE',  ( -0.0000000000000000000, -0.9999619230641713100, -0.008726535498373953800 ) ) ;
#1466 = ADVANCED_FACE ( 'NONE', ( #1607 ), #2054, .T. ) ;
#1467 = LINE ( 'NONE', #1376, #1933 ) ;
#1468 = CARTESIAN_POINT ( 'NONE',  ( 0.0000000000000000000, 3.200000000000000200, -12.59383544255398100 ) ) ;
#1469 = CARTESIAN_POINT ( 'NONE',  ( -33.68503259475818400, -0.1000000000000000100, -10.24034850327625000 ) ) ;
#1470 = VECTOR ( 'NONE', #1345, 1000.000000000000000 ) ;
#1471 = COLOUR_RGB ( '',0.7921568627450980000, 0.8196078431372548800, 0.9333333333333333500 ) ;
#1472 = LINE ( 'NONE', #2513, #1992 ) ;
#1473 = EDGE_CURVE ( 'NONE', #387, #758, #35, .T. ) ;
#1474 = ADVANCED_FACE ( 'NONE', ( #1077 ), #123, .T. ) ;
#1475 = VERTEX_POINT ( 'NONE', #1498 ) ;
#1476 = LINE ( 'NONE', #1388, #437 ) ;
#1477 = CARTESIAN_POINT ( 'NONE',  ( -33.78015545367746600, -11.00000000000000200, -19.24347265512168200 ) ) ;
#1478 =( GEOMETRIC_REPRESENTATION_CONTEXT ( 3 ) GLOBAL_UNCERTAINTY_ASSIGNED_CONTEXT ( ( #632 ) ) GLOBAL_UNIT_ASSIGNED_CONTEXT ( ( #719, #2080, #919 ) ) REPRESENTATION_CONTEXT ( 'NONE', 'WORKASPACE' ) );
#1479 = ORIENTED_EDGE ( 'NONE', *, *, #2043, .T. ) ;
#1480 = CARTESIAN_POINT ( 'NONE',  ( -50.59415610014051600, -0.5000000000000000000, -12.59383544255398100 ) ) ;
#1481 = ORIENTED_EDGE ( 'NONE', *, *, #1458, .T. ) ;
#1482 = ORIENTED_EDGE ( 'NONE', *, *, #2416, .T. ) ;
#1483 = CARTESIAN_POINT ( 'NONE',  ( -54.98415610014052400, -0.6008726535498374300, -19.43422827245198900 ) ) ;
#1484 = ORIENTED_EDGE ( 'NONE', *, *, #1890, .T. ) ;
#1485 = DIRECTION ( 'NONE',  ( 1.000000000000000000, 0.0000000000000000000, 0.0000000000000000000 ) ) ;
#1486 = STYLED_ITEM ( 'NONE', ( #2155 ), #2432 ) ;
#1487 = ORIENTED_EDGE ( 'NONE', *, *, #424, .T. ) ;
#1488 = VERTEX_POINT ( 'NONE', #923 ) ;
#1489 = CARTESIAN_POINT ( 'NONE',  ( -51.09415610014052300, -0.5000000000000000000, 0.0000000000000000000 ) ) ;
#1490 =( LENGTH_UNIT ( ) NAMED_UNIT ( * ) SI_UNIT ( .MILLI., .METRE. ) );
#1491 = CARTESIAN_POINT ( 'NONE',  ( -50.59415610014016800, -0.5000000000000000000, 1.404269925346372200E-012 ) ) ;
#1492 = DIRECTION ( 'NONE',  ( -2.775557561562888800E-014, 0.0000000000000000000, -1.000000000000000000 ) ) ;
#1493 = ORIENTED_EDGE ( 'NONE', *, *, #2361, .T. ) ;
#1494 = CARTESIAN_POINT ( 'NONE',  ( -40.93415610014052000, 3.200000000000000200, -12.84383544255398100 ) ) ;
#1495 = EDGE_CURVE ( 'NONE', #232, #214, #1539, .T. ) ;
#1496 = CARTESIAN_POINT ( 'NONE',  ( -53.44427346570418500, -1.729063113949120400, -19.32437889562271500 ) ) ;
#1497 = DIRECTION ( 'NONE',  ( -1.000000000000000000, 0.0000000000000000000, 0.0000000000000000000 ) ) ;
#1498 = CARTESIAN_POINT ( 'NONE',  ( -40.43415610014051300, -0.5000000000000000000, -12.59383544255398100 ) ) ;
#1499 = APPLICATION_PROTOCOL_DEFINITION ( 'draft international standard', 'automotive_design', 1998, #125 ) ;
#1500 = FILL_AREA_STYLE ('',( #1132 ) ) ;
#1501 = AXIS2_PLACEMENT_3D ( 'NONE', #1930, #771, #2127 ) ;
#1502 = LINE ( 'NONE', #1661, #456 ) ;
#1503 = DIRECTION ( 'NONE',  ( 1.000000000000000000, 0.0000000000000000000, 0.0000000000000000000 ) ) ;
#1504 = CIRCLE ( 'NONE', #406, 0.1000000000000028600 ) ;
#1505 = DIRECTION ( 'NONE',  ( 0.9999619230641712000, 0.008726535498382167700, 0.0000000000000000000 ) ) ;
#1506 = PLANE ( 'NONE',  #2056 ) ;
#1507 = CYLINDRICAL_SURFACE ( 'NONE', #681, 0.1000000000000017000 ) ;
#1508 = FACE_OUTER_BOUND ( 'NONE', #1306, .T. ) ;
#1509 = VECTOR ( 'NONE', #884, 1000.000000000000000 ) ;
#1510 = CARTESIAN_POINT ( 'NONE',  ( -33.68503259475818400, -0.1000000000000000500, -10.24034850327625000 ) ) ;
#1511 = ORIENTED_EDGE ( 'NONE', *, *, #418, .F. ) ;
#1512 = CARTESIAN_POINT ( 'NONE',  ( -38.39415610014052000, 3.200000000000000200, -12.84383544255398100 ) ) ;
#1513 = LINE ( 'NONE', #126, #995 ) ;
#1514 = ORIENTED_EDGE ( 'NONE', *, *, #277, .F. ) ;
#1515 = DIRECTION ( 'NONE',  ( 0.0000000000000000000, 1.000000000000000000, 0.0000000000000000000 ) ) ;
#1516 = CIRCLE ( 'NONE', #1463, 0.09999999999999939500 ) ;
#1517 = CARTESIAN_POINT ( 'NONE',  ( -55.38415610014052200, -0.1008726535498374000, -19.43859170634736700 ) ) ;
#1518 = ORIENTED_EDGE ( 'NONE', *, *, #2101, .T. ) ;
#1519 = CARTESIAN_POINT ( 'NONE',  ( -54.98415610014052400, -0.1008726535498373900, -10.14035231096983100 ) ) ;
#1520 = AXIS2_PLACEMENT_3D ( 'NONE', #998, #2365, #1199 ) ;
#1521 = EDGE_CURVE ( 'NONE', #65, #2226, #1202, .T. ) ;
#1522 = DIRECTION ( 'NONE',  ( 0.0000000000000000000, 0.0000000000000000000, 1.000000000000000000 ) ) ;
#1523 = VERTEX_POINT ( 'NONE', #2492 ) ;
#1524 = SURFACE_SIDE_STYLE ('',( #2431 ) ) ;
#1525 = ORIENTED_EDGE ( 'NONE', *, *, #1529, .F. ) ;
#1526 = CARTESIAN_POINT ( 'NONE',  ( 0.0000000000000000000, -0.5000000000000000000, -12.84383544255398100 ) ) ;
#1527 = DIRECTION ( 'NONE',  ( -1.492235248152092000E-015, 0.0000000000000000000, 1.000000000000000000 ) ) ;
#1528 = VERTEX_POINT ( 'NONE', #2508 ) ;
#1529 = EDGE_CURVE ( 'NONE', #130, #2509, #560, .T. ) ;
#1530 = CARTESIAN_POINT ( 'NONE',  ( -37.89415610014052000, -0.5000000000000000000, -12.84383544255398100 ) ) ;
#1531 = DIRECTION ( 'NONE',  ( -0.0000000000000000000, -1.000000000000000000, -0.0000000000000000000 ) ) ;
#1532 = CARTESIAN_POINT ( 'NONE',  ( -33.98415610014052400, -0.09999999999999999200, -19.33859551404095000 ) ) ;
#1533 = AXIS2_PLACEMENT_3D ( 'NONE', #1046, #2418, #1254 ) ;
#1534 = CARTESIAN_POINT ( 'NONE',  ( -37.89415610014051300, -0.5000000000000000000, -12.59383544255398100 ) ) ;
#1535 = LINE ( 'NONE', #1177, #491 ) ;
#1536 = LINE ( 'NONE', #2445, #1509 ) ;
#1537 = TOROIDAL_SURFACE ( 'NONE', #2420, 0.3869133972942892000, 0.1000000000000000100 ) ;
#1538 = AXIS2_PLACEMENT_3D ( 'NONE', #521, #1893, #728 ) ;
#1539 = CIRCLE ( 'NONE', #372, 0.1000000000000028600 ) ;
#1540 = UNCERTAINTY_MEASURE_WITH_UNIT (LENGTH_MEASURE( 1.000000000000000100E-005 ), #2278, 'distance_accuracy_value', 'NONE');
#1541 = FACE_OUTER_BOUND ( 'NONE', #1999, .T. ) ;
#1542 = DIRECTION ( 'NONE',  ( -0.0000000000000000000, 0.008726535498373953800, 0.9999619230641713100 ) ) ;
#1543 = ORIENTED_EDGE ( 'NONE', *, *, #2374, .F. ) ;
#1544 = CARTESIAN_POINT ( 'NONE',  ( -54.98357432464619900, -0.6002908891316859300, -10.14471193717162800 ) ) ;
#1545 = LINE ( 'NONE', #156, #1025 ) ;
#1546 = VERTEX_POINT ( 'NONE', #142 ) ;
#1547 =( NAMED_UNIT ( * ) SI_UNIT ( $, .STERADIAN. ) SOLID_ANGLE_UNIT ( ) );
#1548 = ORIENTED_EDGE ( 'NONE', *, *, #115, .T. ) ;
#1549 = EDGE_CURVE ( 'NONE', #2002, #261, #2528, .T. ) ;
#1550 = EDGE_LOOP ( 'NONE', ( #687, #2268, #1400, #829 ) ) ;
#1551 = DIRECTION ( 'NONE',  ( -0.0000000000000000000, 0.0000000000000000000, -1.000000000000000000 ) ) ;
#1552 = ORIENTED_EDGE ( 'NONE', *, *, #1335, .T. ) ;
#1553 = CARTESIAN_POINT ( 'NONE',  ( -53.13415610014051500, 3.200000000000000200, -12.59383544255398100 ) ) ;
#1554 = ORIENTED_EDGE ( 'NONE', *, *, #368, .T. ) ;
#1555 = ORIENTED_EDGE ( 'NONE', *, *, #1771, .F. ) ;
#1556 = CARTESIAN_POINT ( 'NONE',  ( 0.0000000000000000000, -0.1000000000000000100, -10.24034850327625000 ) ) ;
#1557 = DIRECTION ( 'NONE',  ( 0.0000000000000000000, -0.9999619230641713100, -0.008726535498373953800 ) ) ;
#1558 =( GEOMETRIC_REPRESENTATION_CONTEXT ( 3 ) GLOBAL_UNCERTAINTY_ASSIGNED_CONTEXT ( ( #1011 ) ) GLOBAL_UNIT_ASSIGNED_CONTEXT ( ( #1353, #175, #1547 ) ) REPRESENTATION_CONTEXT ( 'NONE', 'WORKASPACE' ) );
#1559 = AXIS2_PLACEMENT_3D ( 'NONE', #1797, #2195, #1020 ) ;
#1560 = DIRECTION ( 'NONE',  ( 1.000000000000000000, 0.0000000000000000000, -0.0000000000000000000 ) ) ;
#1561 = DIRECTION ( 'NONE',  ( -1.000000000000000000, 0.0000000000000000000, 0.0000000000000000000 ) ) ;
#1562 = ORIENTED_EDGE ( 'NONE', *, *, #2159, .T. ) ;
#1563 = DIRECTION ( 'NONE',  ( 0.0000000000000000000, 0.0000000000000000000, -1.000000000000000000 ) ) ;
#1564 = PLANE ( 'NONE',  #1719 ) ;
#1565 = DIRECTION ( 'NONE',  ( 0.0000000000000000000, 0.008726535498382318600, -0.9999619230641712000 ) ) ;
#1566 = DIRECTION ( 'NONE',  ( 0.0000000000000000000, -1.000000000000000000, 0.0000000000000000000 ) ) ;
#1567 = PLANE ( 'NONE',  #1118 ) ;
#1568 = DIRECTION ( 'NONE',  ( 0.0000000000000000000, 0.0000000000000000000, -1.000000000000000000 ) ) ;
#1569 = EDGE_CURVE ( 'NONE', #238, #2007, #1649, .T. ) ;
#1570 = DIRECTION ( 'NONE',  ( 0.0000000000000000000, 1.000000000000000000, 0.0000000000000000000 ) ) ;
#1571 = CIRCLE ( 'NONE', #2057, 0.09999999999999939500 ) ;
#1572 = CARTESIAN_POINT ( 'NONE',  ( -54.88415610014052200, -0.5000000000000000000, -19.43947200865860100 ) ) ;
#1573 = CIRCLE ( 'NONE', #14, 0.09999999999999939500 ) ;
#1574 = SURFACE_STYLE_FILL_AREA ( #1954 ) ;
#1575 = DIRECTION ( 'NONE',  ( 0.008726535498373953800, -0.9999619230641713100, 0.0000000000000000000 ) ) ;
#1576 = CARTESIAN_POINT ( 'NONE',  ( -35.85415610014052100, 3.200000000000000200, -12.84383544255398100 ) ) ;
#1577 = VECTOR ( 'NONE', #1041, 1000.000000000000000 ) ;
#1578 = ORIENTED_EDGE ( 'NONE', *, *, #277, .T. ) ;
#1579 = VECTOR ( 'NONE', #517, 1000.000000000000000 ) ;
#1580 = DIRECTION ( 'NONE',  ( 0.0000000000000000000, 0.9999619230641713100, -0.008726535498371164300 ) ) ;
#1581 = VERTEX_POINT ( 'NONE', #1530 ) ;
#1582 = DIRECTION ( 'NONE',  ( 0.0000000000000000000, 0.0000000000000000000, -1.000000000000000000 ) ) ;
#1583 = ORIENTED_EDGE ( 'NONE', *, *, #562, .T. ) ;
#1584 = CARTESIAN_POINT ( 'NONE',  ( -53.13415610014052200, 3.200000000000000200, -12.84383544255398100 ) ) ;
#1585 = EDGE_LOOP ( 'NONE', ( #2296, #1484, #599, #2203 ) ) ;
#1586 = CARTESIAN_POINT ( 'NONE',  ( -54.88415610014052200, -0.5000000000000000000, -10.24383925039255200 ) ) ;
#1587 = EDGE_CURVE ( 'NONE', #2000, #2392, #91, .T. ) ;
#1588 = DIRECTION ( 'NONE',  ( -0.0000000000000000000, 0.0000000000000000000, -1.000000000000000000 ) ) ;
#1589 = CARTESIAN_POINT ( 'NONE',  ( -51.09415610014052300, 3.200000000000000200, -12.84383544255398100 ) ) ;
#1590 = EDGE_CURVE ( 'NONE', #443, #1528, #494, .T. ) ;
#1591 = DIRECTION ( 'NONE',  ( -0.0000000000000000000, -0.9999619230641713100, 0.008726535498373953800 ) ) ;
#1592 = AXIS2_PLACEMENT_3D ( 'NONE', #2425, #1257, #74 ) ;
#1593 = AXIS2_PLACEMENT_3D ( 'NONE', #27, #1600, #425 ) ;
#1594 = DIRECTION ( 'NONE',  ( 3.027740485677899900E-016, 3.469446951953635000E-014, -1.000000000000000000 ) ) ;
#1595 = VERTEX_POINT ( 'NONE', #2111 ) ;
#1596 = CARTESIAN_POINT ( 'NONE',  ( -33.68503259475817700, 0.0000000000000000000, 2.513299648652513800E-014 ) ) ;
#1597 = DIRECTION ( 'NONE',  ( -1.000000000000000000, 0.0000000000000000000, 0.0000000000000000000 ) ) ;
#1598 = CARTESIAN_POINT ( 'NONE',  ( -43.47415610014051900, 3.200000000000000200, 0.0000000000000000000 ) ) ;
#1599 = EDGE_CURVE ( 'NONE', #1701, #2000, #377, .T. ) ;
#1600 = DIRECTION ( 'NONE',  ( 1.492235248152092000E-015, 0.0000000000000000000, -1.000000000000000000 ) ) ;
#1601 = PRODUCT_DEFINITION_CONTEXT ( 'detailed design', #125, 'design' ) ;
#1602 = VECTOR ( 'NONE', #978, 1000.000000000000000 ) ;
#1603 = VECTOR ( 'NONE', #677, 1000.000000000000000 ) ;
#1604 = SPHERICAL_SURFACE ( 'NONE', #1896, 0.1000000000000000100 ) ;
#1605 = CARTESIAN_POINT ( 'NONE',  ( -54.98415610014052400, -0.1000000000000000100, -10.24034850327624800 ) ) ;
#1606 = DIRECTION ( 'NONE',  ( 0.0000000000000000000, 0.0000000000000000000, -1.000000000000000000 ) ) ;
#1607 = FACE_OUTER_BOUND ( 'NONE', #530, .T. ) ;
#1608 = VECTOR ( 'NONE', #1497, 1000.000000000000000 ) ;
#1609 = AXIS2_PLACEMENT_3D ( 'NONE', #1468, #301, #1681 ) ;
#1610 = DIRECTION ( 'NONE',  ( 1.000000000000000000, 0.0000000000000000000, -0.0000000000000000000 ) ) ;
#1611 = AXIS2_PLACEMENT_3D ( 'NONE', #2280, #2481, #519 ) ;
#1612 = EDGE_LOOP ( 'NONE', ( #1826, #633, #1442, #2386 ) ) ;
#1613 = LINE ( 'NONE', #1526, #1086 ) ;
#1614 = EDGE_LOOP ( 'NONE', ( #105, #1012, #727, #101, #917, #1745 ) ) ;
#1615 = CARTESIAN_POINT ( 'NONE',  ( 0.0000000000000000000, 3.200000000000000200, -12.59383544255398100 ) ) ;
#1616 = ORIENTED_EDGE ( 'NONE', *, *, #1197, .T. ) ;
#1617 = ORIENTED_EDGE ( 'NONE', *, *, #896, .F. ) ;
#1618 = EDGE_CURVE ( 'NONE', #1430, #286, #901, .T. ) ;
#1619 = PLANE ( 'NONE',  #1673 ) ;
#1620 = ORIENTED_EDGE ( 'NONE', *, *, #2300, .T. ) ;
#1621 = VERTEX_POINT ( 'NONE', #1534 ) ;
#1622 = EDGE_LOOP ( 'NONE', ( #1340, #11, #1192, #256 ) ) ;
#1623 = CARTESIAN_POINT ( 'NONE',  ( -43.47415610014051900, -0.5000000000000000000, -12.59383544255398100 ) ) ;
#1624 = DIRECTION ( 'NONE',  ( 0.0000000000000000000, 1.000000000000000000, 0.0000000000000000000 ) ) ;
#1625 = DIRECTION ( 'NONE',  ( -1.000000000000000000, 0.0000000000000000000, -0.0000000000000000000 ) ) ;
#1626 = EDGE_LOOP ( 'NONE', ( #1482, #2289, #2132, #750 ) ) ;
#1627 = VERTEX_POINT ( 'NONE', #1744 ) ;
#1628 = DIRECTION ( 'NONE',  ( -0.008726203243944250300, 0.9999238504775704900, 0.008726203243944236400 ) ) ;
#1629 = VECTOR ( 'NONE', #1422, 1000.000000000000000 ) ;
#1630 = EDGE_CURVE ( 'NONE', #1643, #232, #310, .T. ) ;
#1631 = FACE_OUTER_BOUND ( 'NONE', #317, .T. ) ;
#1632 = VECTOR ( 'NONE', #732, 1000.000000000000000 ) ;
#1633 = VECTOR ( 'NONE', #182, 1000.000000000000100 ) ;
#1634 = CYLINDRICAL_SURFACE ( 'NONE', #1758, 0.1000000000000017000 ) ;
#1635 = FILL_AREA_STYLE ('',( #1040 ) ) ;
#1636 = FACE_OUTER_BOUND ( 'NONE', #141, .T. ) ;
#1637 = ORIENTED_EDGE ( 'NONE', *, *, #1985, .T. ) ;
#1638 = LINE ( 'NONE', #1888, #2094 ) ;
#1639 = ADVANCED_FACE ( 'NONE', ( #1360 ), #957, .F. ) ;
#1640 = AXIS2_PLACEMENT_3D ( 'NONE', #358, #1151, #759 ) ;
#1641 = ORIENTED_EDGE ( 'NONE', *, *, #840, .F. ) ;
#1642 = ORIENTED_EDGE ( 'NONE', *, *, #916, .T. ) ;
#1643 = VERTEX_POINT ( 'NONE', #969 ) ;
#1644 = DIRECTION ( 'NONE',  ( -0.0000000000000000000, -0.0000000000000000000, -1.000000000000000000 ) ) ;
#1645 = ADVANCED_FACE ( 'NONE', ( #119 ), #2154, .T. ) ;
#1646 = CARTESIAN_POINT ( 'NONE',  ( -55.38327579782929200, -0.1008726535498374300, -19.43947200865860100 ) ) ;
#1647 = ADVANCED_FACE ( 'NONE', ( #1115 ), #1362, .F. ) ;
#1648 = FILL_AREA_STYLE_COLOUR ( '', #462 ) ;
#1649 =( BOUNDED_CURVE ( )  B_SPLINE_CURVE ( 3, ( #1717, #746, #2311, #1138 ),
 .UNSPECIFIED., .F., .F. ) 
 B_SPLINE_CURVE_WITH_KNOTS ( ( 4, 4 ),
 ( 1.562069680534919000, 1.570796326794896300 ),
 .UNSPECIFIED. ) 
 CURVE ( )  GEOMETRIC_REPRESENTATION_ITEM ( )  RATIONAL_B_SPLINE_CURVE ( ( 1.000000000000000000, 0.9999936538138229900, 0.9999936538138229900, 1.000000000000000000 ) ) 
 REPRESENTATION_ITEM ( '' )  );
#1650 = ORIENTED_EDGE ( 'NONE', *, *, #20, .T. ) ;
#1651 = AXIS2_PLACEMENT_3D ( 'NONE', #986, #1582, #400 ) ;
#1652 = EDGE_CURVE ( 'NONE', #100, #1024, #647, .T. ) ;
#1653 = DIRECTION ( 'NONE',  ( -0.0000000000000000000, -1.000000000000000000, -0.0000000000000000000 ) ) ;
#1654 = ADVANCED_FACE ( 'NONE', ( #2086 ), #61, .T. ) ;
#1655 = EDGE_CURVE ( 'NONE', #1739, #239, #1182, .T. ) ;
#1656 = FACE_BOUND ( 'NONE', #188, .T. ) ;
#1657 = CIRCLE ( 'NONE', #1592, 0.1000000000000017000 ) ;
#1658 = VECTOR ( 'NONE', #2473, 1000.000000000000000 ) ;
#1659 = EDGE_LOOP ( 'NONE', ( #1188, #2464, #2349, #1736, #773 ) ) ;
#1660 = ADVANCED_FACE ( 'NONE', ( #590 ), #192, .T. ) ;
#1661 = CARTESIAN_POINT ( 'NONE',  ( -37.89415610014016500, -0.5000000000000000000, 1.051774115027885000E-012 ) ) ;
#1662 = FACE_OUTER_BOUND ( 'NONE', #1127, .T. ) ;
#1663 = CIRCLE ( 'NONE', #697, 0.09999999999999939500 ) ;
#1664 = VECTOR ( 'NONE', #1884, 1000.000000000000000 ) ;
#1665 = DIRECTION ( 'NONE',  ( -1.000000000000000000, 0.0000000000000000000, 0.0000000000000000000 ) ) ;
#1666 = STYLED_ITEM ( 'NONE', ( #2428 ), #2452 ) ;
#1667 = EDGE_LOOP ( 'NONE', ( #254, #2503, #1555, #764 ) ) ;
#1668 = DIRECTION ( 'NONE',  ( -0.0000000000000000000, -1.000000000000000000, -0.0000000000000000000 ) ) ;
#1669 = VECTOR ( 'NONE', #145, 1000.000000000000000 ) ;
#1670 = ADVANCED_FACE ( 'NONE', ( #1905 ), #1567, .F. ) ;
#1671 = ORIENTED_EDGE ( 'NONE', *, *, #711, .T. ) ;
#1672 = AXIS2_PLACEMENT_3D ( 'NONE', #1104, #2079, #918 ) ;
#1673 = AXIS2_PLACEMENT_3D ( 'NONE', #1413, #1409, #434 ) ;
#1674 = VERTEX_POINT ( 'NONE', #398 ) ;
#1675 = ORIENTED_EDGE ( 'NONE', *, *, #2507, .T. ) ;
#1676 = ORIENTED_EDGE ( 'NONE', *, *, #1317, .T. ) ;
#1677 = CARTESIAN_POINT ( 'NONE',  ( -53.44427346570418500, -1.342164449131431100, -19.32775530911899900 ) ) ;
#1678 = ADVANCED_FACE ( 'NONE', ( #2370 ), #1324, .T. ) ;
#1679 = VERTEX_POINT ( 'NONE', #2444 ) ;
#1680 = ORIENTED_EDGE ( 'NONE', *, *, #2317, .T. ) ;
#1681 = DIRECTION ( 'NONE',  ( -1.000000000000000000, 0.0000000000000000000, -0.0000000000000000000 ) ) ;
#1682 = DIRECTION ( 'NONE',  ( 6.938893903907270000E-014, 0.0000000000000000000, -1.000000000000000000 ) ) ;
#1683 = EDGE_CURVE ( 'NONE', #1093, #690, #870, .T. ) ;
#1684 = ORIENTED_EDGE ( 'NONE', *, *, #545, .T. ) ;
#1685 = DIRECTION ( 'NONE',  ( 0.9999619230641712000, -0.008726535498382167700, 0.0000000000000000000 ) ) ;
#1686 = DIRECTION ( 'NONE',  ( 0.0000000000000000000, 0.9999619230641713100, -0.008726535498373953800 ) ) ;
#1687 = AXIS2_PLACEMENT_3D ( 'NONE', #1605, #233, #1411 ) ;
#1688 = VECTOR ( 'NONE', #2199, 1000.000000000000000 ) ;
#1689 =( NAMED_UNIT ( * ) SI_UNIT ( $, .STERADIAN. ) SOLID_ANGLE_UNIT ( ) );
#1690 = PLANE ( 'NONE',  #2530 ) ;
#1691 = FILL_AREA_STYLE ('',( #2271 ) ) ;
#1692 = DIRECTION ( 'NONE',  ( -1.000000000000000000, 0.0000000000000000000, 0.0000000000000000000 ) ) ;
#1693 = SURFACE_STYLE_FILL_AREA ( #1635 ) ;
#1694 = LINE ( 'NONE', #30, #2158 ) ;
#1695 = EDGE_CURVE ( 'NONE', #109, #693, #1837, .T. ) ;
#1696 = VERTEX_POINT ( 'NONE', #288 ) ;
#1697 = VECTOR ( 'NONE', #252, 1000.000000000000000 ) ;
#1698 = DIRECTION ( 'NONE',  ( 2.775557561562888800E-014, 0.0000000000000000000, 1.000000000000000000 ) ) ;
#1699 = ORIENTED_EDGE ( 'NONE', *, *, #926, .T. ) ;
#1700 = CARTESIAN_POINT ( 'NONE',  ( 0.0000000000000000000, 0.0000000000000000000, -19.33859551404095400 ) ) ;
#1701 = VERTEX_POINT ( 'NONE', #686 ) ;
#1702 = ORIENTED_EDGE ( 'NONE', *, *, #368, .F. ) ;
#1703 = DIRECTION ( 'NONE',  ( 3.027740485674964900E-016, -3.469446951953612900E-014, -1.000000000000000000 ) ) ;
#1704 = EDGE_LOOP ( 'NONE', ( #265, #2542, #2214, #1224, #410, #2097 ) ) ;
#1705 = ORIENTED_EDGE ( 'NONE', *, *, #1683, .T. ) ;
#1706 = CARTESIAN_POINT ( 'NONE',  ( -55.38415610014052200, -11.00000000000000200, -19.24347265512168200 ) ) ;
#1707 = CARTESIAN_POINT ( 'NONE',  ( -51.09415610014052300, 3.200000000000000200, -12.59383544255398100 ) ) ;
#1708 = DIRECTION ( 'NONE',  ( 1.000000000000000000, -1.761828530288894200E-015, 0.0000000000000000000 ) ) ;
#1709 = CARTESIAN_POINT ( 'NONE',  ( -54.98415610014052400, -0.5802429601726288900, -10.24453952009711900 ) ) ;
#1710 = CARTESIAN_POINT ( 'NONE',  ( -50.59415610014052300, 3.200000000000000200, -12.84383544255398100 ) ) ;
#1711 = CARTESIAN_POINT ( 'NONE',  ( -35.35415610014016600, 3.200000000000000200, 9.812749529641875400E-013 ) ) ;
#1712 = ORIENTED_EDGE ( 'NONE', *, *, #2450, .T. ) ;
#1713 = EDGE_CURVE ( 'NONE', #564, #1186, #2304, .T. ) ;
#1714 = SURFACE_SIDE_STYLE ('',( #646 ) ) ;
#1715 = EDGE_CURVE ( 'NONE', #1998, #1679, #343, .T. ) ;
#1716 = DIRECTION ( 'NONE',  ( 0.0000000000000000000, -0.9999619230641713100, -0.008726535498373953800 ) ) ;
#1717 = CARTESIAN_POINT ( 'NONE',  ( -33.98502875369035800, -0.6000000000000000900, -19.43423208014557000 ) ) ;
#1718 =( LENGTH_UNIT ( ) NAMED_UNIT ( * ) SI_UNIT ( .MILLI., .METRE. ) );
#1719 = AXIS2_PLACEMENT_3D ( 'NONE', #782, #793, #2151 ) ;
#1720 = AXIS2_PLACEMENT_3D ( 'NONE', #2315, #1145, #2519 ) ;
#1721 = LINE ( 'NONE', #1589, #952 ) ;
#1722 = VECTOR ( 'NONE', #1159, 1000.000000000000000 ) ;
#1723 = FACE_OUTER_BOUND ( 'NONE', #104, .T. ) ;
#1724 = LINE ( 'NONE', #1091, #2244 ) ;
#1725 = ORIENTED_EDGE ( 'NONE', *, *, #144, .T. ) ;
#1726 = DIRECTION ( 'NONE',  ( 1.000000000000000000, 0.0000000000000000000, 0.0000000000000000000 ) ) ;
#1727 = CARTESIAN_POINT ( 'NONE',  ( -37.89415610014051300, 3.200000000000000200, -12.59383544255398100 ) ) ;
#1728 = SPHERICAL_SURFACE ( 'NONE', #1742, 0.1000000000000000100 ) ;
#1729 = LINE ( 'NONE', #2053, #2187 ) ;
#1730 = CARTESIAN_POINT ( 'NONE',  ( -43.47415610014051900, 3.200000000000000200, -12.84383544255398100 ) ) ;
#1731 = DIRECTION ( 'NONE',  ( -1.000000000000000000, 0.0000000000000000000, 2.775557561562888800E-014 ) ) ;
#1732 = EDGE_CURVE ( 'NONE', #1523, #1093, #1787, .T. ) ;
#1733 = DIRECTION ( 'NONE',  ( 0.0000000000000000000, 1.000000000000000000, -3.469446951953614200E-014 ) ) ;
#1734 = UNCERTAINTY_MEASURE_WITH_UNIT (LENGTH_MEASURE( 1.000000000000000100E-005 ), #1490, 'distance_accuracy_value', 'NONE');
#1735 = VECTOR ( 'NONE', #541, 1000.000000000000000 ) ;
#1736 = ORIENTED_EDGE ( 'NONE', *, *, #926, .F. ) ;
#1737 = CARTESIAN_POINT ( 'NONE',  ( -55.28327960552288500, -0.1000000000000000100, -10.24034850327624800 ) ) ;
#1738 = DIRECTION ( 'NONE',  ( 0.0000000000000000000, 1.000000000000000000, 0.0000000000000000000 ) ) ;
#1739 = VERTEX_POINT ( 'NONE', #1079 ) ;
#1740 = VERTEX_POINT ( 'NONE', #97 ) ;
#1741 = DIRECTION ( 'NONE',  ( -2.775557561562888800E-014, 0.0000000000000000000, -1.000000000000000000 ) ) ;
#1742 = AXIS2_PLACEMENT_3D ( 'NONE', #1856, #2052, #2064 ) ;
#1743 = AXIS2_PLACEMENT_3D ( 'NONE', #2468, #110, #1485 ) ;
#1744 = CARTESIAN_POINT ( 'NONE',  ( -54.88415610014052200, -0.09999999999999999200, -19.33859551404095000 ) ) ;
#1745 = ORIENTED_EDGE ( 'NONE', *, *, #642, .T. ) ;
#1746 = ORIENTED_EDGE ( 'NONE', *, *, #965, .F. ) ;
#1747 = ORIENTED_EDGE ( 'NONE', *, *, #224, .F. ) ;
#1748 = CARTESIAN_POINT ( 'NONE',  ( -33.58503640245176300, -0.1008726535498374300, -10.24034850327625000 ) ) ;
#1749 = CARTESIAN_POINT ( 'NONE',  ( -33.98415610014052400, 0.0000000000000000000, -19.33859551404095400 ) ) ;
#1750 = VERTEX_POINT ( 'NONE', #298 ) ;
#1751 = EDGE_CURVE ( 'NONE', #854, #1971, #1265, .T. ) ;
#1752 = CARTESIAN_POINT ( 'NONE',  ( 0.0000000000000000000, -11.10000000000000000, 0.0000000000000000000 ) ) ;
#1753 = DIRECTION ( 'NONE',  ( 0.0000000000000000000, 1.000000000000000000, -0.0000000000000000000 ) ) ;
#1754 = DIRECTION ( 'NONE',  ( -0.0000000000000000000, -1.000000000000000000, -0.0000000000000000000 ) ) ;
#1755 = DIRECTION ( 'NONE',  ( -0.008726203243944250300, 0.9999238504775704900, 0.008726203243944238200 ) ) ;
#1756 = CARTESIAN_POINT ( 'NONE',  ( -33.68580467445718100, -0.1893442240500185500, -10.14112439066882800 ) ) ;
#1757 = FACE_OUTER_BOUND ( 'NONE', #569, .T. ) ;
#1758 = AXIS2_PLACEMENT_3D ( 'NONE', #251, #1628, #1820 ) ;
#1759 = CIRCLE ( 'NONE', #1101, 0.1000000000000028600 ) ;
#1760 = DIRECTION ( 'NONE',  ( 0.0000000000000000000, 1.000000000000000000, 0.0000000000000000000 ) ) ;
#1761 = CARTESIAN_POINT ( 'NONE',  ( -55.18815674660361700, -11.00000000000000200, -10.33547136219552000 ) ) ;
#1762 = CIRCLE ( 'NONE', #2036, 0.09999999999999939500 ) ;
#1763 = CARTESIAN_POINT ( 'NONE',  ( -48.05415610014016900, -0.5000000000000000000, 1.333770763282674700E-012 ) ) ;
#1764 = ORIENTED_EDGE ( 'NONE', *, *, #2115, .T. ) ;
#1765 = SPHERICAL_SURFACE ( 'NONE', #2344, 0.1000000000000000100 ) ;
#1766 = VERTEX_POINT ( 'NONE', #1861 ) ;
#1767 = DIRECTION ( 'NONE',  ( -1.000000000000000000, -0.0000000000000000000, 0.0000000000000000000 ) ) ;
#1768 = DIRECTION ( 'NONE',  ( -1.000000000000000000, -0.0000000000000000000, -0.0000000000000000000 ) ) ;
#1769 = EDGE_LOOP ( 'NONE', ( #655, #2284, #1543, #1425, #1948 ) ) ;
#1770 = ORIENTED_EDGE ( 'NONE', *, *, #2362, .T. ) ;
#1771 = EDGE_CURVE ( 'NONE', #976, #1850, #1208, .T. ) ;
#1772 = ORIENTED_EDGE ( 'NONE', *, *, #209, .T. ) ;
#1773 = CARTESIAN_POINT ( 'NONE',  ( 0.0000000000000000000, 3.200000000000000200, 0.0000000000000000000 ) ) ;
#1774 = ORIENTED_EDGE ( 'NONE', *, *, #1630, .F. ) ;
#1775 = AXIS2_PLACEMENT_3D ( 'NONE', #316, #714, #2078 ) ;
#1776 = PRESENTATION_LAYER_ASSIGNMENT (  '', '', ( #1249 ) ) ;
#1777 = CARTESIAN_POINT ( 'NONE',  ( -33.58503259475818200, -0.1000000000000000100, -10.24034850327625000 ) ) ;
#1778 = ORIENTED_EDGE ( 'NONE', *, *, #1569, .F. ) ;
#1779 = CARTESIAN_POINT ( 'NONE',  ( -33.98502875369035800, -0.6000000000000000900, -19.43423208014557000 ) ) ;
#1780 = DIRECTION ( 'NONE',  ( -1.000000000000000000, -0.0000000000000000000, 0.0000000000000000000 ) ) ;
#1781 = FACE_OUTER_BOUND ( 'NONE', #2004, .T. ) ;
#1782 = AXIS2_PLACEMENT_3D ( 'NONE', #414, #1780, #607 ) ;
#1783 = DIRECTION ( 'NONE',  ( 1.586114875612186900E-017, 0.9999619230641714200, 0.008726535498373917300 ) ) ;
#1784 = EDGE_CURVE ( 'NONE', #1095, #1034, #1724, .T. ) ;
#1785 = CYLINDRICAL_SURFACE ( 'NONE', #1593, 0.1000000000000028600 ) ;
#1786 = LINE ( 'NONE', #775, #1264 ) ;
#1787 = CIRCLE ( 'NONE', #1248, 0.09999999999999939500 ) ;
#1788 = FACE_OUTER_BOUND ( 'NONE', #508, .T. ) ;
#1789 = DIRECTION ( 'NONE',  ( -1.000000000000000000, 0.0000000000000000000, 0.0000000000000000000 ) ) ;
#1790 = FACE_OUTER_BOUND ( 'NONE', #1851, .T. ) ;
#1791 = EDGE_CURVE ( 'NONE', #693, #1430, #221, .T. ) ;
#1792 = CARTESIAN_POINT ( 'NONE',  ( -33.78015545367745900, -11.00000000000000200, -10.33547136219552000 ) ) ;
#1793 = ORIENTED_EDGE ( 'NONE', *, *, #951, .F. ) ;
#1794 = DIRECTION ( 'NONE',  ( -0.9999619230641712000, -0.008726535498373900000, 0.0000000000000000000 ) ) ;
#1795 = AXIS2_PLACEMENT_3D ( 'NONE', #1438, #660, #1831 ) ;
#1796 = VERTEX_POINT ( 'NONE', #1103 ) ;
#1797 = CARTESIAN_POINT ( 'NONE',  ( -42.97415610014016400, 3.200000000000000200, 1.192772439155279900E-012 ) ) ;
#1798 = EDGE_LOOP ( 'NONE', ( #1032, #2495, #2264, #1448 ) ) ;
#1799 = ORIENTED_EDGE ( 'NONE', *, *, #2290, .T. ) ;
#1800 = CARTESIAN_POINT ( 'NONE',  ( 0.0000000000000000000, 3.200000000000000200, 0.0000000000000000000 ) ) ;
#1801 = AXIS2_PLACEMENT_3D ( 'NONE', #2088, #922, #1124 ) ;
#1802 = AXIS2_PLACEMENT_3D ( 'NONE', #2246, #1066, #2443 ) ;
#1803 = ORIENTED_EDGE ( 'NONE', *, *, #1652, .F. ) ;
#1804 = CARTESIAN_POINT ( 'NONE',  ( 0.0000000000000000000, -0.5000000000000000000, -12.59383544255398100 ) ) ;
#1805 = CARTESIAN_POINT ( 'NONE',  ( 0.0000000000000000000, 3.200000000000000200, -12.84383544255398100 ) ) ;
#1806 = ORIENTED_EDGE ( 'NONE', *, *, #72, .F. ) ;
#1807 = CARTESIAN_POINT ( 'NONE',  ( 0.0000000000000000000, 3.200000000000000200, 0.0000000000000000000 ) ) ;
#1808 = EDGE_CURVE ( 'NONE', #78, #413, #2181, .T. ) ;
#1809 = CIRCLE ( 'NONE', #360, 0.09999999999999996400 ) ;
#1810 = CARTESIAN_POINT ( 'NONE',  ( -55.18815674660361700, -11.00087265354983900, -10.23547516988910300 ) ) ;
#1811 = CARTESIAN_POINT ( 'NONE',  ( -33.68414467807459500, 0.001745174200432971400, -19.33948343072454500 ) ) ;
#1812 = SURFACE_STYLE_FILL_AREA ( #959 ) ;
#1813 = COLOUR_RGB ( '',0.2509803921568627400, 0.2509803921568627400, 0.2509803921568627400 ) ;
#1814 = SHAPE_DEFINITION_REPRESENTATION ( #486, #1085 ) ;
#1815 = VECTOR ( 'NONE', #777, 1000.000000000000000 ) ;
#1816 = AXIS2_PLACEMENT_3D ( 'NONE', #1993, #241, #838 ) ;
#1817 = EDGE_LOOP ( 'NONE', ( #533, #112, #420, #1096 ) ) ;
#1818 = VECTOR ( 'NONE', #634, 1000.000000000000000 ) ;
#1819 = ORIENTED_EDGE ( 'NONE', *, *, #1038, .F. ) ;
#1820 = DIRECTION ( 'NONE',  ( -0.9999619230641712000, -0.008726535498373764700, 0.0000000000000000000 ) ) ;
#1821 = CARTESIAN_POINT ( 'NONE',  ( -40.93415610014052000, -0.5000000000000000000, -12.84383544255398100 ) ) ;
#1822 = ORIENTED_EDGE ( 'NONE', *, *, #1959, .T. ) ;
#1823 = DIRECTION ( 'NONE',  ( 2.775557561562888800E-014, 0.0000000000000000000, 1.000000000000000000 ) ) ;
#1824 = EDGE_LOOP ( 'NONE', ( #1481, #2543, #890, #1058 ) ) ;
#1825 = VERTEX_POINT ( 'NONE', #514 ) ;
#1826 = ORIENTED_EDGE ( 'NONE', *, *, #1834, .T. ) ;
#1827 = ADVANCED_FACE ( 'NONE', ( #88 ), #1300, .T. ) ;
#1828 = SURFACE_STYLE_USAGE ( .BOTH. , #453 ) ;
#1829 = CARTESIAN_POINT ( 'NONE',  ( -55.28327960552290000, 0.0000000000000000000, -8.249565846080895900E-014 ) ) ;
#1830 = ADVANCED_FACE ( 'NONE', ( #1144 ), #1604, .T. ) ;
#1831 = DIRECTION ( 'NONE',  ( -1.000000000000000000, 0.0000000000000000000, 7.461176240760240000E-016 ) ) ;
#1832 = ADVANCED_FACE ( 'NONE', ( #557 ), #121, .F. ) ;
#1833 = SPHERICAL_SURFACE ( 'NONE', #1391, 0.1000000000000000100 ) ;
#1834 = EDGE_CURVE ( 'NONE', #1674, #600, #34, .T. ) ;
#1835 = LINE ( 'NONE', #1211, #812 ) ;
#1836 = VECTOR ( 'NONE', #1726, 1000.000000000000000 ) ;
#1837 = LINE ( 'NONE', #1274, #1387 ) ;
#1838 = ORIENTED_EDGE ( 'NONE', *, *, #788, .F. ) ;
#1839 = EDGE_CURVE ( 'NONE', #1739, #1740, #1075, .T. ) ;
#1840 = LINE ( 'NONE', #266, #2308 ) ;
#1841 = CIRCLE ( 'NONE', #1538, 0.09999999999999939500 ) ;
#1842 = ADVANCED_FACE ( 'NONE', ( #2114 ), #1537, .T. ) ;
#1843 = EDGE_LOOP ( 'NONE', ( #2200, #1325, #944, #1637 ) ) ;
#1844 = AXIS2_PLACEMENT_3D ( 'NONE', #364, #1738, #1928 ) ;
#1845 = CYLINDRICAL_SURFACE ( 'NONE', #1989, 0.09999999999999939500 ) ;
#1846 = ADVANCED_FACE ( 'NONE', ( #228 ), #118, .T. ) ;
#1847 = ORIENTED_EDGE ( 'NONE', *, *, #1292, .T. ) ;
#1848 = DIRECTION ( 'NONE',  ( 0.0000000000000000000, 1.000000000000000000, -0.0000000000000000000 ) ) ;
#1849 = VERTEX_POINT ( 'NONE', #930 ) ;
#1850 = VERTEX_POINT ( 'NONE', #2297 ) ;
#1851 = EDGE_LOOP ( 'NONE', ( #1620, #814, #830, #2023 ) ) ;
#1852 = EDGE_CURVE ( 'NONE', #854, #1739, #2153, .T. ) ;
#1853 = DIRECTION ( 'NONE',  ( 0.0000000000000000000, -1.000000000000000000, 0.0000000000000000000 ) ) ;
#1854 = ADVANCED_FACE ( 'NONE', ( #2049 ), #2502, .T. ) ;
#1855 = CARTESIAN_POINT ( 'NONE',  ( 0.0000000000000000000, -0.5000000000000000000, -12.59383544255398100 ) ) ;
#1856 = CARTESIAN_POINT ( 'NONE',  ( -55.28327960552288500, -0.1000000000000000100, -10.24034850327624800 ) ) ;
#1857 = ORIENTED_EDGE ( 'NONE', *, *, #700, .T. ) ;
#1858 = ADVANCED_FACE ( 'NONE', ( #1965 ), #1904, .T. ) ;
#1859 = DIRECTION ( 'NONE',  ( -2.775557561562888800E-014, 0.0000000000000000000, -1.000000000000000000 ) ) ;
#1860 = ORIENTED_EDGE ( 'NONE', *, *, #1292, .F. ) ;
#1861 = CARTESIAN_POINT ( 'NONE',  ( -33.58503259475818900, -0.1000000000000000300, -19.33859551404095000 ) ) ;
#1862 = DIRECTION ( 'NONE',  ( 0.0000000000000000000, 0.0000000000000000000, 1.000000000000000000 ) ) ;
#1863 = CARTESIAN_POINT ( 'NONE',  ( -54.88415610014052200, -0.5000000000000000000, -10.24471193717162800 ) ) ;
#1864 = EDGE_CURVE ( 'NONE', #1750, #2385, #2424, .T. ) ;
#1865 = LINE ( 'NONE', #1584, #2395 ) ;
#1866 = VECTOR ( 'NONE', #2514, 1000.000000000000000 ) ;
#1867 = VECTOR ( 'NONE', #769, 1000.000000000000000 ) ;
#1868 = DIRECTION ( 'NONE',  ( -2.775557561562888800E-014, 0.0000000000000000000, -1.000000000000000000 ) ) ;
#1869 = AXIS2_PLACEMENT_3D ( 'NONE', #108, #1114, #2485 ) ;
#1870 = CARTESIAN_POINT ( 'NONE',  ( -42.97415610014051900, 3.200000000000000200, -12.84383544255398100 ) ) ;
#1871 = DIRECTION ( 'NONE',  ( 0.0000000000000000000, -0.0000000000000000000, 1.000000000000000000 ) ) ;
#1872 = ORIENTED_EDGE ( 'NONE', *, *, #1393, .T. ) ;
#1873 = DIRECTION ( 'NONE',  ( -1.000000000000000000, -0.0000000000000000000, -0.0000000000000000000 ) ) ;
#1874 = CARTESIAN_POINT ( 'NONE',  ( -54.98328344659069000, -0.6000000000000000900, -19.43423208014557000 ) ) ;
#1875 = FACE_OUTER_BOUND ( 'NONE', #134, .T. ) ;
#1876 = ORIENTED_EDGE ( 'NONE', *, *, #819, .T. ) ;
#1877 = CARTESIAN_POINT ( 'NONE',  ( -55.28815293891003100, -11.00087265354983900, -10.23634024113602300 ) ) ;
#1878 = AXIS2_PLACEMENT_3D ( 'NONE', #644, #2415, #1244 ) ;
#1879 = VERTEX_POINT ( 'NONE', #946 ) ;
#1880 = VERTEX_POINT ( 'NONE', #2314 ) ;
#1881 = ORIENTED_EDGE ( 'NONE', *, *, #605, .F. ) ;
#1882 = CARTESIAN_POINT ( 'NONE',  ( -55.28327960552287100, -0.1000000000000000300, -19.33859551404095000 ) ) ;
#1883 = EDGE_LOOP ( 'NONE', ( #436, #2476, #28, #290 ) ) ;
#1884 = DIRECTION ( 'NONE',  ( -1.000000000000000000, -0.0000000000000000000, -0.0000000000000000000 ) ) ;
#1885 = EDGE_LOOP ( 'NONE', ( #1364, #1247, #2125 ) ) ;
#1886 = DIRECTION ( 'NONE',  ( 1.000000000000000000, 0.0000000000000000000, -0.0000000000000000000 ) ) ;
#1887 = SURFACE_STYLE_USAGE ( .BOTH. , #516 ) ;
#1888 = CARTESIAN_POINT ( 'NONE',  ( 0.0000000000000000000, -0.5000000000000000000, -12.84383544255398100 ) ) ;
#1889 = CARTESIAN_POINT ( 'NONE',  ( -40.93415610014052000, 3.200000000000000200, 0.0000000000000000000 ) ) ;
#1890 = EDGE_CURVE ( 'NONE', #1701, #564, #869, .T. ) ;
#1891 = ORIENTED_EDGE ( 'NONE', *, *, #1415, .F. ) ;
#1892 = DIRECTION ( 'NONE',  ( 0.0000000000000000000, 0.0000000000000000000, -1.000000000000000000 ) ) ;
#1893 = DIRECTION ( 'NONE',  ( -1.000000000000000000, -0.0000000000000000000, -0.0000000000000000000 ) ) ;
#1894 = DIRECTION ( 'NONE',  ( 0.0000000000000000000, -0.008726535498373953800, -0.9999619230641713100 ) ) ;
#1895 = DIRECTION ( 'NONE',  ( -0.0000000000000000000, -1.000000000000000000, -0.0000000000000000000 ) ) ;
#1896 = AXIS2_PLACEMENT_3D ( 'NONE', #1882, #2071, #2483 ) ;
#1897 = MECHANICAL_DESIGN_GEOMETRIC_PRESENTATION_REPRESENTATION (  '', ( #1249 ), #2019 ) ;
#1898 = DIRECTION ( 'NONE',  ( 0.0000000000000000000, -0.0000000000000000000, 1.000000000000000000 ) ) ;
#1899 = EDGE_CURVE ( 'NONE', #1920, #292, #1386, .T. ) ;
#1900 = VECTOR ( 'NONE', #1859, 1000.000000000000000 ) ;
#1901 = DIRECTION ( 'NONE',  ( 1.000000000000000000, 0.0000000000000000000, -0.0000000000000000000 ) ) ;
#1902 = CARTESIAN_POINT ( 'NONE',  ( -54.92511153905379500, -0.5418258773707824700, -19.43423208014557000 ) ) ;
#1903 = FACE_OUTER_BOUND ( 'NONE', #938, .T. ) ;
#1904 = CYLINDRICAL_SURFACE ( 'NONE', #1059, 0.1000000000000028600 ) ;
#1905 = FACE_OUTER_BOUND ( 'NONE', #1156, .T. ) ;
#1906 = DIRECTION ( 'NONE',  ( 1.000000000000000000, 0.0000000000000000000, 0.0000000000000000000 ) ) ;
#1907 = LINE ( 'NONE', #862, #407 ) ;
#1908 = VECTOR ( 'NONE', #1094, 1000.000000000000000 ) ;
#1909 = ORIENTED_EDGE ( 'NONE', *, *, #1226, .F. ) ;
#1910 = CYLINDRICAL_SURFACE ( 'NONE', #452, 0.09999999999999996400 ) ;
#1911 =( LENGTH_UNIT ( ) NAMED_UNIT ( * ) SI_UNIT ( .MILLI., .METRE. ) );
#1912 = CARTESIAN_POINT ( 'NONE',  ( 0.0000000000000000000, 3.200000000000000200, -12.59383544255398100 ) ) ;
#1913 = LINE ( 'NONE', #1877, #1397 ) ;
#1914 = AXIS2_PLACEMENT_3D ( 'NONE', #1204, #23, #1399 ) ;
#1915 = EDGE_CURVE ( 'NONE', #1250, #446, #1441, .T. ) ;
#1916 = DIRECTION ( 'NONE',  ( 1.000000000000000000, 0.0000000000000000000, 0.0000000000000000000 ) ) ;
#1917 =( NAMED_UNIT ( * ) SI_UNIT ( $, .STERADIAN. ) SOLID_ANGLE_UNIT ( ) );
#1918 = EDGE_LOOP ( 'NONE', ( #1554, #949, #603, #2065 ) ) ;
#1919 = VERTEX_POINT ( 'NONE', #1338 ) ;
#1920 = VERTEX_POINT ( 'NONE', #765 ) ;
#1921 = DIRECTION ( 'NONE',  ( 0.0000000000000000000, -0.0000000000000000000, 1.000000000000000000 ) ) ;
#1922 = EDGE_CURVE ( 'NONE', #165, #238, #2186, .T. ) ;
#1923 = DIRECTION ( 'NONE',  ( -0.0000000000000000000, -1.000000000000000000, -0.0000000000000000000 ) ) ;
#1924 = CARTESIAN_POINT ( 'NONE',  ( -55.38415610014052200, -0.6008726535498374300, -19.43422827245198900 ) ) ;
#1925 = EDGE_LOOP ( 'NONE', ( #2469, #504, #52 ) ) ;
#1926 = AXIS2_PLACEMENT_3D ( 'NONE', #865, #76, #2028 ) ;
#1927 = DIRECTION ( 'NONE',  ( 0.0000000000000000000, 0.0000000000000000000, 1.000000000000000000 ) ) ;
#1928 = DIRECTION ( 'NONE',  ( 1.000000000000000000, 0.0000000000000000000, 0.0000000000000000000 ) ) ;
#1929 = CARTESIAN_POINT ( 'NONE',  ( 0.0000000000000000000, 0.0000000000000000000, -10.24034850327625000 ) ) ;
#1930 = CARTESIAN_POINT ( 'NONE',  ( -55.18815674660361700, -11.00000000000000200, -10.33547136219552000 ) ) ;
#1931 = AXIS2_PLACEMENT_3D ( 'NONE', #1807, #40, #2208 ) ;
#1932 = CARTESIAN_POINT ( 'NONE',  ( -54.98328344659069000, -0.6000000000000000900, -10.14471193717162800 ) ) ;
#1933 = VECTOR ( 'NONE', #397, 1000.000000000000100 ) ;
#1934 = VECTOR ( 'NONE', #553, 1000.000000000000000 ) ;
#1935 = LINE ( 'NONE', #2137, #311 ) ;
#1936 = DIRECTION ( 'NONE',  ( 0.0000000000000000000, 0.0000000000000000000, 1.000000000000000000 ) ) ;
#1937 = CARTESIAN_POINT ( 'NONE',  ( -38.39415610014052000, 3.200000000000000200, 0.0000000000000000000 ) ) ;
#1938 = EDGE_CURVE ( 'NONE', #2198, #1850, #404, .T. ) ;
#1939 = ORIENTED_EDGE ( 'NONE', *, *, #630, .F. ) ;
#1940 = FACE_OUTER_BOUND ( 'NONE', #1307, .T. ) ;
#1941 = ORIENTED_EDGE ( 'NONE', *, *, #80, .T. ) ;
#1942 = ORIENTED_EDGE ( 'NONE', *, *, #184, .F. ) ;
#1943 = ORIENTED_EDGE ( 'NONE', *, *, #347, .F. ) ;
#1944 = ORIENTED_EDGE ( 'NONE', *, *, #427, .F. ) ;
#1945 = AXIS2_PLACEMENT_3D ( 'NONE', #1752, #571, #1936 ) ;
#1946 = AXIS2_PLACEMENT_3D ( 'NONE', #2406, #1235, #54 ) ;
#1947 = ORIENTED_EDGE ( 'NONE', *, *, #2070, .F. ) ;
#1948 = ORIENTED_EDGE ( 'NONE', *, *, #1715, .F. ) ;
#1949 = VERTEX_POINT ( 'NONE', #963 ) ;
#1950 = CARTESIAN_POINT ( 'NONE',  ( -33.68503259475819100, -0.1000000000000000300, -19.33859551404095000 ) ) ;
#1951 = DIRECTION ( 'NONE',  ( 0.0000000000000000000, 0.008726535498382318600, -0.9999619230641712000 ) ) ;
#1952 = CARTESIAN_POINT ( 'NONE',  ( -48.05415610014051700, -0.5000000000000000000, -12.59383544255398100 ) ) ;
#1953 = ORIENTED_EDGE ( 'NONE', *, *, #1960, .T. ) ;
#1954 = FILL_AREA_STYLE ('',( #580 ) ) ;
#1955 = DIRECTION ( 'NONE',  ( -1.000000000000000000, -0.0000000000000000000, -0.0000000000000000000 ) ) ;
#1956 = DIRECTION ( 'NONE',  ( 0.0000000000000000000, -1.000000000000000000, 0.0000000000000000000 ) ) ;
#1957 = DIRECTION ( 'NONE',  ( 0.0000000000000000000, 1.000000000000000000, 0.0000000000000000000 ) ) ;
#1958 = CARTESIAN_POINT ( 'NONE',  ( -53.44427346570418500, -1.386537167026536500, -19.41737150133112900 ) ) ;
#1959 = EDGE_CURVE ( 'NONE', #2263, #1621, #1786, .T. ) ;
#1960 = EDGE_CURVE ( 'NONE', #438, #2109, #2369, .T. ) ;
#1961 = DIRECTION ( 'NONE',  ( 0.0000000000000000000, 0.0000000000000000000, -1.000000000000000000 ) ) ;
#1962 = VECTOR ( 'NONE', #889, 1000.000000000000000 ) ;
#1963 = CARTESIAN_POINT ( 'NONE',  ( -55.18815674660361700, -11.00000000000000200, -10.33547136219552000 ) ) ;
#1964 = VECTOR ( 'NONE', #2347, 1000.000000000000000 ) ;
#1965 = FACE_OUTER_BOUND ( 'NONE', #1219, .T. ) ;
#1966 = EDGE_LOOP ( 'NONE', ( #485, #883, #49, #999 ) ) ;
#1967 = FACE_OUTER_BOUND ( 'NONE', #1704, .T. ) ;
#1968 = FACE_OUTER_BOUND ( 'NONE', #540, .T. ) ;
#1969 = SURFACE_STYLE_FILL_AREA ( #1062 ) ;
#1970 = LINE ( 'NONE', #1288, #933 ) ;
#1971 = VERTEX_POINT ( 'NONE', #2133 ) ;
#1972 = FACE_OUTER_BOUND ( 'NONE', #1404, .T. ) ;
#1973 = ORIENTED_EDGE ( 'NONE', *, *, #1473, .F. ) ;
#1974 = DIRECTION ( 'NONE',  ( 0.008726203243944231200, 0.9999238504775704900, -0.008726203243944236400 ) ) ;
#1975 = ORIENTED_EDGE ( 'NONE', *, *, #1401, .F. ) ;
#1976 = VECTOR ( 'NONE', #2067, 1000.000000000000000 ) ;
#1977 = EDGE_CURVE ( 'NONE', #1266, #1971, #748, .T. ) ;
#1978 = ORIENTED_EDGE ( 'NONE', *, *, #1599, .F. ) ;
#1979 = AXIS2_PLACEMENT_3D ( 'NONE', #2353, #1184, #982 ) ;
#1980 = AXIS2_PLACEMENT_3D ( 'NONE', #2136, #964, #2332 ) ;
#1981 = ORIENTED_EDGE ( 'NONE', *, *, #1210, .F. ) ;
#1982 = CARTESIAN_POINT ( 'NONE',  ( -35.85415610014052100, -0.5000000000000000000, -12.59383544255398100 ) ) ;
#1983 = ORIENTED_EDGE ( 'NONE', *, *, #682, .T. ) ;
#1984 = DIRECTION ( 'NONE',  ( -1.000000000000000000, 0.0000000000000000000, 0.0000000000000000000 ) ) ;
#1985 = EDGE_CURVE ( 'NONE', #636, #1309, #220, .T. ) ;
#1986 = DIRECTION ( 'NONE',  ( -1.000000000000000000, 0.0000000000000000000, 0.0000000000000000000 ) ) ;
#1987 = UNCERTAINTY_MEASURE_WITH_UNIT (LENGTH_MEASURE( 1.000000000000000100E-005 ), #81, 'distance_accuracy_value', 'NONE');
#1988 = AXIS2_PLACEMENT_3D ( 'NONE', #498, #1098, #899 ) ;
#1989 = AXIS2_PLACEMENT_3D ( 'NONE', #914, #1100, #2077 ) ;
#1990 = VECTOR ( 'NONE', #1755, 1000.000000000000100 ) ;
#1991 = VECTOR ( 'NONE', #1522, 1000.000000000000000 ) ;
#1992 = VECTOR ( 'NONE', #2307, 1000.000000000000000 ) ;
#1993 = CARTESIAN_POINT ( 'NONE',  ( -33.78015545367746600, -11.00000000000000200, -19.24347265512168200 ) ) ;
#1994 = DIRECTION ( 'NONE',  ( -4.065603335208473800E-016, -0.9999619230641713100, 0.008726535498373766400 ) ) ;
#1995 = ORIENTED_EDGE ( 'NONE', *, *, #1131, .F. ) ;
#1996 = CIRCLE ( 'NONE', #778, 0.1000000000000017000 ) ;
#1997 = PLANE ( 'NONE',  #1931 ) ;
#1998 = VERTEX_POINT ( 'NONE', #2143 ) ;
#1999 = EDGE_LOOP ( 'NONE', ( #798, #2259, #2005, #2319 ) ) ;
#2000 = VERTEX_POINT ( 'NONE', #2339 ) ;
#2001 = PRODUCT_DEFINITION ( 'UNKNOWN', '', #2141, #1601 ) ;
#2002 = VERTEX_POINT ( 'NONE', #1176 ) ;
#2003 = CARTESIAN_POINT ( 'NONE',  ( -55.28327960552288500, 0.0000000000000000000, -10.24034850327625000 ) ) ;
#2004 = EDGE_LOOP ( 'NONE', ( #2383, #2320, #1712 ) ) ;
#2005 = ORIENTED_EDGE ( 'NONE', *, *, #1003, .T. ) ;
#2006 = PRESENTATION_LAYER_ASSIGNMENT (  '', '', ( #1486 ) ) ;
#2007 = VERTEX_POINT ( 'NONE', #975 ) ;
#2008 = PLANE ( 'NONE',  #1533 ) ;
#2009 = CARTESIAN_POINT ( 'NONE',  ( 0.0000000000000000000, -0.5000000000000000000, -12.84383544255398100 ) ) ;
#2010 = ORIENTED_EDGE ( 'NONE', *, *, #1072, .T. ) ;
#2011 = EDGE_CURVE ( 'NONE', #2404, #718, #152, .T. ) ;
#2012 = VECTOR ( 'NONE', #1653, 1000.000000000000000 ) ;
#2013 =( NAMED_UNIT ( * ) PLANE_ANGLE_UNIT ( ) SI_UNIT ( $, .RADIAN. ) );
#2014 =( BOUNDED_CURVE ( )  B_SPLINE_CURVE ( 3, ( #1874, #708, #2073, #912 ),
 .UNSPECIFIED., .F., .F. ) 
 B_SPLINE_CURVE_WITH_KNOTS ( ( 4, 4 ),
 ( 1.562069680534919000, 1.570796326794896300 ),
 .UNSPECIFIED. ) 
 CURVE ( )  GEOMETRIC_REPRESENTATION_ITEM ( )  RATIONAL_B_SPLINE_CURVE ( ( 1.000000000000000000, 0.9999936538138229900, 0.9999936538138229900, 1.000000000000000000 ) ) 
 REPRESENTATION_ITEM ( '' )  );
#2015 = CARTESIAN_POINT ( 'NONE',  ( -35.85415610014052100, -0.5000000000000000000, 0.0000000000000000000 ) ) ;
#2016 = ADVANCED_FACE ( 'NONE', ( #674 ), #1564, .F. ) ;
#2017 = VECTOR ( 'NONE', #2148, 1000.000000000000000 ) ;
#2018 = AXIS2_PLACEMENT_3D ( 'NONE', #1314, #133, #1505 ) ;
#2019 =( GEOMETRIC_REPRESENTATION_CONTEXT ( 3 ) GLOBAL_UNCERTAINTY_ASSIGNED_CONTEXT ( ( #280 ) ) GLOBAL_UNIT_ASSIGNED_CONTEXT ( ( #2533, #1354, #176 ) ) REPRESENTATION_CONTEXT ( 'NONE', 'WORKASPACE' ) );
#2020 = CIRCLE ( 'NONE', #551, 0.09999999999999996400 ) ;
#2021 = LINE ( 'NONE', #2426, #992 ) ;
#2022 = CIRCLE ( 'NONE', #359, 0.09999999999999939500 ) ;
#2023 = ORIENTED_EDGE ( 'NONE', *, *, #2440, .F. ) ;
#2024 = CIRCLE ( 'NONE', #2212, 0.09999999999999939500 ) ;
#2025 = ADVANCED_FACE ( 'NONE', ( #1723 ), #617, .T. ) ;
#2026 = ORIENTED_EDGE ( 'NONE', *, *, #2011, .T. ) ;
#2027 = ORIENTED_EDGE ( 'NONE', *, *, #1317, .F. ) ;
#2028 = DIRECTION ( 'NONE',  ( 0.0000000000000000000, -0.008726535498373494100, -0.9999619230641712000 ) ) ;
#2029 = VECTOR ( 'NONE', #940, 1000.000000000000000 ) ;
#2030 = ORIENTED_EDGE ( 'NONE', *, *, #31, .T. ) ;
#2031 = EDGE_CURVE ( 'NONE', #824, #762, #2243, .T. ) ;
#2032 = ADVANCED_FACE ( 'NONE', ( #2113 ), #2550, .T. ) ;
#2033 = DIRECTION ( 'NONE',  ( 1.492235248152092000E-015, -0.0000000000000000000, -1.000000000000000000 ) ) ;
#2034 = ORIENTED_EDGE ( 'NONE', *, *, #2491, .T. ) ;
#2035 = CARTESIAN_POINT ( 'NONE',  ( -33.68503259475819100, -0.1000000000000000100, -19.33859551404095400 ) ) ;
#2036 = AXIS2_PLACEMENT_3D ( 'NONE', #2184, #1015, #2387 ) ;
#2037 = EDGE_CURVE ( 'NONE', #1627, #1849, #1657, .T. ) ;
#2038 = ADVANCED_FACE ( 'NONE', ( #1143 ), #593, .F. ) ;
#2039 = ORIENTED_EDGE ( 'NONE', *, *, #2224, .T. ) ;
#2040 = DIRECTION ( 'NONE',  ( -0.0000000000000000000, 0.9999619230641713100, -0.008726535498373953800 ) ) ;
#2041 = CARTESIAN_POINT ( 'NONE',  ( -33.78015545367746600, -11.10000000000000000, -19.24347265512168200 ) ) ;
#2042 = CARTESIAN_POINT ( 'NONE',  ( -35.35415610014052100, 3.200000000000000200, -12.84383544255398100 ) ) ;
#2043 = EDGE_CURVE ( 'NONE', #1488, #387, #1074, .T. ) ;
#2044 = ADVANCED_FACE ( 'NONE', ( #2048 ), #665, .T. ) ;
#2045 = CARTESIAN_POINT ( 'NONE',  ( 0.0000000000000000000, 3.200000000000000200, -12.59383544255398100 ) ) ;
#2046 = PRESENTATION_LAYER_ASSIGNMENT (  '', '', ( #1666 ) ) ;
#2047 = CYLINDRICAL_SURFACE ( 'NONE', #230, 0.09999999999999939500 ) ;
#2048 = FACE_OUTER_BOUND ( 'NONE', #1626, .T. ) ;
#2049 = FACE_OUTER_BOUND ( 'NONE', #2160, .T. ) ;
#2050 = CARTESIAN_POINT ( 'NONE',  ( -34.08415610014052500, -0.6000000000000000900, -19.33423208014557200 ) ) ;
#2051 = ADVANCED_FACE ( 'NONE', ( #33 ), #528, .T. ) ;
#2052 = DIRECTION ( 'NONE',  ( 0.0000000000000000000, 1.000000000000000000, 0.0000000000000000000 ) ) ;
#2053 = CARTESIAN_POINT ( 'NONE',  ( -54.98415610014052400, 7.760348364888322500E-017, -10.13947200865860100 ) ) ;
#2054 = CYLINDRICAL_SURFACE ( 'NONE', #243, 0.1000000000000017000 ) ;
#2055 = VECTOR ( 'NONE', #2291, 1000.000000000000000 ) ;
#2056 = AXIS2_PLACEMENT_3D ( 'NONE', #335, #535, #1901 ) ;
#2057 = AXIS2_PLACEMENT_3D ( 'NONE', #484, #1853, #684 ) ;
#2058 = CARTESIAN_POINT ( 'NONE',  ( -55.28327960552287100, -0.1000000000000000300, -19.33859551404095000 ) ) ;
#2059 = ORIENTED_EDGE ( 'NONE', *, *, #1784, .T. ) ;
#2060 = CIRCLE ( 'NONE', #503, 0.1000000000000028600 ) ;
#2061 = DIRECTION ( 'NONE',  ( 1.000000000000000000, 0.0000000000000000000, 0.0000000000000000000 ) ) ;
#2062 = ORIENTED_EDGE ( 'NONE', *, *, #1335, .F. ) ;
#2063 = EDGE_LOOP ( 'NONE', ( #1819, #1083, #971 ) ) ;
#2064 = DIRECTION ( 'NONE',  ( 1.000000000000000000, 0.0000000000000000000, 0.0000000000000000000 ) ) ;
#2065 = ORIENTED_EDGE ( 'NONE', *, *, #1056, .T. ) ;
#2066 = ORIENTED_EDGE ( 'NONE', *, *, #150, .T. ) ;
#2067 = DIRECTION ( 'NONE',  ( 7.461176240760459900E-016, -0.0000000000000000000, 1.000000000000000000 ) ) ;
#2068 = ORIENTED_EDGE ( 'NONE', *, *, #1008, .T. ) ;
#2069 = ORIENTED_EDGE ( 'NONE', *, *, #215, .F. ) ;
#2070 = EDGE_CURVE ( 'NONE', #443, #1796, #556, .T. ) ;
#2071 = DIRECTION ( 'NONE',  ( 0.0000000000000000000, 1.000000000000000000, 0.0000000000000000000 ) ) ;
#2072 = DIRECTION ( 'NONE',  ( 0.0000000000000000000, 0.0000000000000000000, 1.000000000000000000 ) ) ;
#2073 = CARTESIAN_POINT ( 'NONE',  ( -54.98386521100883300, -0.6005817754943174600, -19.43423081090631800 ) ) ;
#2074 = VERTEX_POINT ( 'NONE', #479 ) ;
#2075 = AXIS2_PLACEMENT_3D ( 'NONE', #770, #2138, #1174 ) ;
#2076 = AXIS2_PLACEMENT_3D ( 'NONE', #2205, #1624, #439 ) ;
#2077 = DIRECTION ( 'NONE',  ( 0.0000000000000000000, 0.0000000000000000000, 1.000000000000000000 ) ) ;
#2078 = DIRECTION ( 'NONE',  ( 0.0000000000000000000, -0.0000000000000000000, 1.000000000000000000 ) ) ;
#2079 = DIRECTION ( 'NONE',  ( -1.000000000000000000, 0.0000000000000000000, 0.0000000000000000000 ) ) ;
#2080 =( NAMED_UNIT ( * ) PLANE_ANGLE_UNIT ( ) SI_UNIT ( $, .RADIAN. ) );
#2081 = CARTESIAN_POINT ( 'NONE',  ( -55.38327579782929200, -0.1008726535498374300, -19.33859551404095000 ) ) ;
#2082 = LINE ( 'NONE', #50, #1629 ) ;
#2083 = CARTESIAN_POINT ( 'NONE',  ( -51.09415610014052300, -0.5000000000000000000, -12.84383544255398100 ) ) ;
#2084 = EDGE_CURVE ( 'NONE', #547, #100, #2022, .T. ) ;
#2085 = LINE ( 'NONE', #183, #588 ) ;
#2086 = FACE_OUTER_BOUND ( 'NONE', #676, .T. ) ;
#2087 = CARTESIAN_POINT ( 'NONE',  ( 0.0000000000000000000, 3.200000000000000200, -12.84383544255398100 ) ) ;
#2088 = CARTESIAN_POINT ( 'NONE',  ( -33.98415610014052400, -0.1000000000000000100, -10.24034850327624800 ) ) ;
#2089 = FACE_OUTER_BOUND ( 'NONE', #880, .T. ) ;
#2090 = EDGE_CURVE ( 'NONE', #1475, #450, #1536, .T. ) ;
#2091 = EDGE_CURVE ( 'NONE', #165, #2517, #1048, .T. ) ;
#2092 = EDGE_LOOP ( 'NONE', ( #1525, #195, #1367, #1941, #1493, #1160 ) ) ;
#2093 = CARTESIAN_POINT ( 'NONE',  ( -40.93415610014052000, 3.200000000000000200, -12.59383544255398100 ) ) ;
#2094 = VECTOR ( 'NONE', #1692, 1000.000000000000000 ) ;
#2095 = ORIENTED_EDGE ( 'NONE', *, *, #1922, .T. ) ;
#2096 = ORIENTED_EDGE ( 'NONE', *, *, #1899, .T. ) ;
#2097 = ORIENTED_EDGE ( 'NONE', *, *, #240, .F. ) ;
#2098 = CARTESIAN_POINT ( 'NONE',  ( -55.28728786766310300, -11.00087265354983900, -19.34346884742809900 ) ) ;
#2099 = EDGE_LOOP ( 'NONE', ( #2030, #2472, #1725, #1552 ) ) ;
#2100 = CARTESIAN_POINT ( 'NONE',  ( -48.05415610014052400, 3.200000000000000200, -12.84383544255398100 ) ) ;
#2101 = EDGE_CURVE ( 'NONE', #1034, #767, #9, .T. ) ;
#2102 =( NAMED_UNIT ( * ) SI_UNIT ( $, .STERADIAN. ) SOLID_ANGLE_UNIT ( ) );
#2103 = ORIENTED_EDGE ( 'NONE', *, *, #1003, .F. ) ;
#2104 = CARTESIAN_POINT ( 'NONE',  ( -43.47415610014051900, -0.5000000000000000000, 0.0000000000000000000 ) ) ;
#2105 = CARTESIAN_POINT ( 'NONE',  ( -55.38415610014052200, 0.0000000000000000000, -19.43947200865860100 ) ) ;
#2106 = AXIS2_PLACEMENT_3D ( 'NONE', #1773, #1957, #801 ) ;
#2107 = AXIS2_PLACEMENT_3D ( 'NONE', #768, #1350, #173 ) ;
#2108 = CARTESIAN_POINT ( 'NONE',  ( -55.18815674660360300, -11.10000000000000000, -19.34260377618117800 ) ) ;
#2109 = VERTEX_POINT ( 'NONE', #1080 ) ;
#2110 = PLANE ( 'NONE',  #1720 ) ;
#2111 = CARTESIAN_POINT ( 'NONE',  ( -38.39415610014052000, -0.5000000000000000000, -12.59383544255398100 ) ) ;
#2112 = LINE ( 'NONE', #2144, #1602 ) ;
#2113 = FACE_OUTER_BOUND ( 'NONE', #169, .T. ) ;
#2114 = FACE_OUTER_BOUND ( 'NONE', #2500, .T. ) ;
#2115 = EDGE_CURVE ( 'NONE', #476, #799, #463, .T. ) ;
#2116 = CYLINDRICAL_SURFACE ( 'NONE', #2393, 0.09999999999999939500 ) ;
#2117 = VECTOR ( 'NONE', #2465, 1000.000000000000000 ) ;
#2118 = CYLINDRICAL_SURFACE ( 'NONE', #1672, 0.09999999999999939500 ) ;
#2119 = DIRECTION ( 'NONE',  ( -1.000000000000000000, 0.0000000000000000000, 0.0000000000000000000 ) ) ;
#2120 = ORIENTED_EDGE ( 'NONE', *, *, #2237, .T. ) ;
#2121 = CARTESIAN_POINT ( 'NONE',  ( -33.98415610014052400, -0.1000000000000000100, -10.24034850327625000 ) ) ;
#2122 = LINE ( 'NONE', #2108, #2192 ) ;
#2123 = AXIS2_PLACEMENT_3D ( 'NONE', #1294, #1871, #706 ) ;
#2124 = AXIS2_PLACEMENT_3D ( 'NONE', #1532, #362, #1733 ) ;
#2125 = ORIENTED_EDGE ( 'NONE', *, *, #545, .F. ) ;
#2126 = FILL_AREA_STYLE_COLOUR ( '', #1813 ) ;
#2127 = DIRECTION ( 'NONE',  ( 0.0000000000000000000, 0.0000000000000000000, 1.000000000000000000 ) ) ;
#2128 = EDGE_LOOP ( 'NONE', ( #2544, #171, #579, #440 ) ) ;
#2129 = ORIENTED_EDGE ( 'NONE', *, *, #819, .F. ) ;
#2130 = ORIENTED_EDGE ( 'NONE', *, *, #1959, .F. ) ;
#2131 = CARTESIAN_POINT ( 'NONE',  ( -48.55415610014052400, 3.200000000000000200, 0.0000000000000000000 ) ) ;
#2132 = ORIENTED_EDGE ( 'NONE', *, *, #1915, .T. ) ;
#2133 = CARTESIAN_POINT ( 'NONE',  ( -33.68015545367745700, -11.00000000000000200, -19.24347265512167800 ) ) ;
#2134 = ORIENTED_EDGE ( 'NONE', *, *, #1960, .F. ) ;
#2135 = ORIENTED_EDGE ( 'NONE', *, *, #264, .F. ) ;
#2136 = CARTESIAN_POINT ( 'NONE',  ( -53.44427346570418500, -1.729935767498957700, -19.42437508792913200 ) ) ;
#2137 = CARTESIAN_POINT ( 'NONE',  ( -53.13415610014016700, 3.200000000000000200, 1.474769087410069400E-012 ) ) ;
#2138 = DIRECTION ( 'NONE',  ( 0.0000000000000000000, 1.000000000000000000, 0.0000000000000000000 ) ) ;
#2139 = PLANE ( 'NONE',  #138 ) ;
#2140 = ORIENTED_EDGE ( 'NONE', *, *, #2230, .F. ) ;
#2141 = PRODUCT_DEFINITION_FORMATION_WITH_SPECIFIED_SOURCE ( 'ANY', '', #1302, .NOT_KNOWN. ) ;
#2142 = CARTESIAN_POINT ( 'NONE',  ( -34.08415610014052500, -0.5000000000000000000, -10.24383925039255200 ) ) ;
#2143 = CARTESIAN_POINT ( 'NONE',  ( -33.98415610014052400, -0.1008726535498373900, -10.14035231096983100 ) ) ;
#2144 = CARTESIAN_POINT ( 'NONE',  ( -48.55415610014052400, 3.200000000000000200, -12.84383544255398100 ) ) ;
#2145 = ORIENTED_EDGE ( 'NONE', *, *, #1072, .F. ) ;
#2146 = CARTESIAN_POINT ( 'NONE',  ( -33.98502875369035800, -0.6000000000000000900, -10.14471193717162800 ) ) ;
#2147 = DIRECTION ( 'NONE',  ( 0.0000000000000000000, -0.008726535498373953800, -0.9999619230641713100 ) ) ;
#2148 = DIRECTION ( 'NONE',  ( -0.0000000000000000000, -1.000000000000000000, -0.0000000000000000000 ) ) ;
#2149 = CARTESIAN_POINT ( 'NONE',  ( -34.08415610014052500, -0.5000000000000000000, -19.43947200865860100 ) ) ;
#2150 = LINE ( 'NONE', #835, #1688 ) ;
#2151 = DIRECTION ( 'NONE',  ( 1.000000000000000000, 0.0000000000000000000, -0.0000000000000000000 ) ) ;
#2152 = DIRECTION ( 'NONE',  ( -2.775557561562888800E-014, 0.0000000000000000000, -1.000000000000000000 ) ) ;
#2153 = LINE ( 'NONE', #2098, #1632 ) ;
#2154 = SPHERICAL_SURFACE ( 'NONE', #2075, 0.1000000000000000100 ) ;
#2155 = PRESENTATION_STYLE_ASSIGNMENT (( #1828 ) ) ;
#2156 = SURFACE_STYLE_USAGE ( .BOTH. , #797 ) ;
#2157 = CARTESIAN_POINT ( 'NONE',  ( -43.47415610014051900, 3.200000000000000200, -12.59383544255398100 ) ) ;
#2158 = VECTOR ( 'NONE', #625, 1000.000000000000000 ) ;
#2159 = EDGE_CURVE ( 'NONE', #2007, #1750, #1970, .T. ) ;
#2160 = EDGE_LOOP ( 'NONE', ( #635, #2477, #763, #1067, #2034, #2039, #1675, #1251 ) ) ;
#2161 = ORIENTED_EDGE ( 'NONE', *, *, #1393, .F. ) ;
#2162 = DIRECTION ( 'NONE',  ( 1.000000000000000000, 0.0000000000000000000, 0.0000000000000000000 ) ) ;
#2163 = ORIENTED_EDGE ( 'NONE', *, *, #427, .T. ) ;
#2164 = CARTESIAN_POINT ( 'NONE',  ( -33.98415610014052400, -0.1000000000000000100, -19.33859551404095400 ) ) ;
#2165 = AXIS2_PLACEMENT_3D ( 'NONE', #1109, #329, #1698 ) ;
#2166 = CARTESIAN_POINT ( 'NONE',  ( -55.38415610014052200, -0.6000000000000000900, -19.33423208014557200 ) ) ;
#2167 = EDGE_LOOP ( 'NONE', ( #258, #1671, #702 ) ) ;
#2168 = DIRECTION ( 'NONE',  ( 1.000000000000000000, 0.0000000000000000000, 0.0000000000000000000 ) ) ;
#2169 = CARTESIAN_POINT ( 'NONE',  ( -33.68503259475819100, -0.1000000000000000100, -19.33859551404095400 ) ) ;
#2170 = CARTESIAN_POINT ( 'NONE',  ( -48.55415610014052400, -0.5000000000000000000, -12.84383544255398100 ) ) ;
#2171 = CARTESIAN_POINT ( 'NONE',  ( -33.78015545367746600, -11.00000000000000200, -19.34347265512168000 ) ) ;
#2172 = EDGE_CURVE ( 'NONE', #1135, #1546, #1445, .T. ) ;
#2173 = ORIENTED_EDGE ( 'NONE', *, *, #248, .F. ) ;
#2174 = CARTESIAN_POINT ( 'NONE',  ( -35.35415610014051400, 3.200000000000000200, -12.59383544255398100 ) ) ;
#2175 = AXIS2_PLACEMENT_3D ( 'NONE', #1407, #234, #1606 ) ;
#2176 = EDGE_CURVE ( 'NONE', #600, #2002, #409, .T. ) ;
#2177 = CIRCLE ( 'NONE', #1520, 0.1000000000000017000 ) ;
#2178 = CARTESIAN_POINT ( 'NONE',  ( -54.98415610014052400, 0.0000000000000000000, -10.24034850327625000 ) ) ;
#2179 = FACE_OUTER_BOUND ( 'NONE', #1966, .T. ) ;
#2180 = VECTOR ( 'NONE', #1375, 1000.000000000000000 ) ;
#2181 = LINE ( 'NONE', #1489, #618 ) ;
#2182 = ORIENTED_EDGE ( 'NONE', *, *, #115, .F. ) ;
#2183 = CARTESIAN_POINT ( 'NONE',  ( -48.05415610014016900, 3.200000000000000200, 1.333770763282674700E-012 ) ) ;
#2184 = CARTESIAN_POINT ( 'NONE',  ( -33.68503259475818400, -0.1000000000000000100, -10.24034850327625000 ) ) ;
#2185 = CYLINDRICAL_SURFACE ( 'NONE', #1988, 0.09999999999999939500 ) ;
#2186 =( BOUNDED_CURVE ( )  B_SPLINE_CURVE ( 3, ( #954, #2526, #1349, #170 ),
 .UNSPECIFIED., .F., .F. ) 
 B_SPLINE_CURVE_WITH_KNOTS ( ( 4, 4 ),
 ( 8.366567936504114900E-015, 1.562069680534919000 ),
 .UNSPECIFIED. ) 
 CURVE ( )  GEOMETRIC_REPRESENTATION_ITEM ( )  RATIONAL_B_SPLINE_CURVE ( ( 1.000000000000000000, 0.8067902504155268800, 0.8067902504155268800, 1.000000000000000000 ) ) 
 REPRESENTATION_ITEM ( '' )  );
#2187 = VECTOR ( 'NONE', #894, 1000.000000000000000 ) ;
#2188 = LINE ( 'NONE', #715, #1664 ) ;
#2189 = EDGE_CURVE ( 'NONE', #513, #2433, #2429, .T. ) ;
#2190 = DIRECTION ( 'NONE',  ( 1.000000000000000000, 0.0000000000000000000, 0.0000000000000000000 ) ) ;
#2191 = VERTEX_POINT ( 'NONE', #1480 ) ;
#2192 = VECTOR ( 'NONE', #350, 1000.000000000000000 ) ;
#2193 = MECHANICAL_DESIGN_GEOMETRIC_PRESENTATION_REPRESENTATION (  '', ( #1666 ), #2322 ) ;
#2194 = ORIENTED_EDGE ( 'NONE', *, *, #1590, .F. ) ;
#2195 = DIRECTION ( 'NONE',  ( -1.000000000000000000, 0.0000000000000000000, 2.775557561562888800E-014 ) ) ;
#2196 = CARTESIAN_POINT ( 'NONE',  ( -54.98415610014052400, 0.0000000000000000000, -19.43947200865860100 ) ) ;
#2197 = ORIENTED_EDGE ( 'NONE', *, *, #64, .T. ) ;
#2198 = VERTEX_POINT ( 'NONE', #1870 ) ;
#2199 = DIRECTION ( 'NONE',  ( 0.0000000000000000000, -0.0000000000000000000, 1.000000000000000000 ) ) ;
#2200 = ORIENTED_EDGE ( 'NONE', *, *, #965, .T. ) ;
#2201 = ORIENTED_EDGE ( 'NONE', *, *, #1415, .T. ) ;
#2202 = AXIS2_PLACEMENT_3D ( 'NONE', #2058, #621, #1794 ) ;
#2203 = ORIENTED_EDGE ( 'NONE', *, *, #352, .T. ) ;
#2204 = DIRECTION ( 'NONE',  ( 1.000000000000000000, 0.0000000000000000000, 0.0000000000000000000 ) ) ;
#2205 = CARTESIAN_POINT ( 'NONE',  ( 0.0000000000000000000, 3.200000000000000200, 0.0000000000000000000 ) ) ;
#2206 = PLANE ( 'NONE',  #423 ) ;
#2207 = ORIENTED_EDGE ( 'NONE', *, *, #2310, .T. ) ;
#2208 = DIRECTION ( 'NONE',  ( 0.0000000000000000000, -0.0000000000000000000, 1.000000000000000000 ) ) ;
#2209 = EDGE_CURVE ( 'NONE', #2474, #1849, #1390, .T. ) ;
#2210 = CARTESIAN_POINT ( 'NONE',  ( -33.68503259475818400, -0.1000000000000000500, -10.24034850327625000 ) ) ;
#2211 = AXIS2_PLACEMENT_3D ( 'NONE', #395, #1767, #585 ) ;
#2212 = AXIS2_PLACEMENT_3D ( 'NONE', #2293, #1126, #2494 ) ;
#2213 = FACE_OUTER_BOUND ( 'NONE', #2167, .T. ) ;
#2214 = ORIENTED_EDGE ( 'NONE', *, *, #209, .F. ) ;
#2215 = VECTOR ( 'NONE', #53, 1000.000000000000000 ) ;
#2216 = PLANE ( 'NONE',  #1878 ) ;
#2217 = LINE ( 'NONE', #223, #650 ) ;
#2218 = MANIFOLD_SOLID_BREP ( 'Verrundung1', #2536 ) ;
#2219 = CARTESIAN_POINT ( 'NONE',  ( -38.39415610014052000, 3.200000000000000200, -12.59383544255398100 ) ) ;
#2220 = ORIENTED_EDGE ( 'NONE', *, *, #736, .F. ) ;
#2221 = LINE ( 'NONE', #856, #596 ) ;
#2222 = ORIENTED_EDGE ( 'NONE', *, *, #529, .F. ) ;
#2223 = EDGE_LOOP ( 'NONE', ( #1680, #874, #302, #1641, #381 ) ) ;
#2224 = EDGE_CURVE ( 'NONE', #2245, #1920, #2188, .T. ) ;
#2225 = ADVANCED_FACE ( 'NONE', ( #623 ), #2118, .T. ) ;
#2226 = VERTEX_POINT ( 'NONE', #2484 ) ;
#2227 = ORIENTED_EDGE ( 'NONE', *, *, #1985, .F. ) ;
#2228 = ORIENTED_EDGE ( 'NONE', *, *, #1239, .F. ) ;
#2229 = CARTESIAN_POINT ( 'NONE',  ( -53.13415610014051500, -0.5000000000000000000, -12.59383544255398100 ) ) ;
#2230 = EDGE_CURVE ( 'NONE', #854, #1369, #1841, .T. ) ;
#2231 = EDGE_CURVE ( 'NONE', #1432, #758, #1149, .T. ) ;
#2232 = ADVANCED_FACE ( 'NONE', ( #561 ), #1078, .T. ) ;
#2233 = ORIENTED_EDGE ( 'NONE', *, *, #111, .F. ) ;
#2234 = EDGE_CURVE ( 'NONE', #2470, #1595, #92, .T. ) ;
#2235 = ADVANCED_FACE ( 'NONE', ( #1021 ), #1506, .F. ) ;
#2236 = VERTEX_POINT ( 'NONE', #330 ) ;
#2237 = EDGE_CURVE ( 'NONE', #1250, #413, #2373, .T. ) ;
#2238 = DIRECTION ( 'NONE',  ( 0.0000000000000000000, 0.0000000000000000000, 1.000000000000000000 ) ) ;
#2239 = ADVANCED_FACE ( 'NONE', ( #1541 ), #962, .T. ) ;
#2240 = FACE_OUTER_BOUND ( 'NONE', #1885, .T. ) ;
#2241 = DIRECTION ( 'NONE',  ( -1.000000000000000000, 0.0000000000000000000, -3.469446951953515100E-014 ) ) ;
#2242 = LINE ( 'NONE', #2324, #1722 ) ;
#2243 = LINE ( 'NONE', #199, #2180 ) ;
#2244 = VECTOR ( 'NONE', #496, 1000.000000000000000 ) ;
#2245 = VERTEX_POINT ( 'NONE', #1519 ) ;
#2246 = CARTESIAN_POINT ( 'NONE',  ( -33.68503259475819100, -0.1000000000000000200, -19.33859551404095000 ) ) ;
#2247 = FACE_OUTER_BOUND ( 'NONE', #908, .T. ) ;
#2248 = LINE ( 'NONE', #2042, #1213 ) ;
#2249 = DIRECTION ( 'NONE',  ( 0.0000000000000000000, 0.0000000000000000000, -1.000000000000000000 ) ) ;
#2250 = ADVANCED_FACE ( 'NONE', ( #433 ), #2460, .T. ) ;
#2251 = LINE ( 'NONE', #154, #376 ) ;
#2252 = DIRECTION ( 'NONE',  ( -2.775557561562888800E-014, 0.0000000000000000000, -1.000000000000000000 ) ) ;
#2253 = CARTESIAN_POINT ( 'NONE',  ( -38.39415610014052000, -0.5000000000000000000, -12.84383544255398100 ) ) ;
#2254 = FACE_OUTER_BOUND ( 'NONE', #222, .T. ) ;
#2255 = ORIENTED_EDGE ( 'NONE', *, *, #1771, .T. ) ;
#2256 = ADVANCED_FACE ( 'NONE', ( #495 ), #942, .F. ) ;
#2257 = ORIENTED_EDGE ( 'NONE', *, *, #1473, .T. ) ;
#2258 = EDGE_CURVE ( 'NONE', #261, #155, #1472, .T. ) ;
#2259 = ORIENTED_EDGE ( 'NONE', *, *, #388, .F. ) ;
#2260 = DIRECTION ( 'NONE',  ( 1.000000000000000000, 0.0000000000000000000, 0.0000000000000000000 ) ) ;
#2261 = ORIENTED_EDGE ( 'NONE', *, *, #313, .T. ) ;
#2262 = DIRECTION ( 'NONE',  ( 0.0000000000000000000, 0.0000000000000000000, -1.000000000000000000 ) ) ;
#2263 = VERTEX_POINT ( 'NONE', #1727 ) ;
#2264 = ORIENTED_EDGE ( 'NONE', *, *, #1890, .F. ) ;
#2265 = PLANE ( 'NONE',  #1609 ) ;
#2266 = CARTESIAN_POINT ( 'NONE',  ( -34.08415610014052500, -0.6000000000000000900, -10.24471193717162800 ) ) ;
#2267 = AXIS2_PLACEMENT_3D ( 'NONE', #1889, #1313, #129 ) ;
#2268 = ORIENTED_EDGE ( 'NONE', *, *, #612, .F. ) ;
#2269 = CARTESIAN_POINT ( 'NONE',  ( -35.85415610014052100, 3.200000000000000200, 0.0000000000000000000 ) ) ;
#2270 = ADVANCED_FACE ( 'NONE', ( #1417 ), #743, .F. ) ;
#2271 = FILL_AREA_STYLE_COLOUR ( '', #1471 ) ;
#2272 = CARTESIAN_POINT ( 'NONE',  ( 0.0000000000000000000, -0.5000000000000000000, -12.59383544255398100 ) ) ;
#2273 = CARTESIAN_POINT ( 'NONE',  ( -48.55415610014052400, 3.200000000000000200, 0.0000000000000000000 ) ) ;
#2274 = PRODUCT_RELATED_PRODUCT_CATEGORY ( 'part', '', ( #1302 ) ) ;
#2275 = SPHERICAL_SURFACE ( 'NONE', #761, 0.1000000000000000100 ) ;
#2276 = FILL_AREA_STYLE_COLOUR ( '', #346 ) ;
#2277 = DIRECTION ( 'NONE',  ( -1.000000000000000000, 0.0000000000000000000, 0.0000000000000000000 ) ) ;
#2278 =( LENGTH_UNIT ( ) NAMED_UNIT ( * ) SI_UNIT ( .MILLI., .METRE. ) );
#2279 = VECTOR ( 'NONE', #578, 1000.000000000000000 ) ;
#2280 = CARTESIAN_POINT ( 'NONE',  ( -54.98415610014052400, -0.1000000000000000100, -19.33859551404095000 ) ) ;
#2281 = CIRCLE ( 'NONE', #1914, 0.09999999999999939500 ) ;
#2282 = ORIENTED_EDGE ( 'NONE', *, *, #2043, .F. ) ;
#2283 = VECTOR ( 'NONE', #47, 1000.000000000000000 ) ;
#2284 = ORIENTED_EDGE ( 'NONE', *, *, #642, .F. ) ;
#2285 = ORIENTED_EDGE ( 'NONE', *, *, #51, .T. ) ;
#2286 = ORIENTED_EDGE ( 'NONE', *, *, #1217, .F. ) ;
#2287 = ORIENTED_EDGE ( 'NONE', *, *, #772, .T. ) ;
#2288 = DIRECTION ( 'NONE',  ( 1.000000000000000000, -0.0000000000000000000, -0.0000000000000000000 ) ) ;
#2289 = ORIENTED_EDGE ( 'NONE', *, *, #882, .T. ) ;
#2290 = EDGE_CURVE ( 'NONE', #1679, #911, #1280, .T. ) ;
#2291 = DIRECTION ( 'NONE',  ( 0.0000000000000000000, -0.0000000000000000000, 1.000000000000000000 ) ) ;
#2292 = CARTESIAN_POINT ( 'NONE',  ( -54.88415610014051500, -0.5005114662397961400, -19.39327664123229400 ) ) ;
#2293 = CARTESIAN_POINT ( 'NONE',  ( -33.98415610014052400, -0.1000000000000000100, -10.24034850327624800 ) ) ;
#2294 = PRESENTATION_LAYER_ASSIGNMENT (  '', '', ( #13 ) ) ;
#2295 = PLANE ( 'NONE',  #103 ) ;
#2296 = ORIENTED_EDGE ( 'NONE', *, *, #492, .T. ) ;
#2297 = CARTESIAN_POINT ( 'NONE',  ( -42.97415610014051900, -0.5000000000000000000, -12.84383544255398100 ) ) ;
#2298 = DIRECTION ( 'NONE',  ( -0.008726203243944222500, 0.9999238504775704900, -0.008726203243944236400 ) ) ;
#2299 = VECTOR ( 'NONE', #2545, 1000.000000000000000 ) ;
#2300 = EDGE_CURVE ( 'NONE', #178, #1643, #378, .T. ) ;
#2301 = CARTESIAN_POINT ( 'NONE',  ( -40.43415610014051300, 3.200000000000000200, -12.59383544255398100 ) ) ;
#2302 = CIRCLE ( 'NONE', #1980, 0.3869133972942893600 ) ;
#2303 = VECTOR ( 'NONE', #180, 1000.000000000000000 ) ;
#2304 = LINE ( 'NONE', #2045, #276 ) ;
#2305 = ORIENTED_EDGE ( 'NONE', *, *, #1023, .F. ) ;
#2306 = CARTESIAN_POINT ( 'NONE',  ( -55.38415610014053700, 0.0000000000000000000, -10.13947200865860100 ) ) ;
#2307 = DIRECTION ( 'NONE',  ( -0.0000000000000000000, -1.000000000000000000, -0.0000000000000000000 ) ) ;
#2308 = VECTOR ( 'NONE', #2447, 1000.000000000000000 ) ;
#2309 = AXIS2_PLACEMENT_3D ( 'NONE', #637, #1994, #839 ) ;
#2310 = EDGE_CURVE ( 'NONE', #292, #657, #902, .T. ) ;
#2311 = CARTESIAN_POINT ( 'NONE',  ( -33.98444698927220000, -0.6005817754943174600, -19.43423081090631800 ) ) ;
#2312 = DIRECTION ( 'NONE',  ( 0.0000000000000000000, 0.9999619230641713100, -0.008726535498373953800 ) ) ;
#2313 = VECTOR ( 'NONE', #2288, 1000.000000000000000 ) ;
#2314 = CARTESIAN_POINT ( 'NONE',  ( -53.63415610014052200, -0.5000000000000000000, -12.84383544255398100 ) ) ;
#2315 = CARTESIAN_POINT ( 'NONE',  ( 0.0000000000000000000, 3.200000000000000200, -12.59383544255398100 ) ) ;
#2316 = ORIENTED_EDGE ( 'NONE', *, *, #682, .F. ) ;
#2317 = EDGE_CURVE ( 'NONE', #235, #1037, #831, .T. ) ;
#2318 = CARTESIAN_POINT ( 'NONE',  ( 0.0000000000000000000, 3.200000000000000200, -12.59383544255398100 ) ) ;
#2319 = ORIENTED_EDGE ( 'NONE', *, *, #772, .F. ) ;
#2320 = ORIENTED_EDGE ( 'NONE', *, *, #1732, .T. ) ;
#2321 = ORIENTED_EDGE ( 'NONE', *, *, #512, .F. ) ;
#2322 =( GEOMETRIC_REPRESENTATION_CONTEXT ( 3 ) GLOBAL_UNCERTAINTY_ASSIGNED_CONTEXT ( ( #1987 ) ) GLOBAL_UNIT_ASSIGNED_CONTEXT ( ( #81, #1456, #283 ) ) REPRESENTATION_CONTEXT ( 'NONE', 'WORKASPACE' ) );
#2323 = DIRECTION ( 'NONE',  ( 0.0000000000000000000, -0.008726535498373953800, -0.9999619230641713100 ) ) ;
#2324 = CARTESIAN_POINT ( 'NONE',  ( 0.0000000000000000000, -0.5000000000000000000, -12.59383544255398100 ) ) ;
#2325 = DIRECTION ( 'NONE',  ( 1.000000000000000000, 0.0000000000000000000, -1.734723475976757600E-014 ) ) ;
#2326 = ORIENTED_EDGE ( 'NONE', *, *, #2037, .T. ) ;
#2327 = FILL_AREA_STYLE ('',( #2126 ) ) ;
#2328 = SURFACE_SIDE_STYLE ('',( #1812 ) ) ;
#2329 = AXIS2_PLACEMENT_3D ( 'NONE', #2505, #2298, #733 ) ;
#2330 = AXIS2_PLACEMENT_3D ( 'NONE', #953, #2323, #1157 ) ;
#2331 = DIRECTION ( 'NONE',  ( 0.0000000000000000000, 0.0000000000000000000, 1.000000000000000000 ) ) ;
#2332 = DIRECTION ( 'NONE',  ( 0.0000000000000000000, 0.9999619230641713100, -0.008726535498374267700 ) ) ;
#2333 = LINE ( 'NONE', #1016, #1179 ) ;
#2334 = DIRECTION ( 'NONE',  ( -0.0000000000000000000, 0.0000000000000000000, -1.000000000000000000 ) ) ;
#2335 = EDGE_CURVE ( 'NONE', #636, #513, #1935, .T. ) ;
#2336 = FACE_OUTER_BOUND ( 'NONE', #1218, .T. ) ;
#2337 = VECTOR ( 'NONE', #1150, 1000.000000000000000 ) ;
#2338 = CARTESIAN_POINT ( 'NONE',  ( -33.58503640245177000, -0.1008726535498374300, -19.33859551404095000 ) ) ;
#2339 = CARTESIAN_POINT ( 'NONE',  ( -43.47415610014051900, -0.5000000000000000000, -12.84383544255398100 ) ) ;
#2340 = ORIENTED_EDGE ( 'NONE', *, *, #601, .F. ) ;
#2341 = CARTESIAN_POINT ( 'NONE',  ( -54.98415610014052400, -0.09999999999999999200, -10.24034850327625000 ) ) ;
#2342 = LINE ( 'NONE', #1804, #1818 ) ;
#2343 = AXIS2_PLACEMENT_3D ( 'NONE', #779, #1560, #385 ) ;
#2344 = AXIS2_PLACEMENT_3D ( 'NONE', #2390, #1036, #1428 ) ;
#2345 = ORIENTED_EDGE ( 'NONE', *, *, #1915, .F. ) ;
#2346 = DIRECTION ( 'NONE',  ( 0.0000000000000000000, 0.9999619230641713100, -0.008726535498373953800 ) ) ;
#2347 = DIRECTION ( 'NONE',  ( -0.0000000000000000000, -1.000000000000000000, -0.0000000000000000000 ) ) ;
#2348 = ORIENTED_EDGE ( 'NONE', *, *, #834, .T. ) ;
#2349 = ORIENTED_EDGE ( 'NONE', *, *, #1732, .F. ) ;
#2350 = ORIENTED_EDGE ( 'NONE', *, *, #2159, .F. ) ;
#2351 = PLANE ( 'NONE',  #1130 ) ;
#2352 = ORIENTED_EDGE ( 'NONE', *, *, #2209, .F. ) ;
#2353 = CARTESIAN_POINT ( 'NONE',  ( -33.78015545367746600, -11.00000000000000200, -19.43947200865860100 ) ) ;
#2354 = ORIENTED_EDGE ( 'NONE', *, *, #1808, .T. ) ;
#2355 = CARTESIAN_POINT ( 'NONE',  ( -53.63415610014052200, -0.5000000000000000000, -12.59383544255398100 ) ) ;
#2356 =( NAMED_UNIT ( * ) PLANE_ANGLE_UNIT ( ) SI_UNIT ( $, .RADIAN. ) );
#2357 = DIRECTION ( 'NONE',  ( -0.0000000000000000000, -0.0000000000000000000, -1.000000000000000000 ) ) ;
#2358 = EDGE_CURVE ( 'NONE', #1880, #762, #845, .T. ) ;
#2359 = CARTESIAN_POINT ( 'NONE',  ( -33.58503640245177000, -0.1008726535498374300, -19.43947200865860100 ) ) ;
#2360 = DIRECTION ( 'NONE',  ( 0.0000000000000000000, 1.761828530288955400E-015, 1.000000000000000000 ) ) ;
#2361 = EDGE_CURVE ( 'NONE', #237, #1879, #1361, .T. ) ;
#2362 = EDGE_CURVE ( 'NONE', #1403, #443, #1299, .T. ) ;
#2363 = CARTESIAN_POINT ( 'NONE',  ( -33.58414848576817500, 0.0008725206505955814200, -19.33948343072454500 ) ) ;
#2364 = DIRECTION ( 'NONE',  ( -1.000000000000000000, 0.0000000000000000000, -3.469446951953515100E-014 ) ) ;
#2365 = DIRECTION ( 'NONE',  ( -0.008726203243944047300, 0.9999238504775704900, 0.008726203243943506100 ) ) ;
#2366 = FACE_OUTER_BOUND ( 'NONE', #1256, .T. ) ;
#2367 = EDGE_CURVE ( 'NONE', #657, #237, #250, .T. ) ;
#2368 = VECTOR ( 'NONE', #611, 1000.000000000000000 ) ;
#2369 = LINE ( 'NONE', #2538, #2303 ) ;
#2370 = FACE_OUTER_BOUND ( 'NONE', #15, .T. ) ;
#2371 = CARTESIAN_POINT ( 'NONE',  ( -34.08415610014052500, 0.0008726535498374725700, -10.23946820096501800 ) ) ;
#2372 = LINE ( 'NONE', #464, #815 ) ;
#2373 = LINE ( 'NONE', #1707, #2529 ) ;
#2374 = EDGE_CURVE ( 'NONE', #911, #1053, #365, .T. ) ;
#2375 = ORIENTED_EDGE ( 'NONE', *, *, #1447, .F. ) ;
#2376 = DIRECTION ( 'NONE',  ( -0.008726203243944047300, -0.9999238504775704900, 0.008726203243943641400 ) ) ;
#2377 = CARTESIAN_POINT ( 'NONE',  ( 0.0000000000000000000, -0.5000000000000000000, -12.84383544255398100 ) ) ;
#2378 = ORIENTED_EDGE ( 'NONE', *, *, #1521, .F. ) ;
#2379 = UNCERTAINTY_MEASURE_WITH_UNIT (LENGTH_MEASURE( 1.000000000000000100E-005 ), #1718, 'distance_accuracy_value', 'NONE');
#2380 = FACE_OUTER_BOUND ( 'NONE', #913, .T. ) ;
#2381 = DIRECTION ( 'NONE',  ( 1.000000000000000000, 0.0000000000000000000, 0.0000000000000000000 ) ) ;
#2382 = AXIS2_PLACEMENT_3D ( 'NONE', #2164, #989, #2360 ) ;
#2383 = ORIENTED_EDGE ( 'NONE', *, *, #1181, .F. ) ;
#2384 = DIRECTION ( 'NONE',  ( -0.0000000000000000000, 0.0000000000000000000, -1.000000000000000000 ) ) ;
#2385 = VERTEX_POINT ( 'NONE', #1027 ) ;
#2386 = ORIENTED_EDGE ( 'NONE', *, *, #94, .T. ) ;
#2387 = DIRECTION ( 'NONE',  ( 6.938893903907270000E-014, 0.0000000000000000000, -1.000000000000000000 ) ) ;
#2388 = EDGE_CURVE ( 'NONE', #214, #1029, #1759, .T. ) ;
#2389 = EDGE_LOOP ( 'NONE', ( #384, #1953, #1616, #2068 ) ) ;
#2390 = CARTESIAN_POINT ( 'NONE',  ( -33.68503259475819100, -0.1000000000000000300, -19.33859551404095000 ) ) ;
#2391 = DIRECTION ( 'NONE',  ( 0.0000000000000000000, -0.0000000000000000000, -1.000000000000000000 ) ) ;
#2392 = VERTEX_POINT ( 'NONE', #1623 ) ;
#2393 = AXIS2_PLACEMENT_3D ( 'NONE', #910, #2277, #2072 ) ;
#2394 = DIRECTION ( 'NONE',  ( 0.0000000000000000000, 1.000000000000000000, 0.0000000000000000000 ) ) ;
#2395 = VECTOR ( 'NONE', #1002, 1000.000000000000000 ) ;
#2396 = CARTESIAN_POINT ( 'NONE',  ( -34.08415610014052500, -0.5005114662397942600, -10.18566737608491100 ) ) ;
#2397 = CARTESIAN_POINT ( 'NONE',  ( -48.05415610014051700, 3.200000000000000200, -12.59383544255398100 ) ) ;
#2398 = DIRECTION ( 'NONE',  ( 1.000000000000000000, 0.0000000000000000000, -0.0000000000000000000 ) ) ;
#2399 = FACE_OUTER_BOUND ( 'NONE', #1310, .T. ) ;
#2400 = VECTOR ( 'NONE', #2522, 1000.000000000000000 ) ;
#2401 = CARTESIAN_POINT ( 'NONE',  ( -35.85415610014052100, 3.200000000000000200, -12.84383544255398100 ) ) ;
#2402 = ORIENTED_EDGE ( 'NONE', *, *, #20, .F. ) ;
#2403 = VECTOR ( 'NONE', #421, 1000.000000000000000 ) ;
#2404 = VERTEX_POINT ( 'NONE', #1810 ) ;
#2405 = DIRECTION ( 'NONE',  ( 1.000000000000000000, 0.0000000000000000000, 0.0000000000000000000 ) ) ;
#2406 = CARTESIAN_POINT ( 'NONE',  ( -55.18815674660360300, -11.00000000000000200, -19.24347265512168200 ) ) ;
#2407 = ORIENTED_EDGE ( 'NONE', *, *, #691, .T. ) ;
#2408 = CARTESIAN_POINT ( 'NONE',  ( -33.68015545367745000, -11.00000000000000200, -10.33547136219552000 ) ) ;
#2409 = ORIENTED_EDGE ( 'NONE', *, *, #609, .F. ) ;
#2410 = EDGE_CURVE ( 'NONE', #2541, #165, #189, .T. ) ;
#2411 = ORIENTED_EDGE ( 'NONE', *, *, #492, .F. ) ;
#2412 = ORIENTED_EDGE ( 'NONE', *, *, #2011, .F. ) ;
#2413 = ORIENTED_EDGE ( 'NONE', *, *, #2031, .T. ) ;
#2414 = CARTESIAN_POINT ( 'NONE',  ( -54.98415610014052400, -0.1000000000000000100, -19.33859551404095400 ) ) ;
#2415 = DIRECTION ( 'NONE',  ( -1.000000000000000000, 0.0000000000000000000, 2.775557561562888800E-014 ) ) ;
#2416 = EDGE_CURVE ( 'NONE', #17, #836, #1237, .T. ) ;
#2417 = ADVANCED_FACE ( 'NONE', ( #120 ), #1634, .T. ) ;
#2418 = DIRECTION ( 'NONE',  ( 0.9999619230641713100, -0.008726535498373953800, -7.460892142031533600E-016 ) ) ;
#2419 = DIRECTION ( 'NONE',  ( 0.0000000000000000000, -0.0000000000000000000, 1.000000000000000000 ) ) ;
#2420 = AXIS2_PLACEMENT_3D ( 'NONE', #1496, #726, #334 ) ;
#2421 = AXIS2_PLACEMENT_3D ( 'NONE', #375, #1753, #573 ) ;
#2422 = LINE ( 'NONE', #493, #1900 ) ;
#2423 = ADVANCED_FACE ( 'NONE', ( #713 ), #2216, .F. ) ;
#2424 = LINE ( 'NONE', #1517, #928 ) ;
#2425 = CARTESIAN_POINT ( 'NONE',  ( -54.98415610014052400, -0.1000000000000000100, -19.33859551404095000 ) ) ;
#2426 = CARTESIAN_POINT ( 'NONE',  ( -34.08415610014052500, -0.09999999999999999200, -19.43947200865860100 ) ) ;
#2427 = CYLINDRICAL_SURFACE ( 'NONE', #1343, 0.09999999999999939500 ) ;
#2428 = PRESENTATION_STYLE_ASSIGNMENT (( #1269 ) ) ;
#2429 = LINE ( 'NONE', #300, #873 ) ;
#2430 = EDGE_LOOP ( 'NONE', ( #1518, #1944, #729, #572 ) ) ;
#2431 = SURFACE_STYLE_FILL_AREA ( #1500 ) ;
#2432 = ADVANCED_FACE ( 'NONE', ( #649 ), #2008, .T. ) ;
#2433 = VERTEX_POINT ( 'NONE', #58 ) ;
#2434 = EDGE_CURVE ( 'NONE', #1679, #235, #1019, .T. ) ;
#2435 = FACE_OUTER_BOUND ( 'NONE', #794, .T. ) ;
#2436 = DIRECTION ( 'NONE',  ( 0.0000000000000000000, -0.0000000000000000000, 1.000000000000000000 ) ) ;
#2437 = ORIENTED_EDGE ( 'NONE', *, *, #1239, .T. ) ;
#2438 = SURFACE_SIDE_STYLE ('',( #1969 ) ) ;
#2439 = ADVANCED_FACE ( 'NONE', ( #1967 ), #2498, .T. ) ;
#2440 = EDGE_CURVE ( 'NONE', #178, #2541, #2021, .T. ) ;
#2441 = ORIENTED_EDGE ( 'NONE', *, *, #745, .F. ) ;
#2442 = EDGE_LOOP ( 'NONE', ( #1487, #366, #19, #972, #1774 ) ) ;
#2443 = DIRECTION ( 'NONE',  ( 0.0000000000000000000, 0.0000000000000000000, -1.000000000000000000 ) ) ;
#2444 = CARTESIAN_POINT ( 'NONE',  ( -33.98415610014052400, -0.6008726535498374300, -10.14471574486521100 ) ) ;
#2445 = CARTESIAN_POINT ( 'NONE',  ( -40.43415610014016400, -0.5000000000000000000, 1.122273277091582400E-012 ) ) ;
#2446 = ADVANCED_FACE ( 'NONE', ( #1508 ), #408, .T. ) ;
#2447 = DIRECTION ( 'NONE',  ( -1.000000000000000000, 0.0000000000000000000, 0.0000000000000000000 ) ) ;
#2448 = DIRECTION ( 'NONE',  ( 1.000000000000000000, 0.0000000000000000000, -0.0000000000000000000 ) ) ;
#2449 = ORIENTED_EDGE ( 'NONE', *, *, #2471, .F. ) ;
#2450 = EDGE_CURVE ( 'NONE', #1093, #1766, #932, .T. ) ;
#2451 = UNCERTAINTY_MEASURE_WITH_UNIT (LENGTH_MEASURE( 1.000000000000000100E-005 ), #654, 'distance_accuracy_value', 'NONE');
#2452 = ADVANCED_FACE ( 'NONE', ( #1444 ), #69, .T. ) ;
#2453 = DIRECTION ( 'NONE',  ( -1.000000000000000000, 0.0000000000000000000, -0.0000000000000000000 ) ) ;
#2454 = DIRECTION ( 'NONE',  ( 0.0000000000000000000, 0.0000000000000000000, -1.000000000000000000 ) ) ;
#2455 = LINE ( 'NONE', #802, #430 ) ;
#2456 = ADVANCED_FACE ( 'NONE', ( #1271 ), #668, .F. ) ;
#2457 = AXIS2_PLACEMENT_3D ( 'NONE', #140, #1716, #1320 ) ;
#2458 = AXIS2_PLACEMENT_3D ( 'NONE', #168, #1542, #369 ) ;
#2459 = VECTOR ( 'NONE', #1923, 1000.000000000000000 ) ;
#2460 = CYLINDRICAL_SURFACE ( 'NONE', #2457, 0.09999999999999996400 ) ;
#2461 = CARTESIAN_POINT ( 'NONE',  ( -42.97415610014016400, -0.5000000000000000000, 1.192772439155279900E-012 ) ) ;
#2462 = CARTESIAN_POINT ( 'NONE',  ( -53.44427346570418500, -2.115961778766809700, -19.32100248212642800 ) ) ;
#2463 = PLANE ( 'NONE',  #2123 ) ;
#2464 = ORIENTED_EDGE ( 'NONE', *, *, #1683, .F. ) ;
#2465 = DIRECTION ( 'NONE',  ( 1.000000000000000000, 0.0000000000000000000, 0.0000000000000000000 ) ) ;
#2466 = LINE ( 'NONE', #1596, #2403 ) ;
#2467 = ORIENTED_EDGE ( 'NONE', *, *, #1217, .T. ) ;
#2468 = CARTESIAN_POINT ( 'NONE',  ( -55.18815674660360300, -11.00000000000000200, -19.24347265512168200 ) ) ;
#2469 = ORIENTED_EDGE ( 'NONE', *, *, #1655, .T. ) ;
#2470 = VERTEX_POINT ( 'NONE', #2253 ) ;
#2471 = EDGE_CURVE ( 'NONE', #1674, #1161, #2248, .T. ) ;
#2472 = ORIENTED_EDGE ( 'NONE', *, *, #1226, .T. ) ;
#2473 = DIRECTION ( 'NONE',  ( 0.0000000000000000000, -0.0000000000000000000, 1.000000000000000000 ) ) ;
#2474 = VERTEX_POINT ( 'NONE', #1279 ) ;
#2475 = FILL_AREA_STYLE ('',( #2276 ) ) ;
#2476 = ORIENTED_EDGE ( 'NONE', *, *, #1065, .T. ) ;
#2477 = ORIENTED_EDGE ( 'NONE', *, *, #552, .T. ) ;
#2478 = DIRECTION ( 'NONE',  ( -0.0000000000000000000, 0.9999619230641713100, -0.008726535498373953800 ) ) ;
#2479 =( NAMED_UNIT ( * ) SI_UNIT ( $, .STERADIAN. ) SOLID_ANGLE_UNIT ( ) );
#2480 = AXIS2_PLACEMENT_3D ( 'NONE', #787, #2147, #2346 ) ;
#2481 = DIRECTION ( 'NONE',  ( 0.0000000000000000000, 1.000000000000000000, 0.0000000000000000000 ) ) ;
#2482 = ORIENTED_EDGE ( 'NONE', *, *, #2031, .F. ) ;
#2483 = DIRECTION ( 'NONE',  ( 1.000000000000000000, 0.0000000000000000000, 0.0000000000000000000 ) ) ;
#2484 = CARTESIAN_POINT ( 'NONE',  ( -54.98328344659069000, -0.6000000000000000900, -19.43423208014557000 ) ) ;
#2485 = DIRECTION ( 'NONE',  ( 1.000000000000000000, 0.0000000000000000000, 0.0000000000000000000 ) ) ;
#2486 = PLANE ( 'NONE',  #2267 ) ;
#2487 = EDGE_CURVE ( 'NONE', #68, #1053, #226, .T. ) ;
#2488 = CIRCLE ( 'NONE', #2202, 0.1000000000000017000 ) ;
#2489 = CARTESIAN_POINT ( 'NONE',  ( -38.39415610014052000, -0.5000000000000000000, 0.0000000000000000000 ) ) ;
#2490 = EDGE_CURVE ( 'NONE', #968, #1024, #753, .T. ) ;
#2491 = EDGE_CURVE ( 'NONE', #235, #2245, #1729, .T. ) ;
#2492 = CARTESIAN_POINT ( 'NONE',  ( -33.68503259475819100, -0.1000000000000000300, -19.43859551404094800 ) ) ;
#2493 = LINE ( 'NONE', #2157, #1964 ) ;
#2494 = DIRECTION ( 'NONE',  ( 0.0000000000000000000, 0.0000000000000000000, 1.000000000000000000 ) ) ;
#2495 = ORIENTED_EDGE ( 'NONE', *, *, #582, .F. ) ;
#2496 = DIRECTION ( 'NONE',  ( 0.0000000000000000000, 1.000000000000000000, 0.0000000000000000000 ) ) ;
#2497 = FACE_OUTER_BOUND ( 'NONE', #570, .T. ) ;
#2498 = CYLINDRICAL_SURFACE ( 'NONE', #1795, 0.1000000000000028600 ) ;
#2499 = VECTOR ( 'NONE', #488, 1000.000000000000000 ) ;
#2500 = EDGE_LOOP ( 'NONE', ( #2305, #934, #507, #658 ) ) ;
#2501 = VECTOR ( 'NONE', #1895, 1000.000000000000000 ) ;
#2502 = PLANE ( 'NONE',  #809 ) ;
#2503 = ORIENTED_EDGE ( 'NONE', *, *, #399, .F. ) ;
#2504 = ORIENTED_EDGE ( 'NONE', *, *, #2507, .F. ) ;
#2505 = CARTESIAN_POINT ( 'NONE',  ( -55.28416752220646700, 0.001745174200432969200, -19.33948343072454500 ) ) ;
#2506 = LINE ( 'NONE', #2272, #939 ) ;
#2507 = EDGE_CURVE ( 'NONE', #1920, #2404, #680, .T. ) ;
#2508 = CARTESIAN_POINT ( 'NONE',  ( -40.93415610014052000, -0.5000000000000000000, -12.59383544255398100 ) ) ;
#2509 = VERTEX_POINT ( 'NONE', #1863 ) ;
#2510 = EDGE_CURVE ( 'NONE', #1528, #1475, #158, .T. ) ;
#2511 = DIRECTION ( 'NONE',  ( 0.0000000000000000000, -0.9999619230641713100, -0.008726535498373953800 ) ) ;
#2512 = ORIENTED_EDGE ( 'NONE', *, *, #878, .F. ) ;
#2513 = CARTESIAN_POINT ( 'NONE',  ( -35.35415610014051400, 3.200000000000000200, -12.59383544255398100 ) ) ;
#2514 = DIRECTION ( 'NONE',  ( 1.000000000000000000, 0.0000000000000000000, 0.0000000000000000000 ) ) ;
#2515 = AXIS2_PLACEMENT_3D ( 'NONE', #1572, #1450, #270 ) ;
#2516 = AXIS2_PLACEMENT_3D ( 'NONE', #370, #1171, #2539 ) ;
#2517 = VERTEX_POINT ( 'NONE', #1099 ) ;
#2518 = DIRECTION ( 'NONE',  ( 0.0000000000000000000, -0.0000000000000000000, 1.000000000000000000 ) ) ;
#2519 = DIRECTION ( 'NONE',  ( -1.000000000000000000, 0.0000000000000000000, -0.0000000000000000000 ) ) ;
#2520 = CARTESIAN_POINT ( 'NONE',  ( -33.78015545367745900, -11.10000000000000000, -10.23634024113602300 ) ) ;
#2521 = CARTESIAN_POINT ( 'NONE',  ( -33.98473787563484200, -0.6002908891316860500, -10.14471193717162800 ) ) ;
#2522 = DIRECTION ( 'NONE',  ( -0.0000000000000000000, -1.000000000000000000, -0.0000000000000000000 ) ) ;
#2523 = EDGE_CURVE ( 'NONE', #1432, #1919, #1663, .T. ) ;
#2524 = CARTESIAN_POINT ( 'NONE',  ( -55.18815674660361700, -11.10000000000000000, -10.33547136219552000 ) ) ;
#2525 = LINE ( 'NONE', #1763, #958 ) ;
#2526 = CARTESIAN_POINT ( 'NONE',  ( -34.08415610014052500, -0.5005114662397941400, -19.39327664123229400 ) ) ;
#2527 = PLANE ( 'NONE',  #2107 ) ;
#2528 = LINE ( 'NONE', #1321, #960 ) ;
#2529 = VECTOR ( 'NONE', #1129, 1000.000000000000000 ) ;
#2530 = AXIS2_PLACEMENT_3D ( 'NONE', #701, #515, #1886 ) ;
#2531 = AXIS2_PLACEMENT_3D ( 'NONE', #333, #731, #1503 ) ;
#2532 = SURFACE_STYLE_USAGE ( .BOTH. , #1163 ) ;
#2533 =( LENGTH_UNIT ( ) NAMED_UNIT ( * ) SI_UNIT ( .MILLI., .METRE. ) );
#2534 = ORIENTED_EDGE ( 'NONE', *, *, #1097, .F. ) ;
#2535 = VECTOR ( 'NONE', #5, 1000.000000000000000 ) ;
#2536 = CLOSED_SHELL ( 'NONE', ( #1842, #75, #273, #1678, #295, #1050, #1645, #692, #2452, #1660, #459, #2432, #1854, #1639, #482, #2038, #1064, #1253, #1647, #2256, #1268, #895, #2270, #656, #666, #2423, #2044, #2016, #1042, #1081, #263, #1827, #2456, #879, #1255, #267, #93, #2235, #79, #1670, #1832, #2032, #1462, #489, #1434, #471, #885, #1453, #891, #1057, #683, #289, #1474, #2232, #1446, #82, #2250, #99, #860, #71, #475, #2439, #2051, #1466, #455, #871, #1060, #1282, #1071, #2225, #2025, #1260, #2446, #1275, #699, #2417, #863, #282, #672, #1436, #661, #1846, #1457, #1858, #62, #1830, #2239, #1654 ) ) ;
#2537 = DIRECTION ( 'NONE',  ( -0.0000000000000000000, -0.9999619230641714200, -0.008726535498374052600 ) ) ;
#2538 = CARTESIAN_POINT ( 'NONE',  ( -38.39415610014052000, 3.200000000000000200, 0.0000000000000000000 ) ) ;
#2539 = DIRECTION ( 'NONE',  ( 0.0000000000000000000, -0.0000000000000000000, 1.000000000000000000 ) ) ;
#2540 = EDGE_LOOP ( 'NONE', ( #628, #1684, #1334, #766, #664 ) ) ;
#2541 = VERTEX_POINT ( 'NONE', #1295 ) ;
#2542 = ORIENTED_EDGE ( 'NONE', *, *, #2388, .T. ) ;
#2543 = ORIENTED_EDGE ( 'NONE', *, *, #1056, .F. ) ;
#2544 = ORIENTED_EDGE ( 'NONE', *, *, #2234, .F. ) ;
#2545 = DIRECTION ( 'NONE',  ( -0.0000000000000000000, -1.000000000000000000, -0.0000000000000000000 ) ) ;
#2546 = DIRECTION ( 'NONE',  ( -0.0000000000000000000, -1.000000000000000000, -0.0000000000000000000 ) ) ;
#2547 = ORIENTED_EDGE ( 'NONE', *, *, #745, .T. ) ;
#2548 = VERTEX_POINT ( 'NONE', #1483 ) ;
#2549 = DIRECTION ( 'NONE',  ( -0.0000000000000000000, 0.0000000000000000000, -1.000000000000000000 ) ) ;
#2550 = PLANE ( 'NONE',  #2106 ) ;
#2551 = CARTESIAN_POINT ( 'NONE',  ( -54.98415610014052400, -0.1000000000000000100, -10.24034850327624800 ) ) ;
ENDSEC;
END-ISO-10303-21;
